,-6999
105,135,2340,-6999,-6999,-6999,-6999,-6999,-6999,-6999,-6999,-6999
105,135,2350,-6999,-6999,-6999,-6999,-6999,-6999,-6999,-6999,-6999
105,135,2400,-6999,-6999,-6999,-6999,-6999,-6999,-6999,-6999,-6999
105,136,10,-6999,-6999,-6999,-6999,-6999,-6999,-6999,-6999,-6999
105,136,20,-6999,-6999,-6999,-6999,-6999,-6999,-6999,-6999,-6999
105,136,30,-6999,-6999,-6999,-6999,-6999,-6999,-6999,-6999,-6999
105,136,40,-6999,-6999,-6999,-6999,-6999,-6999,-6999,-6999,-6999
105,136,50,-6999,-6999,-6999,-6999,-6999,-6999,-6999,-6999,-6999
105,136,100,-6999,-6999,-6999,-6999,-6999,-6999,-6999,-6999,-6999
105,136,110,-6999,-6999,-6999,-6999,-6999,-6999,-6999,-6999,-6999
105,136,120,-6999,-6999,-6999,-6999,-6999,-6999,-6999,-6999,-6999
105,136,130,-6999,-6999,-6999,-6999,-6999,-6999,-6999,-6999,-6999
105,136,140,-6999,-6999,-6999,-6999,-6999,-6999,-6999,-6999,-6999
105,136,150,-6999,-6999,-6999,-6999,-6999,-6999,-6999,-6999,-6999
105,136,200,-6999,-6999,-6999,-6999,-6999,-6999,-6999,-6999,-6999
105,136,210,-6999,-6999,-6999,-6999,-6999,-6999,-6999,-6999,-6999
105,136,220,-6999,-6999,-6999,-6999,-6999,-6999,-6999,-6999,-6999
105,136,230,-6999,-6999,-6999,-6999,-6999,-6999,-6999,-6999,-6999
105,136,240,-6999,-6999,-6999,-6999,-6999,-6999,-6999,-6999,-6999
105,136,250,-6999,-6999,-6999,-6999,-6999,-6999,-6999,-6999,-6999
105,136,300,-6999,-6999,-6999,-6999,-6999,-6999,-6999,-6999,-6999
105,136,310,-6999,-6999,-6999,-6999,-6999,-6999,-6999,-6999,-6999
105,136,320,-6999,-6999,-6999,-6999,-6999,-6999,-6999,-6999,-6999
105,136,330,-6999,-6999,-6999,-6999,-6999,-6999,-6999,-6999,-6999
105,136,340,-6999,-6999,-6999,-6999,-6999,-6999,-6999,-6999,-6999
105,136,350,-6999,-6999,-6999,-6999,-6999,-6999,-6999,-6999,-6999
105,136,400,-6999,-6999,-6999,-6999,-6999,-6999,-6999,-6999,-6999
105,136,410,-6999,-6999,-6999,-6999,-6999,-6999,-6999,-6999,-6999
105,136,420,-6999,-6999,-6999,-6999,-6999,-6999,-6999,-6999,-6999
105,136,430,-6999,-6999,-6999,-6999,-6999,-6999,-6999,-6999,-6999
105,136,440,-6999,-6999,-6999,-6999,-6999,-6999,-6999,-6999,-6999
105,136,450,-6999,-6999,-6999,-6999,-6999,-6999,-6999,-6999,-6999
105,136,500,-6999,-6999,-6999,-6999,-6999,-6999,-6999,-6999,-6999
105,136,510,-6999,-6999,-6999,-6999,-6999,-6999,-6999,-6999,-6999
105,136,520,-6999,-6999,-6999,-6999,-6999,-6999,-6999,-6999,-6999
105,136,530,-6999,-6999,-6999,-6999,-6999,-6999,-6999,-6999,-6999
105,136,540,-6999,-6999,-6999,-6999,-6999,-6999,-6999,-6999,-6999
105,136,550,-6999,-6999,-6999,-6999,-6999,-6999,-6999,-6999,-6999
105,136,600,-6999,-6999,-6999,-6999,-6999,-6999,-6999,-6999,-6999
105,136,610,-6999,-6999,-6999,-6999,-6999,-6999,-6999,-6999,-6999
105,136,620,-6999,-6999,-6999,-6999,-6999,-6999,-6999,-6999,-6999
105,136,630,-6999,-6999,-6999,-6999,-6999,-6999,-6999,-6999,-6999
105,136,640,-6999,-6999,-6999,-6999,-6999,-6999,-6999,-6999,-6999
105,136,650,-6999,-6999,-6999,-6999,-6999,-6999,-6999,-6999,-6999
105,136,700,-6999,-6999,-6999,-6999,-6999,-6999,-6999,-6999,-6999
105,136,710,-6999,-6999,-6999,-6999,-6999,-6999,-6999,-6999,-6999
105,136,720,-6999,-6999,-6999,-6999,-6999,-6999,-6999,-6999,-6999
105,136,730,-6999,-6999,-6999,-6999,-6999,-6999,-6999,-6999,-6999
105,136,740,-6999,-6999,-6999,-6999,-6999,-6999,-6999,-6999,-6999
105,136,750,-6999,-6999,-6999,-6999,-6999,-6999,-6999,-6999,-6999
105,136,800,-6999,-6999,-6999,-6999,-6999,-6999,-6999,-6999,-6999
105,136,810,-6999,-6999,-6999,-6999,-6999,-6999,-6999,-6999,-6999
105,136,820,-6999,-6999,-6999,-6999,-6999,-6999,-6999,-6999,-6999
105,136,830,-6999,-6999,-6999,-6999,-6999,-6999,-6999,-6999,-6999
105,136,840,-6999,-6999,-6999,-6999,-6999,-6999,-6999,-6999,-6999
105,136,850,-6999,-6999,-6999,-6999,-6999,-6999,-6999,-6999,-6999
105,136,900,-6999,-6999,-6999,-6999,-6999,-6999,-6999,-6999,-6999
105,136,910,-6999,-6999,-6999,-6999,-6999,-6999,-6999,-6999,-6999
105,136,920,-6999,-6999,-6999,-6999,-6999,-6999,-6999,-6999,-6999
105,136,930,-6999,-6999,-6999,-6999,-6999,-6999,-6999,-6999,-6999
105,136,940,-6999,-6999,-6999,-6999,-6999,-6999,-6999,-6999,-6999
105,136,950,-6999,-6999,-6999,-6999,-6999,-6999,-6999,-6999,-6999
105,136,1000,-6999,-6999,-6999,-6999,-6999,-6999,-6999,-6999,-6999
105,136,1010,-6999,-6999,-6999,-6999,-6999,-6999,-6999,-6999,-6999
105,136,1020,-6999,-6999,-6999,-6999,-6999,-6999,-6999,-6999,-6999
105,136,1030,-6999,-6999,-6999,-6999,-6999,-6999,-6999,-6999,-6999
105,136,1040,-6999,-6999,-6999,-6999,-6999,-6999,-6999,-6999,-6999
105,136,1050,-6999,-6999,-6999,-6999,-6999,-6999,-6999,-6999,-6999
105,136,1100,-6999,-6999,-6999,-6999,-6999,-6999,-6999,-6999,-6999
105,136,1110,-6999,-6999,-6999,-6999,-6999,-6999,-6999,-6999,-6999
105,136,1120,-6999,-6999,-6999,-6999,-6999,-6999,-6999,-6999,-6999
105,136,1130,-6999,-6999,-6999,-6999,-6999,-6999,-6999,-6999,-6999
105,136,1140,-6999,-6999,-6999,-6999,-6999,-6999,-6999,-6999,-6999
105,136,1150,-6999,-6999,-6999,-6999,-6999,-6999,-6999,-6999,-6999
105,136,1200,-6999,-6999,-6999,-6999,-6999,-6999,-6999,-6999,-6999
105,136,1210,-6999,-6999,-6999,-6999,-6999,-6999,-6999,-6999,-6999
105,136,1220,-6999,-6999,-6999,-6999,-6999,-6999,-6999,-6999,-6999
105,136,1230,-6999,-6999,-6999,-6999,-6999,-6999,-6999,-6999,-6999
105,136,1240,-6999,-6999,-6999,-6999,-6999,-6999,-6999,-6999,-6999
105,136,1250,-6999,-6999,-6999,-6999,-6999,-6999,-6999,-6999,-6999
105,136,1300,-6999,-6999,-6999,-6999,-6999,-6999,-6999,-6999,-6999
105,136,1310,-6999,-6999,-6999,-6999,-6999,-6999,-6999,-6999,-6999
105,136,1320,-6999,-6999,-6999,-6999,-6999,-6999,-6999,-6999,-6999
105,136,1330,-6999,-6999,-6999,-6999,-6999,-6999,-6999,-6999,-6999
105,136,1340,-6999,-6999,-6999,-6999,-6999,-6999,-6999,-6999,-6999
105,136,1350,-6999,-6999,-6999,-6999,-6999,-6999,-6999,-6999,-6999
105,136,1400,-6999,-6999,-6999,-6999,-6999,-6999,-6999,-6999,-6999
105,136,1410,-6999,-6999,-6999,-6999,-6999,-6999,-6999,-6999,-6999
105,136,1420,-6999,-6999,-6999,-6999,-6999,-6999,-6999,-6999,-6999
105,136,1430,-6999,-6999,-6999,-6999,-6999,-6999,-6999,-6999,-6999
105,136,1440,-6999,-6999,-6999,-6999,-6999,-6999,-6999,-6999,-6999
105,136,1450,-6999,-6999,-6999,-6999,-6999,-6999,-6999,-6999,-6999
105,136,1500,-6999,-6999,-6999,-6999,-6999,-6999,-6999,-6999,-6999
105,136,1510,-6999,-6999,-6999,-6999,-6999,-6999,-6999,-6999,-6999
105,136,1520,-6999,-6999,-6999,-6999,-6999,-6999,-6999,-6999,-6999
105,136,1530,-6999,-6999,-6999,-6999,-6999,-6999,-6999,-6999,-6999
105,136,1540,-6999,-6999,-6999,-6999,-6999,-6999,-6999,-6999,-6999
105,136,1550,-6999,-6999,-6999,-6999,-6999,-6999,-6999,-6999,-6999
105,136,1600,-6999,-6999,-6999,-6999,-6999,-6999,-6999,-6999,-6999
105,136,1610,-6999,-6999,-6999,-6999,-6999,-6999,-6999,-6999,-6999
105,136,1620,-6999,-6999,-6999,-6999,-6999,-6999,-6999,-6999,-6999
105,136,1630,-6999,-6999,-6999,-6999,-6999,-6999,-6999,-6999,-6999
105,136,1640,-6999,-6999,-6999,-6999,-6999,-6999,-6999,-6999,-6999
105,136,1650,-6999,-6999,-6999,-6999,-6999,-6999,-6999,-6999,-6999
105,136,1700,-6999,-6999,-6999,-6999,-6999,-6999,-6999,-6999,-6999
105,136,1710,-6999,-6999,-6999,-6999,-6999,-6999,-6999,-6999,-6999
105,136,1720,-6999,-6999,-6999,-6999,-6999,-6999,-6999,-6999,-6999
105,136,1730,-6999,-6999,-6999,-6999,-6999,-6999,-6999,-6999,-6999
105,136,1740,-6999,-6999,-6999,-6999,-6999,-6999,-6999,-6999,-6999
105,136,1750,-6999,-6999,-6999,-6999,-6999,-6999,-6999,-6999,-6999
105,136,1800,-6999,-6999,-6999,-6999,-6999,-6999,-6999,-6999,-6999
105,136,1810,-6999,-6999,-6999,-6999,-6999,-6999,-6999,-6999,-6999
105,136,1820,-6999,-6999,-6999,-6999,-6999,-6999,-6999,-6999,-6999
105,136,1830,-6999,-6999,-6999,-6999,-6999,-6999,-6999,-6999,-6999
105,136,1840,-6999,-6999,-6999,-6999,-6999,-6999,-6999,-6999,-6999
105,136,1850,-6999,-6999,-6999,-6999,-6999,-6999,-6999,-6999,-6999
105,136,1900,-6999,-6999,-6999,-6999,-6999,-6999,-6999,-6999,-6999
105,136,1910,-6999,-6999,-6999,-6999,-6999,-6999,-6999,-6999,-6999
105,136,1920,-6999,-6999,-6999,-6999,-6999,-6999,-6999,-6999,-6999
105,136,1930,-6999,-6999,-6999,-6999,-6999,-6999,-6999,-6999,-6999
105,136,1940,-6999,-6999,-6999,-6999,-6999,-6999,-6999,-6999,-6999
105,136,1950,-6999,-6999,-6999,-6999,-6999,-6999,-6999,-6999,-6999
105,136,2000,-6999,-6999,-6999,-6999,-6999,-6999,-6999,-6999,-6999
105,136,2010,-6999,-6999,-6999,-6999,-6999,-6999,-6999,-6999,-6999
105,136,2020,-6999,-6999,-6999,-6999,-6999,-6999,-6999,-6999,-6999
105,136,2030,-6999,-6999,-6999,-6999,-6999,-6999,-6999,-6999,-6999
105,136,2040,-6999,-6999,-6999,-6999,-6999,-6999,-6999,-6999,-6999
105,136,2050,-6999,-6999,-6999,-6999,-6999,-6999,-6999,-6999,-6999
105,136,2100,-6999,-6999,-6999,-6999,-6999,-6999,-6999,-6999,-6999
105,136,2110,-6999,-6999,-6999,-6999,-6999,-6999,-6999,-6999,-6999
105,136,2120,-6999,-6999,-6999,-6999,-6999,-6999,-6999,-6999,-6999
105,136,2130,-6999,-6999,-6999,-6999,-6999,-6999,-6999,-6999,-6999
105,136,2140,-6999,-6999,-6999,-6999,-6999,-6999,-6999,-6999,-6999
105,136,2150,-6999,-6999,-6999,-6999,-6999,-6999,-6999,-6999,-6999
105,136,2200,-6999,-6999,-6999,-6999,-6999,-6999,-6999,-6999,-6999
105,136,2210,-6999,-6999,-6999,-6999,-6999,-6999,-6999,-6999,-6999
105,136,2220,-6999,-6999,-6999,-6999,-6999,-6999,-6999,-6999,-6999
105,136,2230,-6999,-6999,-6999,-6999,-6999,-6999,-6999,-6999,-6999
105,136,2240,-6999,-6999,-6999,-6999,-6999,-6999,-6999,-6999,-6999
105,136,2250,-6999,-6999,-6999,-6999,-6999,-6999,-6999,-6999,-6999
105,136,2300,-6999,-6999,-6999,-6999,-6999,-6999,-6999,-6999,-6999
105,136,2310,-6999,-6999,-6999,-6999,-6999,-6999,-6999,-6999,-6999
105,136,2320,-6999,-6999,-6999,-6999,-6999,-6999,-6999,-6999,-6999
105,136,2330,-6999,-6999,-6999,-6999,-6999,-6999,-6999,-6999,-6999
105,136,2340,-6999,-6999,-6999,-6999,-6999,-6999,-6999,-6999,-6999
105,136,2350,-6999,-6999,-6999,-6999,-6999,-6999,-6999,-6999,-6999
105,136,2400,-6999,-6999,-6999,-6999,-6999,-6999,-6999,-6999,-6999
105,137,10,-6999,-6999,-6999,-6999,-6999,-6999,-6999,-6999,-6999
105,137,20,-6999,-6999,-6999,-6999,-6999,-6999,-6999,-6999,-6999
105,137,30,-6999,-6999,-6999,-6999,-6999,-6999,-6999,-6999,-6999
105,137,40,-6999,-6999,-6999,-6999,-6999,-6999,-6999,-6999,-6999
105,137,50,-6999,-6999,-6999,-6999,-6999,-6999,-6999,-6999,-6999
105,137,100,-6999,-6999,-6999,-6999,-6999,-6999,-6999,-6999,-6999
105,137,110,-6999,-6999,-6999,-6999,-6999,-6999,-6999,-6999,-6999
105,137,120,-6999,-6999,-6999,-6999,-6999,-6999,-6999,-6999,-6999
105,137,130,-6999,-6999,-6999,-6999,-6999,-6999,-6999,-6999,-6999
105,137,140,-6999,-6999,-6999,-6999,-6999,-6999,-6999,-6999,-6999
105,137,150,-6999,-6999,-6999,-6999,-6999,-6999,-6999,-6999,-6999
105,137,200,-6999,-6999,-6999,-6999,-6999,-6999,-6999,-6999,-6999
105,137,210,-6999,-6999,-6999,-6999,-6999,-6999,-6999,-6999,-6999
105,137,220,-6999,-6999,-6999,-6999,-6999,-6999,-6999,-6999,-6999
105,137,230,-6999,-6999,-6999,-6999,-6999,-6999,-6999,-6999,-6999
105,137,240,-6999,-6999,-6999,-6999,-6999,-6999,-6999,-6999,-6999
105,137,250,-6999,-6999,-6999,-6999,-6999,-6999,-6999,-6999,-6999
105,137,300,-6999,-6999,-6999,-6999,-6999,-6999,-6999,-6999,-6999
105,137,310,-6999,-6999,-6999,-6999,-6999,-6999,-6999,-6999,-6999
105,137,320,-6999,-6999,-6999,-6999,-6999,-6999,-6999,-6999,-6999
105,137,330,-6999,-6999,-6999,-6999,-6999,-6999,-6999,-6999,-6999
105,137,340,-6999,-6999,-6999,-6999,-6999,-6999,-6999,-6999,-6999
105,137,350,-6999,-6999,-6999,-6999,-6999,-6999,-6999,-6999,-6999
105,137,400,-6999,-6999,-6999,-6999,-6999,-6999,-6999,-6999,-6999
105,137,410,-6999,-6999,-6999,-6999,-6999,-6999,-6999,-6999,-6999
105,137,420,-6999,-6999,-6999,-6999,-6999,-6999,-6999,-6999,-6999
105,137,430,-6999,-6999,-6999,-6999,-6999,-6999,-6999,-6999,-6999
105,137,440,-6999,-6999,-6999,-6999,-6999,-6999,-6999,-6999,-6999
105,137,450,-6999,-6999,-6999,-6999,-6999,-6999,-6999,-6999,-6999
105,137,500,-6999,-6999,-6999,-6999,-6999,-6999,-6999,-6999,-6999
105,137,510,-6999,-6999,-6999,-6999,-6999,-6999,-6999,-6999,-6999
105,137,520,-6999,-6999,-6999,-6999,-6999,-6999,-6999,-6999,-6999
105,137,530,-6999,-6999,-6999,-6999,-6999,-6999,-6999,-6999,-6999
105,137,540,-6999,-6999,-6999,-6999,-6999,-6999,-6999,-6999,-6999
105,137,550,-6999,-6999,-6999,-6999,-6999,-6999,-6999,-6999,-6999
105,137,600,-6999,-6999,-6999,-6999,-6999,-6999,-6999,-6999,-6999
105,137,610,-6999,-6999,-6999,-6999,-6999,-6999,-6999,-6999,-6999
105,137,620,-6999,-6999,-6999,-6999,-6999,-6999,-6999,-6999,-6999
105,137,630,-6999,-6999,-6999,-6999,-6999,-6999,-6999,-6999,-6999
105,137,640,-6999,-6999,-6999,-6999,-6999,-6999,-6999,-6999,-6999
105,137,650,-6999,-6999,-6999,-6999,-6999,-6999,-6999,-6999,-6999
105,137,700,-6999,-6999,-6999,-6999,-6999,-6999,-6999,-6999,-6999
105,137,710,-6999,-6999,-6999,-6999,-6999,-6999,-6999,-6999,-6999
105,137,720,-6999,-6999,-6999,-6999,-6999,-6999,-6999,-6999,-6999
105,137,730,-6999,-6999,-6999,-6999,-6999,-6999,-6999,-6999,-6999
105,137,740,-6999,-6999,-6999,-6999,-6999,-6999,-6999,-6999,-6999
105,137,750,-6999,-6999,-6999,-6999,-6999,-6999,-6999,-6999,-6999
105,137,800,-6999,-6999,-6999,-6999,-6999,-6999,-6999,-6999,-6999
105,137,810,-6999,-6999,-6999,-6999,-6999,-6999,-6999,-6999,-6999
105,137,820,-6999,-6999,-6999,-6999,-6999,-6999,-6999,-6999,-6999
105,137,830,-6999,-6999,-6999,-6999,-6999,-6999,-6999,-6999,-6999
105,137,840,-6999,-6999,-6999,-6999,-6999,-6999,-6999,-6999,-6999
105,137,850,-6999,-6999,-6999,-6999,-6999,-6999,-6999,-6999,-6999
105,137,900,-6999,-6999,-6999,-6999,-6999,-6999,-6999,-6999,-6999
105,137,910,-6999,-6999,-6999,-6999,-6999,-6999,-6999,-6999,-6999
105,137,920,-6999,-6999,-6999,-6999,-6999,-6999,-6999,-6999,-6999
105,137,930,-6999,-6999,-6999,-6999,-6999,-6999,-6999,-6999,-6999
105,137,940,-6999,-6999,-6999,-6999,-6999,-6999,-6999,-6999,-6999
105,137,950,-6999,-6999,-6999,-6999,-6999,-6999,-6999,-6999,-6999
105,137,1000,-6999,-6999,-6999,-6999,-6999,-6999,-6999,-6999,-6999
105,137,1010,-6999,-6999,-6999,-6999,-6999,-6999,-6999,-6999,-6999
105,137,1020,-6999,-6999,-6999,-6999,-6999,-6999,-6999,-6999,-6999
105,137,1030,-6999,-6999,-6999,-6999,-6999,-6999,-6999,-6999,-6999
105,137,1040,-6999,-6999,-6999,-6999,-6999,-6999,-6999,-6999,-6999
105,137,1050,-6999,-6999,-6999,-6999,-6999,-6999,-6999,-6999,-6999
105,137,1100,-6999,-6999,-6999,-6999,-6999,-6999,-6999,-6999,-6999
105,137,1110,-6999,-6999,-6999,-6999,-6999,-6999,-6999,-6999,-6999
105,137,1120,-6999,-6999,-6999,-6999,-6999,-6999,-6999,-6999,-6999
105,137,1130,-6999,-6999,-6999,-6999,-6999,-6999,-6999,-6999,-6999
105,137,1140,-6999,-6999,-6999,-6999,-6999,-6999,-6999,-6999,-6999
105,137,1150,-6999,-6999,-6999,-6999,-6999,-6999,-6999,-6999,-6999
105,137,1200,-6999,-6999,-6999,-6999,-6999,-6999,-6999,-6999,-6999
105,137,1210,-6999,-6999,-6999,-6999,-6999,-6999,-6999,-6999,-6999
105,137,1220,-6999,-6999,-6999,-6999,-6999,-6999,-6999,-6999,-6999
105,137,1230,-6999,-6999,-6999,-6999,-6999,-6999,-6999,-6999,-6999
105,137,1240,-6999,-6999,-6999,-6999,-6999,-6999,-6999,-6999,-6999
105,137,1250,-6999,-6999,-6999,-6999,-6999,-6999,-6999,-6999,-6999
105,137,1300,-6999,-6999,-6999,-6999,-6999,-6999,-6999,-6999,-6999
105,137,1310,-6999,-6999,-6999,-6999,-6999,-6999,-6999,-6999,-6999
105,137,1320,-6999,-6999,-6999,-6999,-6999,-6999,-6999,-6999,-6999
105,137,1330,-6999,-6999,-6999,-6999,-6999,-6999,-6999,-6999,-6999
105,137,1340,-6999,-6999,-6999,-6999,-6999,-6999,-6999,-6999,-6999
105,137,1350,-6999,-6999,-6999,-6999,-6999,-6999,-6999,-6999,-6999
105,137,1400,-6999,-6999,-6999,-6999,-6999,-6999,-6999,-6999,-6999
105,137,1410,-6999,-6999,-6999,-6999,-6999,-6999,-6999,-6999,-6999
105,137,1420,-6999,-6999,-6999,-6999,-6999,-6999,-6999,-6999,-6999
105,137,1430,-6999,-6999,-6999,-6999,-6999,-6999,-6999,-6999,-6999
105,137,1440,-6999,-6999,-6999,-6999,-6999,-6999,-6999,-6999,-6999
105,137,1450,-6999,-6999,-6999,-6999,-6999,-6999,-6999,-6999,-6999
105,137,1500,-6999,-6999,-6999,-6999,-6999,-6999,-6999,-6999,-6999
105,137,1510,-6999,-6999,-6999,-6999,-6999,-6999,-6999,-6999,-6999
105,137,1520,-6999,-6999,-6999,-6999,-6999,-6999,-6999,-6999,-6999
105,137,1530,-6999,-6999,-6999,-6999,-6999,-6999,-6999,-6999,-6999
105,137,1540,-6999,-6999,-6999,-6999,-6999,-6999,-6999,-6999,-6999
105,137,1550,-6999,-6999,-6999,-6999,-6999,-6999,-6999,-6999,-6999
105,137,1600,-6999,-6999,-6999,-6999,-6999,-6999,-6999,-6999,-6999
105,137,1610,-6999,-6999,-6999,-6999,-6999,-6999,-6999,-6999,-6999
105,137,1620,-6999,-6999,-6999,-6999,-6999,-6999,-6999,-6999,-6999
105,137,1630,-6999,-6999,-6999,-6999,-6999,-6999,-6999,-6999,-6999
105,137,1640,-6999,-6999,-6999,-6999,-6999,-6999,-6999,-6999,-6999
105,137,1650,-6999,-6999,-6999,-6999,-6999,-6999,-6999,-6999,-6999
105,137,1700,-6999,-6999,-6999,-6999,-6999,-6999,-6999,-6999,-6999
105,137,1710,-6999,-6999,-6999,-6999,-6999,-6999,-6999,-6999,-6999
105,137,1720,-6999,-6999,-6999,-6999,-6999,-6999,-6999,-6999,-6999
105,137,1730,-6999,-6999,-6999,-6999,-6999,-6999,-6999,-6999,-6999
105,137,1740,-6999,-6999,-6999,-6999,-6999,-6999,-6999,-6999,-6999
105,137,1750,-6999,-6999,-6999,-6999,-6999,-6999,-6999,-6999,-6999
105,137,1800,-6999,-6999,-6999,-6999,-6999,-6999,-6999,-6999,-6999
105,137,1810,-6999,-6999,-6999,-6999,-6999,-6999,-6999,-6999,-6999
105,137,1820,-6999,-6999,-6999,-6999,-6999,-6999,-6999,-6999,-6999
105,137,1830,-6999,-6999,-6999,-6999,-6999,-6999,-6999,-6999,-6999
105,137,1840,-6999,-6999,-6999,-6999,-6999,-6999,-6999,-6999,-6999
105,137,1850,-6999,-6999,-6999,-6999,-6999,-6999,-6999,-6999,-6999
105,137,1900,-6999,-6999,-6999,-6999,-6999,-6999,-6999,-6999,-6999
105,137,1910,-6999,-6999,-6999,-6999,-6999,-6999,-6999,-6999,-6999
105,137,1920,-6999,-6999,-6999,-6999,-6999,-6999,-6999,-6999,-6999
105,137,1930,-6999,-6999,-6999,-6999,-6999,-6999,-6999,-6999,-6999
105,137,1940,-6999,-6999,-6999,-6999,-6999,-6999,-6999,-6999,-6999
105,137,1950,-6999,-6999,-6999,-6999,-6999,-6999,-6999,-6999,-6999
105,137,2000,-6999,-6999,-6999,-6999,-6999,-6999,-6999,-6999,-6999
105,137,2010,-6999,-6999,-6999,-6999,-6999,-6999,-6999,-6999,-6999
105,137,2020,-6999,-6999,-6999,-6999,-6999,-6999,-6999,-6999,-6999
105,137,2030,-6999,-6999,-6999,-6999,-6999,-6999,-6999,-6999,-6999
105,137,2040,-6999,-6999,-6999,-6999,-6999,-6999,-6999,-6999,-6999
105,137,2050,-6999,-6999,-6999,-6999,-6999,-6999,-6999,-6999,-6999
105,137,2100,-6999,-6999,-6999,-6999,-6999,-6999,-6999,-6999,-6999
105,137,2110,-6999,-6999,-6999,-6999,-6999,-6999,-6999,-6999,-6999
105,137,2120,-6999,-6999,-6999,-6999,-6999,-6999,-6999,-6999,-6999
105,137,2130,-6999,-6999,-6999,-6999,-6999,-6999,-6999,-6999,-6999
105,137,2140,-6999,-6999,-6999,-6999,-6999,-6999,-6999,-6999,-6999
105,137,2150,-6999,-6999,-6999,-6999,-6999,-6999,-6999,-6999,-6999
105,137,2200,-6999,-6999,-6999,-6999,-6999,-6999,-6999,-6999,-6999
105,137,2210,-6999,-6999,-6999,-6999,-6999,-6999,-6999,-6999,-6999
105,137,2220,-6999,-6999,-6999,-6999,-6999,-6999,-6999,-6999,-6999
105,137,2230,-6999,-6999,-6999,-6999,-6999,-6999,-6999,-6999,-6999
105,137,2240,-6999,-6999,-6999,-6999,-6999,-6999,-6999,-6999,-6999
105,137,2250,-6999,-6999,-6999,-6999,-6999,-6999,-6999,-6999,-6999
105,137,2300,-6999,-6999,-6999,-6999,-6999,-6999,-6999,-6999,-6999
105,137,2310,-6999,-6999,-6999,-6999,-6999,-6999,-6999,-6999,-6999
105,137,2320,-6999,-6999,-6999,-6999,-6999,-6999,-6999,-6999,-6999
105,137,2330,-6999,-6999,-6999,-6999,-6999,-6999,-6999,-6999,-6999
105,137,2340,-6999,-6999,-6999,-6999,-6999,-6999,-6999,-6999,-6999
105,137,2350,-6999,-6999,-6999,-6999,-6999,-6999,-6999,-6999,-6999
105,137,2400,-6999,-6999,-6999,-6999,-6999,-6999,-6999,-6999,-6999
105,138,10,-6999,-6999,-6999,-6999,-6999,-6999,-6999,-6999,-6999
105,138,20,-6999,-6999,-6999,-6999,-6999,-6999,-6999,-6999,-6999
105,138,30,-6999,-6999,-6999,-6999,-6999,-6999,-6999,-6999,-6999
105,138,40,-6999,-6999,-6999,-6999,-6999,-6999,-6999,-6999,-6999
105,138,50,-6999,-6999,-6999,-6999,-6999,-6999,-6999,-6999,-6999
105,138,100,-6999,-6999,-6999,-6999,-6999,-6999,-6999,-6999,-6999
105,138,110,-6999,-6999,-6999,-6999,-6999,-6999,-6999,-6999,-6999
105,138,120,-6999,-6999,-6999,-6999,-6999,-6999,-6999,-6999,-6999
105,138,130,-6999,-6999,-6999,-6999,-6999,-6999,-6999,-6999,-6999
105,138,140,-6999,-6999,-6999,-6999,-6999,-6999,-6999,-6999,-6999
105,138,150,-6999,-6999,-6999,-6999,-6999,-6999,-6999,-6999,-6999
105,138,200,-6999,-6999,-6999,-6999,-6999,-6999,-6999,-6999,-6999
105,138,210,-6999,-6999,-6999,-6999,-6999,-6999,-6999,-6999,-6999
105,138,220,-6999,-6999,-6999,-6999,-6999,-6999,-6999,-6999,-6999
105,138,230,-6999,-6999,-6999,-6999,-6999,-6999,-6999,-6999,-6999
105,138,240,-6999,-6999,-6999,-6999,-6999,-6999,-6999,-6999,-6999
105,138,250,-6999,-6999,-6999,-6999,-6999,-6999,-6999,-6999,-6999
105,138,300,-6999,-6999,-6999,-6999,-6999,-6999,-6999,-6999,-6999
105,138,310,-6999,-6999,-6999,-6999,-6999,-6999,-6999,-6999,-6999
105,138,320,-6999,-6999,-6999,-6999,-6999,-6999,-6999,-6999,-6999
105,138,330,-6999,-6999,-6999,-6999,-6999,-6999,-6999,-6999,-6999
105,138,340,-6999,-6999,-6999,-6999,-6999,-6999,-6999,-6999,-6999
105,138,350,-6999,-6999,-6999,-6999,-6999,-6999,-6999,-6999,-6999
105,138,400,-6999,-6999,-6999,-6999,-6999,-6999,-6999,-6999,-6999
105,138,410,-6999,-6999,-6999,-6999,-6999,-6999,-6999,-6999,-6999
105,138,420,-6999,-6999,-6999,-6999,-6999,-6999,-6999,-6999,-6999
105,138,430,-6999,-6999,-6999,-6999,-6999,-6999,-6999,-6999,-6999
105,138,440,-6999,-6999,-6999,-6999,-6999,-6999,-6999,-6999,-6999
105,138,450,-6999,-6999,-6999,-6999,-6999,-6999,-6999,-6999,-6999
105,138,500,-6999,-6999,-6999,-6999,-6999,-6999,-6999,-6999,-6999
105,138,510,-6999,-6999,-6999,-6999,-6999,-6999,-6999,-6999,-6999
105,138,520,-6999,-6999,-6999,-6999,-6999,-6999,-6999,-6999,-6999
105,138,530,-6999,-6999,-6999,-6999,-6999,-6999,-6999,-6999,-6999
105,138,540,-6999,-6999,-6999,-6999,-6999,-6999,-6999,-6999,-6999
105,138,550,-6999,-6999,-6999,-6999,-6999,-6999,-6999,-6999,-6999
105,138,600,-6999,-6999,-6999,-6999,-6999,-6999,-6999,-6999,-6999
105,138,610,-6999,-6999,-6999,-6999,-6999,-6999,-6999,-6999,-6999
105,138,620,-6999,-6999,-6999,-6999,-6999,-6999,-6999,-6999,-6999
105,138,630,-6999,-6999,-6999,-6999,-6999,-6999,-6999,-6999,-6999
105,138,640,-6999,-6999,-6999,-6999,-6999,-6999,-6999,-6999,-6999
105,138,650,-6999,-6999,-6999,-6999,-6999,-6999,-6999,-6999,-6999
105,138,700,-6999,-6999,-6999,-6999,-6999,-6999,-6999,-6999,-6999
105,138,710,-6999,-6999,-6999,-6999,-6999,-6999,-6999,-6999,-6999
105,138,720,-6999,-6999,-6999,-6999,-6999,-6999,-6999,-6999,-6999
105,138,730,-6999,-6999,-6999,-6999,-6999,-6999,-6999,-6999,-6999
105,138,740,-6999,-6999,-6999,-6999,-6999,-6999,-6999,-6999,-6999
105,138,750,-6999,-6999,-6999,-6999,-6999,-6999,-6999,-6999,-6999
105,138,800,-6999,-6999,-6999,-6999,-6999,-6999,-6999,-6999,-6999
105,138,810,-6999,-6999,-6999,-6999,-6999,-6999,-6999,-6999,-6999
105,138,820,-6999,-6999,-6999,-6999,-6999,-6999,-6999,-6999,-6999
105,138,830,-6999,-6999,-6999,-6999,-6999,-6999,-6999,-6999,-6999
105,138,840,-6999,-6999,-6999,-6999,-6999,-6999,-6999,-6999,-6999
105,138,850,-6999,-6999,-6999,-6999,-6999,-6999,-6999,-6999,-6999
105,138,900,-6999,-6999,-6999,-6999,-6999,-6999,-6999,-6999,-6999
105,138,910,-6999,-6999,-6999,-6999,-6999,-6999,-6999,-6999,-6999
105,138,920,-6999,-6999,-6999,-6999,-6999,-6999,-6999,-6999,-6999
105,138,930,-6999,-6999,-6999,-6999,-6999,-6999,-6999,-6999,-6999
105,138,940,-6999,-6999,-6999,-6999,-6999,-6999,-6999,-6999,-6999
105,138,950,-6999,-6999,-6999,-6999,-6999,-6999,-6999,-6999,-6999
105,138,1000,-6999,-6999,-6999,-6999,-6999,-6999,-6999,-6999,-6999
105,138,1010,-6999,-6999,-6999,-6999,-6999,-6999,-6999,-6999,-6999
105,138,1020,-6999,-6999,-6999,-6999,-6999,-6999,-6999,-6999,-6999
105,138,1030,-6999,-6999,-6999,-6999,-6999,-6999,-6999,-6999,-6999
105,138,1040,-6999,-6999,-6999,-6999,-6999,-6999,-6999,-6999,-6999
105,138,1050,-6999,-6999,-6999,-6999,-6999,-6999,-6999,-6999,-6999
105,138,1100,-6999,-6999,-6999,-6999,-6999,-6999,-6999,-6999,-6999
105,138,1110,-6999,-6999,-6999,-6999,-6999,-6999,-6999,-6999,-6999
105,138,1120,-6999,-6999,-6999,-6999,-6999,-6999,-6999,-6999,-6999
105,138,1130,-6999,-6999,-6999,-6999,-6999,-6999,-6999,-6999,-6999
105,138,1140,-6999,-6999,-6999,-6999,-6999,-6999,-6999,-6999,-6999
105,138,1150,-6999,-6999,-6999,-6999,-6999,-6999,-6999,-6999,-6999
105,138,1200,-6999,-6999,-6999,-6999,-6999,-6999,-6999,-6999,-6999
105,138,1210,-6999,-6999,-6999,-6999,-6999,-6999,-6999,-6999,-6999
105,138,1220,-6999,-6999,-6999,-6999,-6999,-6999,-6999,-6999,-6999
105,138,1230,-6999,-6999,-6999,-6999,-6999,-6999,-6999,-6999,-6999
105,138,1240,-6999,-6999,-6999,-6999,-6999,-6999,-6999,-6999,-6999
105,138,1250,-6999,-6999,-6999,-6999,-6999,-6999,-6999,-6999,-6999
105,138,1300,-6999,-6999,-6999,-6999,-6999,-6999,-6999,-6999,-6999
105,138,1310,-6999,-6999,-6999,-6999,-6999,-6999,-6999,-6999,-6999
105,138,1320,-6999,-6999,-6999,-6999,-6999,-6999,-6999,-6999,-6999
105,138,1330,-6999,-6999,-6999,-6999,-6999,-6999,-6999,-6999,-6999
105,138,1340,-6999,-6999,-6999,-6999,-6999,-6999,-6999,-6999,-6999
105,138,1350,-6999,-6999,-6999,-6999,-6999,-6999,-6999,-6999,-6999
105,138,1400,-6999,-6999,-6999,-6999,-6999,-6999,-6999,-6999,-6999
105,138,1410,-6999,-6999,-6999,-6999,-6999,-6999,-6999,-6999,-6999
105,138,1420,-6999,-6999,-6999,-6999,-6999,-6999,-6999,-6999,-6999
105,138,1430,-6999,-6999,-6999,-6999,-6999,-6999,-6999,-6999,-6999
105,138,1440,-6999,-6999,-6999,-6999,-6999,-6999,-6999,-6999,-6999
105,138,1450,-6999,-6999,-6999,-6999,-6999,-6999,-6999,-6999,-6999
105,138,1500,-6999,-6999,-6999,-6999,-6999,-6999,-6999,-6999,-6999
105,138,1510,-6999,-6999,-6999,-6999,-6999,-6999,-6999,-6999,-6999
105,138,1520,-6999,-6999,-6999,-6999,-6999,-6999,-6999,-6999,-6999
105,138,1530,-6999,-6999,-6999,-6999,-6999,-6999,-6999,-6999,-6999
105,138,1540,-6999,-6999,-6999,-6999,-6999,-6999,-6999,-6999,-6999
105,138,1550,-6999,-6999,-6999,-6999,-6999,-6999,-6999,-6999,-6999
105,138,1600,-6999,-6999,-6999,-6999,-6999,-6999,-6999,-6999,-6999
105,138,1610,-6999,-6999,-6999,-6999,-6999,-6999,-6999,-6999,-6999
105,138,1620,-6999,-6999,-6999,-6999,-6999,-6999,-6999,-6999,-6999
105,138,1630,-6999,-6999,-6999,-6999,-6999,-6999,-6999,-6999,-6999
105,138,1640,-6999,-6999,-6999,-6999,-6999,-6999,-6999,-6999,-6999
105,138,1650,-6999,-6999,-6999,-6999,-6999,-6999,-6999,-6999,-6999
105,138,1700,-6999,-6999,-6999,-6999,-6999,-6999,-6999,-6999,-6999
105,138,1710,-6999,-6999,-6999,-6999,-6999,-6999,-6999,-6999,-6999
105,138,1720,-6999,-6999,-6999,-6999,-6999,-6999,-6999,-6999,-6999
105,138,1730,-6999,-6999,-6999,-6999,-6999,-6999,-6999,-6999,-6999
105,138,1740,-6999,-6999,-6999,-6999,-6999,-6999,-6999,-6999,-6999
105,138,1750,-6999,-6999,-6999,-6999,-6999,-6999,-6999,-6999,-6999
105,138,1800,-6999,-6999,-6999,-6999,-6999,-6999,-6999,-6999,-6999
105,138,1810,-6999,-6999,-6999,-6999,-6999,-6999,-6999,-6999,-6999
105,138,1820,-6999,-6999,-6999,-6999,-6999,-6999,-6999,-6999,-6999
105,138,1830,-6999,-6999,-6999,-6999,-6999,-6999,-6999,-6999,-6999
105,138,1840,-6999,-6999,-6999,-6999,-6999,-6999,-6999,-6999,-6999
105,138,1850,-6999,-6999,-6999,-6999,-6999,-6999,-6999,-6999,-6999
105,138,1900,-6999,-6999,-6999,-6999,-6999,-6999,-6999,-6999,-6999
105,138,1910,-6999,-6999,-6999,-6999,-6999,-6999,-6999,-6999,-6999
105,138,1920,-6999,-6999,-6999,-6999,-6999,-6999,-6999,-6999,-6999
105,138,1930,-6999,-6999,-6999,-6999,-6999,-6999,-6999,-6999,-6999
105,138,1940,-6999,-6999,-6999,-6999,-6999,-6999,-6999,-6999,-6999
105,138,1950,-6999,-6999,-6999,-6999,-6999,-6999,-6999,-6999,-6999
105,138,2000,-6999,-6999,-6999,-6999,-6999,-6999,-6999,-6999,-6999
105,138,2010,-6999,-6999,-6999,-6999,-6999,-6999,-6999,-6999,-6999
105,138,2020,-6999,-6999,-6999,-6999,-6999,-6999,-6999,-6999,-6999
105,138,2030,-6999,-6999,-6999,-6999,-6999,-6999,-6999,-6999,-6999
105,138,2040,-6999,-6999,-6999,-6999,-6999,-6999,-6999,-6999,-6999
105,138,2050,-6999,-6999,-6999,-6999,-6999,-6999,-6999,-6999,-6999
105,138,2100,-6999,-6999,-6999,-6999,-6999,-6999,-6999,-6999,-6999
105,138,2110,-6999,-6999,-6999,-6999,-6999,-6999,-6999,-6999,-6999
105,138,2120,-6999,-6999,-6999,-6999,-6999,-6999,-6999,-6999,-6999
105,138,2130,-6999,-6999,-6999,-6999,-6999,-6999,-6999,-6999,-6999
105,138,2140,-6999,-6999,-6999,-6999,-6999,-6999,-6999,-6999,-6999
105,138,2150,-6999,-6999,-6999,-6999,-6999,-6999,-6999,-6999,-6999
105,138,2200,-6999,-6999,-6999,-6999,-6999,-6999,-6999,-6999,-6999
105,138,2210,-6999,-6999,-6999,-6999,-6999,-6999,-6999,-6999,-6999
105,138,2220,-6999,-6999,-6999,-6999,-6999,-6999,-6999,-6999,-6999
105,138,2230,-6999,-6999,-6999,-6999,-6999,-6999,-6999,-6999,-6999
105,138,2240,-6999,-6999,-6999,-6999,-6999,-6999,-6999,-6999,-6999
105,138,2250,-6999,-6999,-6999,-6999,-6999,-6999,-6999,-6999,-6999
105,138,2300,-6999,-6999,-6999,-6999,-6999,-6999,-6999,-6999,-6999
105,138,2310,-6999,-6999,-6999,-6999,-6999,-6999,-6999,-6999,-6999
105,138,2320,-6999,-6999,-6999,-6999,-6999,-6999,-6999,-6999,-6999
105,138,2330,-6999,-6999,-6999,-6999,-6999,-6999,-6999,-6999,-6999
105,138,2340,-6999,-6999,-6999,-6999,-6999,-6999,-6999,-6999,-6999
105,138,2350,-6999,-6999,-6999,-6999,-6999,-6999,-6999,-6999,-6999
105,138,2400,-6999,-6999,-6999,-6999,-6999,-6999,-6999,-6999,-6999
105,139,10,-6999,-6999,-6999,-6999,-6999,-6999,-6999,-6999,-6999
105,139,20,-6999,-6999,-6999,-6999,-6999,-6999,-6999,-6999,-6999
105,139,30,-6999,-6999,-6999,-6999,-6999,-6999,-6999,-6999,-6999
105,139,40,-6999,-6999,-6999,-6999,-6999,-6999,-6999,-6999,-6999
105,139,50,-6999,-6999,-6999,-6999,-6999,-6999,-6999,-6999,-6999
105,139,100,-6999,-6999,-6999,-6999,-6999,-6999,-6999,-6999,-6999
105,139,110,-6999,-6999,-6999,-6999,-6999,-6999,-6999,-6999,-6999
105,139,120,-6999,-6999,-6999,-6999,-6999,-6999,-6999,-6999,-6999
105,139,130,-6999,-6999,-6999,-6999,-6999,-6999,-6999,-6999,-6999
105,139,140,-6999,-6999,-6999,-6999,-6999,-6999,-6999,-6999,-6999
105,139,150,-6999,-6999,-6999,-6999,-6999,-6999,-6999,-6999,-6999
105,139,200,-6999,-6999,-6999,-6999,-6999,-6999,-6999,-6999,-6999
105,139,210,-6999,-6999,-6999,-6999,-6999,-6999,-6999,-6999,-6999
105,139,220,-6999,-6999,-6999,-6999,-6999,-6999,-6999,-6999,-6999
105,139,230,-6999,-6999,-6999,-6999,-6999,-6999,-6999,-6999,-6999
105,139,240,-6999,-6999,-6999,-6999,-6999,-6999,-6999,-6999,-6999
105,139,250,-6999,-6999,-6999,-6999,-6999,-6999,-6999,-6999,-6999
105,139,300,-6999,-6999,-6999,-6999,-6999,-6999,-6999,-6999,-6999
105,139,310,-6999,-6999,-6999,-6999,-6999,-6999,-6999,-6999,-6999
105,139,320,-6999,-6999,-6999,-6999,-6999,-6999,-6999,-6999,-6999
105,139,330,-6999,-6999,-6999,-6999,-6999,-6999,-6999,-6999,-6999
105,139,340,-6999,-6999,-6999,-6999,-6999,-6999,-6999,-6999,-6999
105,139,350,-6999,-6999,-6999,-6999,-6999,-6999,-6999,-6999,-6999
105,139,400,-6999,-6999,-6999,-6999,-6999,-6999,-6999,-6999,-6999
105,139,410,-6999,-6999,-6999,-6999,-6999,-6999,-6999,-6999,-6999
105,139,420,-6999,-6999,-6999,-6999,-6999,-6999,-6999,-6999,-6999
105,139,430,-6999,-6999,-6999,-6999,-6999,-6999,-6999,-6999,-6999
105,139,440,-6999,-6999,-6999,-6999,-6999,-6999,-6999,-6999,-6999
105,139,450,-6999,-6999,-6999,-6999,-6999,-6999,-6999,-6999,-6999
105,139,500,-6999,-6999,-6999,-6999,-6999,-6999,-6999,-6999,-6999
105,139,510,-6999,-6999,-6999,-6999,-6999,-6999,-6999,-6999,-6999
105,139,520,-6999,-6999,-6999,-6999,-6999,-6999,-6999,-6999,-6999
105,139,530,-6999,-6999,-6999,-6999,-6999,-6999,-6999,-6999,-6999
105,139,540,-6999,-6999,-6999,-6999,-6999,-6999,-6999,-6999,-6999
105,139,550,-6999,-6999,-6999,-6999,-6999,-6999,-6999,-6999,-6999
105,139,600,-6999,-6999,-6999,-6999,-6999,-6999,-6999,-6999,-6999
105,139,610,-6999,-6999,-6999,-6999,-6999,-6999,-6999,-6999,-6999
105,139,620,-6999,-6999,-6999,-6999,-6999,-6999,-6999,-6999,-6999
105,139,630,-6999,-6999,-6999,-6999,-6999,-6999,-6999,-6999,-6999
105,139,640,-6999,-6999,-6999,-6999,-6999,-6999,-6999,-6999,-6999
105,139,650,-6999,-6999,-6999,-6999,-6999,-6999,-6999,-6999,-6999
105,139,700,-6999,-6999,-6999,-6999,-6999,-6999,-6999,-6999,-6999
105,139,710,-6999,-6999,-6999,-6999,-6999,-6999,-6999,-6999,-6999
105,139,720,-6999,-6999,-6999,-6999,-6999,-6999,-6999,-6999,-6999
105,139,730,-6999,-6999,-6999,-6999,-6999,-6999,-6999,-6999,-6999
105,139,740,-6999,-6999,-6999,-6999,-6999,-6999,-6999,-6999,-6999
105,139,750,-6999,-6999,-6999,-6999,-6999,-6999,-6999,-6999,-6999
105,139,800,-6999,-6999,-6999,-6999,-6999,-6999,-6999,-6999,-6999
105,139,810,-6999,-6999,-6999,-6999,-6999,-6999,-6999,-6999,-6999
105,139,820,-6999,-6999,-6999,-6999,-6999,-6999,-6999,-6999,-6999
105,139,830,-6999,-6999,-6999,-6999,-6999,-6999,-6999,-6999,-6999
105,139,840,-6999,-6999,-6999,-6999,-6999,-6999,-6999,-6999,-6999
105,139,850,-6999,-6999,-6999,-6999,-6999,-6999,-6999,-6999,-6999
105,139,900,-6999,-6999,-6999,-6999,-6999,-6999,-6999,-6999,-6999
105,139,910,-6999,-6999,-6999,-6999,-6999,-6999,-6999,-6999,-6999
105,139,920,-6999,-6999,-6999,-6999,-6999,-6999,-6999,-6999,-6999
105,139,930,-6999,-6999,-6999,-6999,-6999,-6999,-6999,-6999,-6999
105,139,940,-6999,-6999,-6999,-6999,-6999,-6999,-6999,-6999,-6999
105,139,950,-6999,-6999,-6999,-6999,-6999,-6999,-6999,-6999,-6999
105,139,1000,-6999,-6999,-6999,-6999,-6999,-6999,-6999,-6999,-6999
105,139,1010,-6999,-6999,-6999,-6999,-6999,-6999,-6999,-6999,-6999
105,139,1020,-6999,-6999,-6999,-6999,-6999,-6999,-6999,-6999,-6999
105,139,1030,-6999,-6999,-6999,-6999,-6999,-6999,-6999,-6999,-6999
105,139,1040,-6999,-6999,-6999,-6999,-6999,-6999,-6999,-6999,-6999
105,139,1050,-6999,-6999,-6999,-6999,-6999,-6999,-6999,-6999,-6999
105,139,1100,-6999,-6999,-6999,-6999,-6999,-6999,-6999,-6999,-6999
105,139,1110,-6999,-6999,-6999,-6999,-6999,-6999,-6999,-6999,-6999
105,139,1120,-6999,-6999,-6999,-6999,-6999,-6999,-6999,-6999,-6999
105,139,1130,-6999,-6999,-6999,-6999,-6999,-6999,-6999,-6999,-6999
105,139,1140,-6999,-6999,-6999,-6999,-6999,-6999,-6999,-6999,-6999
105,139,1150,-6999,-6999,-6999,-6999,-6999,-6999,-6999,-6999,-6999
105,139,1200,-6999,-6999,-6999,-6999,-6999,-6999,-6999,-6999,-6999
105,139,1210,-6999,-6999,-6999,-6999,-6999,-6999,-6999,-6999,-6999
105,139,1220,-6999,-6999,-6999,-6999,-6999,-6999,-6999,-6999,-6999
105,139,1230,-6999,-6999,-6999,-6999,-6999,-6999,-6999,-6999,-6999
105,139,1240,-6999,-6999,-6999,-6999,-6999,-6999,-6999,-6999,-6999
105,139,1250,-6999,-6999,-6999,-6999,-6999,-6999,-6999,-6999,-6999
105,139,1300,-6999,-6999,-6999,-6999,-6999,-6999,-6999,-6999,-6999
105,139,1310,-6999,-6999,-6999,-6999,-6999,-6999,-6999,-6999,-6999
105,139,1320,-6999,-6999,-6999,-6999,-6999,-6999,-6999,-6999,-6999
105,139,1330,-6999,-6999,-6999,-6999,-6999,-6999,-6999,-6999,-6999
105,139,1340,-6999,-6999,-6999,-6999,-6999,-6999,-6999,-6999,-6999
105,139,1350,-6999,-6999,-6999,-6999,-6999,-6999,-6999,-6999,-6999
105,139,1400,-6999,-6999,-6999,-6999,-6999,-6999,-6999,-6999,-6999
105,139,1410,-6999,-6999,-6999,-6999,-6999,-6999,-6999,-6999,-6999
105,139,1420,-6999,-6999,-6999,-6999,-6999,-6999,-6999,-6999,-6999
105,139,1430,-6999,-6999,-6999,-6999,-6999,-6999,-6999,-6999,-6999
105,139,1440,-6999,-6999,-6999,-6999,-6999,-6999,-6999,-6999,-6999
105,139,1450,-6999,-6999,-6999,-6999,-6999,-6999,-6999,-6999,-6999
105,139,1500,-6999,-6999,-6999,-6999,-6999,-6999,-6999,-6999,-6999
105,139,1510,-6999,-6999,-6999,-6999,-6999,-6999,-6999,-6999,-6999
105,139,1520,-6999,-6999,-6999,-6999,-6999,-6999,-6999,-6999,-6999
105,139,1530,-6999,-6999,-6999,-6999,-6999,-6999,-6999,-6999,-6999
105,139,1540,-6999,-6999,-6999,-6999,-6999,-6999,-6999,-6999,-6999
105,139,1550,-6999,-6999,-6999,-6999,-6999,-6999,-6999,-6999,-6999
105,139,1600,-6999,-6999,-6999,-6999,-6999,-6999,-6999,-6999,-6999
105,139,1610,-6999,-6999,-6999,-6999,-6999,-6999,-6999,-6999,-6999
105,139,1620,-6999,-6999,-6999,-6999,-6999,-6999,-6999,-6999,-6999
105,139,1630,-6999,-6999,-6999,-6999,-6999,-6999,-6999,-6999,-6999
105,139,1640,-6999,-6999,-6999,-6999,-6999,-6999,-6999,-6999,-6999
105,139,1650,-6999,-6999,-6999,-6999,-6999,-6999,-6999,-6999,-6999
105,139,1700,-6999,-6999,-6999,-6999,-6999,-6999,-6999,-6999,-6999
105,139,1710,-6999,-6999,-6999,-6999,-6999,-6999,-6999,-6999,-6999
105,139,1720,-6999,-6999,-6999,-6999,-6999,-6999,-6999,-6999,-6999
105,139,1730,-6999,-6999,-6999,-6999,-6999,-6999,-6999,-6999,-6999
105,139,1740,-6999,-6999,-6999,-6999,-6999,-6999,-6999,-6999,-6999
105,139,1750,-6999,-6999,-6999,-6999,-6999,-6999,-6999,-6999,-6999
105,139,1800,-6999,-6999,-6999,-6999,-6999,-6999,-6999,-6999,-6999
105,139,1810,-6999,-6999,-6999,-6999,-6999,-6999,-6999,-6999,-6999
105,139,1820,-6999,-6999,-6999,-6999,-6999,-6999,-6999,-6999,-6999
105,139,1830,-6999,-6999,-6999,-6999,-6999,-6999,-6999,-6999,-6999
105,139,1840,-6999,-6999,-6999,-6999,-6999,-6999,-6999,-6999,-6999
105,139,1850,-6999,-6999,-6999,-6999,-6999,-6999,-6999,-6999,-6999
105,139,1900,-6999,-6999,-6999,-6999,-6999,-6999,-6999,-6999,-6999
105,139,1910,-6999,-6999,-6999,-6999,-6999,-6999,-6999,-6999,-6999
105,139,1920,-6999,-6999,-6999,-6999,-6999,-6999,-6999,-6999,-6999
105,139,1930,-6999,-6999,-6999,-6999,-6999,-6999,-6999,-6999,-6999
105,139,1940,-6999,-6999,-6999,-6999,-6999,-6999,-6999,-6999,-6999
105,139,1950,-6999,-6999,-6999,-6999,-6999,-6999,-6999,-6999,-6999
105,139,2000,-6999,-6999,-6999,-6999,-6999,-6999,-6999,-6999,-6999
105,139,2010,-6999,-6999,-6999,-6999,-6999,-6999,-6999,-6999,-6999
105,139,2020,-6999,-6999,-6999,-6999,-6999,-6999,-6999,-6999,-6999
105,139,2030,-6999,-6999,-6999,-6999,-6999,-6999,-6999,-6999,-6999
105,139,2040,-6999,-6999,-6999,-6999,-6999,-6999,-6999,-6999,-6999
105,139,2050,-6999,-6999,-6999,-6999,-6999,-6999,-6999,-6999,-6999
105,139,2100,-6999,-6999,-6999,-6999,-6999,-6999,-6999,-6999,-6999
105,139,2110,-6999,-6999,-6999,-6999,-6999,-6999,-6999,-6999,-6999
105,139,2120,-6999,-6999,-6999,-6999,-6999,-6999,-6999,-6999,-6999
105,139,2130,-6999,-6999,-6999,-6999,-6999,-6999,-6999,-6999,-6999
105,139,2140,-6999,-6999,-6999,-6999,-6999,-6999,-6999,-6999,-6999
105,139,2150,-6999,-6999,-6999,-6999,-6999,-6999,-6999,-6999,-6999
105,139,2200,-6999,-6999,-6999,-6999,-6999,-6999,-6999,-6999,-6999
105,139,2210,-6999,-6999,-6999,-6999,-6999,-6999,-6999,-6999,-6999
105,139,2220,-6999,-6999,-6999,-6999,-6999,-6999,-6999,-6999,-6999
105,139,2230,-6999,-6999,-6999,-6999,-6999,-6999,-6999,-6999,-6999
105,139,2240,-6999,-6999,-6999,-6999,-6999,-6999,-6999,-6999,-6999
105,139,2250,-6999,-6999,-6999,-6999,-6999,-6999,-6999,-6999,-6999
105,139,2300,-6999,-6999,-6999,-6999,-6999,-6999,-6999,-6999,-6999
105,139,2310,-6999,-6999,-6999,-6999,-6999,-6999,-6999,-6999,-6999
105,139,2320,-6999,-6999,-6999,-6999,-6999,-6999,-6999,-6999,-6999
105,139,2330,-6999,-6999,-6999,-6999,-6999,-6999,-6999,-6999,-6999
105,139,2340,-6999,-6999,-6999,-6999,-6999,-6999,-6999,-6999,-6999
105,139,2350,-6999,-6999,-6999,-6999,-6999,-6999,-6999,-6999,-6999
105,139,2400,-6999,-6999,-6999,-6999,-6999,-6999,-6999,-6999,-6999
105,140,10,-6999,-6999,-6999,-6999,-6999,-6999,-6999,-6999,-6999
105,140,20,-6999,-6999,-6999,-6999,-6999,-6999,-6999,-6999,-6999
105,140,30,-6999,-6999,-6999,-6999,-6999,-6999,-6999,-6999,-6999
105,140,40,-6999,-6999,-6999,-6999,-6999,-6999,-6999,-6999,-6999
105,140,50,-6999,-6999,-6999,-6999,-6999,-6999,-6999,-6999,-6999
105,140,100,-6999,-6999,-6999,-6999,-6999,-6999,-6999,-6999,-6999
105,140,110,-6999,-6999,-6999,-6999,-6999,-6999,-6999,-6999,-6999
105,140,120,-6999,-6999,-6999,-6999,-6999,-6999,-6999,-6999,-6999
105,140,130,-6999,-6999,-6999,-6999,-6999,-6999,-6999,-6999,-6999
105,140,140,-6999,-6999,-6999,-6999,-6999,-6999,-6999,-6999,-6999
105,140,150,-6999,-6999,-6999,-6999,-6999,-6999,-6999,-6999,-6999
105,140,200,-6999,-6999,-6999,-6999,-6999,-6999,-6999,-6999,-6999
105,140,210,-6999,-6999,-6999,-6999,-6999,-6999,-6999,-6999,-6999
105,140,220,-6999,-6999,-6999,-6999,-6999,-6999,-6999,-6999,-6999
105,140,230,-6999,-6999,-6999,-6999,-6999,-6999,-6999,-6999,-6999
105,140,240,-6999,-6999,-6999,-6999,-6999,-6999,-6999,-6999,-6999
105,140,250,-6999,-6999,-6999,-6999,-6999,-6999,-6999,-6999,-6999
105,140,300,-6999,-6999,-6999,-6999,-6999,-6999,-6999,-6999,-6999
105,140,310,-6999,-6999,-6999,-6999,-6999,-6999,-6999,-6999,-6999
105,140,320,-6999,-6999,-6999,-6999,-6999,-6999,-6999,-6999,-6999
105,140,330,-6999,-6999,-6999,-6999,-6999,-6999,-6999,-6999,-6999
105,140,340,-6999,-6999,-6999,-6999,-6999,-6999,-6999,-6999,-6999
105,140,350,-6999,-6999,-6999,-6999,-6999,-6999,-6999,-6999,-6999
105,140,400,-6999,-6999,-6999,-6999,-6999,-6999,-6999,-6999,-6999
105,140,410,-6999,-6999,-6999,-6999,-6999,-6999,-6999,-6999,-6999
105,140,420,-6999,-6999,-6999,-6999,-6999,-6999,-6999,-6999,-6999
105,140,430,-6999,-6999,-6999,-6999,-6999,-6999,-6999,-6999,-6999
105,140,440,-6999,-6999,-6999,-6999,-6999,-6999,-6999,-6999,-6999
105,140,450,-6999,-6999,-6999,-6999,-6999,-6999,-6999,-6999,-6999
105,140,500,-6999,-6999,-6999,-6999,-6999,-6999,-6999,-6999,-6999
105,140,510,-6999,-6999,-6999,-6999,-6999,-6999,-6999,-6999,-6999
105,140,520,-6999,-6999,-6999,-6999,-6999,-6999,-6999,-6999,-6999
105,140,530,-6999,-6999,-6999,-6999,-6999,-6999,-6999,-6999,-6999
105,140,540,-6999,-6999,-6999,-6999,-6999,-6999,-6999,-6999,-6999
105,140,550,-6999,-6999,-6999,-6999,-6999,-6999,-6999,-6999,-6999
105,140,600,-6999,-6999,-6999,-6999,-6999,-6999,-6999,-6999,-6999
105,140,610,-6999,-6999,-6999,-6999,-6999,-6999,-6999,-6999,-6999
105,140,620,-6999,-6999,-6999,-6999,-6999,-6999,-6999,-6999,-6999
105,140,630,-6999,-6999,-6999,-6999,-6999,-6999,-6999,-6999,-6999
105,140,640,-6999,-6999,-6999,-6999,-6999,-6999,-6999,-6999,-6999
105,140,650,-6999,-6999,-6999,-6999,-6999,-6999,-6999,-6999,-6999
105,140,700,-6999,-6999,-6999,-6999,-6999,-6999,-6999,-6999,-6999
105,140,710,-6999,-6999,-6999,-6999,-6999,-6999,-6999,-6999,-6999
105,140,720,-6999,-6999,-6999,-6999,-6999,-6999,-6999,-6999,-6999
105,140,730,-6999,-6999,-6999,-6999,-6999,-6999,-6999,-6999,-6999
105,140,740,-6999,-6999,-6999,-6999,-6999,-6999,-6999,-6999,-6999
105,140,750,-6999,-6999,-6999,-6999,-6999,-6999,-6999,-6999,-6999
105,140,800,-6999,-6999,-6999,-6999,-6999,-6999,-6999,-6999,-6999
105,140,810,-6999,-6999,-6999,-6999,-6999,-6999,-6999,-6999,-6999
105,140,820,-6999,-6999,-6999,-6999,-6999,-6999,-6999,-6999,-6999
105,140,830,-6999,-6999,-6999,-6999,-6999,-6999,-6999,-6999,-6999
105,140,840,-6999,-6999,-6999,-6999,-6999,-6999,-6999,-6999,-6999
105,140,850,-6999,-6999,-6999,-6999,-6999,-6999,-6999,-6999,-6999
105,140,900,-6999,-6999,-6999,-6999,-6999,-6999,-6999,-6999,-6999
105,140,910,-6999,-6999,-6999,-6999,-6999,-6999,-6999,-6999,-6999
105,140,920,-6999,-6999,-6999,-6999,-6999,-6999,-6999,-6999,-6999
105,140,930,-6999,-6999,-6999,-6999,-6999,-6999,-6999,-6999,-6999
105,140,940,-6999,-6999,-6999,-6999,-6999,-6999,-6999,-6999,-6999
105,140,950,-6999,-6999,-6999,-6999,-6999,-6999,-6999,-6999,-6999
105,140,1000,-6999,-6999,-6999,-6999,-6999,-6999,-6999,-6999,-6999
105,140,1010,-6999,-6999,-6999,-6999,-6999,-6999,-6999,-6999,-6999
105,140,1020,-6999,-6999,-6999,-6999,-6999,-6999,-6999,-6999,-6999
105,140,1030,-6999,-6999,-6999,-6999,-6999,-6999,-6999,-6999,-6999
105,140,1040,-6999,-6999,-6999,-6999,-6999,-6999,-6999,-6999,-6999
105,140,1050,-6999,-6999,-6999,-6999,-6999,-6999,-6999,-6999,-6999
105,140,1100,-6999,-6999,-6999,-6999,-6999,-6999,-6999,-6999,-6999
105,140,1110,-6999,-6999,-6999,-6999,-6999,-6999,-6999,-6999,-6999
105,140,1120,-6999,-6999,-6999,-6999,-6999,-6999,-6999,-6999,-6999
105,140,1130,-6999,-6999,-6999,-6999,-6999,-6999,-6999,-6999,-6999
105,140,1140,-6999,-6999,-6999,-6999,-6999,-6999,-6999,-6999,-6999
105,140,1150,-6999,-6999,-6999,-6999,-6999,-6999,-6999,-6999,-6999
105,140,1200,-6999,-6999,-6999,-6999,-6999,-6999,-6999,-6999,-6999
105,140,1210,-6999,-6999,-6999,-6999,-6999,-6999,-6999,-6999,-6999
105,140,1220,-6999,-6999,-6999,-6999,-6999,-6999,-6999,-6999,-6999
105,140,1230,-6999,-6999,-6999,-6999,-6999,-6999,-6999,-6999,-6999
105,140,1240,-6999,-6999,-6999,-6999,-6999,-6999,-6999,-6999,-6999
105,140,1250,-6999,-6999,-6999,-6999,-6999,-6999,-6999,-6999,-6999
105,140,1300,-6999,-6999,-6999,-6999,-6999,-6999,-6999,-6999,-6999
105,140,1310,-6999,-6999,-6999,-6999,-6999,-6999,-6999,-6999,-6999
105,140,1320,-6999,-6999,-6999,-6999,-6999,-6999,-6999,-6999,-6999
105,140,1330,-6999,-6999,-6999,-6999,-6999,-6999,-6999,-6999,-6999
105,140,1340,-6999,-6999,-6999,-6999,-6999,-6999,-6999,-6999,-6999
105,140,1350,-6999,-6999,-6999,-6999,-6999,-6999,-6999,-6999,-6999
105,140,1400,-6999,-6999,-6999,-6999,-6999,-6999,-6999,-6999,-6999
105,140,1410,-6999,-6999,-6999,-6999,-6999,-6999,-6999,-6999,-6999
105,140,1420,-6999,-6999,-6999,-6999,-6999,-6999,-6999,-6999,-6999
105,140,1430,-6999,-6999,-6999,-6999,-6999,-6999,-6999,-6999,-6999
105,140,1440,-6999,-6999,-6999,-6999,-6999,-6999,-6999,-6999,-6999
105,140,1450,-6999,-6999,-6999,-6999,-6999,-6999,-6999,-6999,-6999
105,140,1500,-6999,-6999,-6999,-6999,-6999,-6999,-6999,-6999,-6999
105,140,1510,-6999,-6999,-6999,-6999,-6999,-6999,-6999,-6999,-6999
105,140,1520,-6999,-6999,-6999,-6999,-6999,-6999,-6999,-6999,-6999
105,140,1530,-6999,-6999,-6999,-6999,-6999,-6999,-6999,-6999,-6999
105,140,1540,-6999,-6999,-6999,-6999,-6999,-6999,-6999,-6999,-6999
105,140,1550,-6999,-6999,-6999,-6999,-6999,-6999,-6999,-6999,-6999
105,140,1600,-6999,-6999,-6999,-6999,-6999,-6999,-6999,-6999,-6999
105,140,1610,-6999,-6999,-6999,-6999,-6999,-6999,-6999,-6999,-6999
105,140,1620,-6999,-6999,-6999,-6999,-6999,-6999,-6999,-6999,-6999
105,140,1630,-6999,-6999,-6999,-6999,-6999,-6999,-6999,-6999,-6999
105,140,1640,-6999,-6999,-6999,-6999,-6999,-6999,-6999,-6999,-6999
105,140,1650,-6999,-6999,-6999,-6999,-6999,-6999,-6999,-6999,-6999
105,140,1700,-6999,-6999,-6999,-6999,-6999,-6999,-6999,-6999,-6999
105,140,1710,-6999,-6999,-6999,-6999,-6999,-6999,-6999,-6999,-6999
105,140,1720,-6999,-6999,-6999,-6999,-6999,-6999,-6999,-6999,-6999
105,140,1730,-6999,-6999,-6999,-6999,-6999,-6999,-6999,-6999,-6999
105,140,1740,-6999,-6999,-6999,-6999,-6999,-6999,-6999,-6999,-6999
105,140,1750,-6999,-6999,-6999,-6999,-6999,-6999,-6999,-6999,-6999
105,140,1800,-6999,-6999,-6999,-6999,-6999,-6999,-6999,-6999,-6999
105,140,1810,-6999,-6999,-6999,-6999,-6999,-6999,-6999,-6999,-6999
105,140,1820,-6999,-6999,-6999,-6999,-6999,-6999,-6999,-6999,-6999
105,140,1830,-6999,-6999,-6999,-6999,-6999,-6999,-6999,-6999,-6999
105,140,1840,-6999,-6999,-6999,-6999,-6999,-6999,-6999,-6999,-6999
105,140,1850,-6999,-6999,-6999,-6999,-6999,-6999,-6999,-6999,-6999
105,140,1900,-6999,-6999,-6999,-6999,-6999,-6999,-6999,-6999,-6999
105,140,1910,-6999,-6999,-6999,-6999,-6999,-6999,-6999,-6999,-6999
105,140,1920,-6999,-6999,-6999,-6999,-6999,-6999,-6999,-6999,-6999
105,140,1930,-6999,-6999,-6999,-6999,-6999,-6999,-6999,-6999,-6999
105,140,1940,-6999,-6999,-6999,-6999,-6999,-6999,-6999,-6999,-6999
105,140,1950,-6999,-6999,-6999,-6999,-6999,-6999,-6999,-6999,-6999
105,140,2000,-6999,-6999,-6999,-6999,-6999,-6999,-6999,-6999,-6999
105,140,2010,-6999,-6999,-6999,-6999,-6999,-6999,-6999,-6999,-6999
105,140,2020,-6999,-6999,-6999,-6999,-6999,-6999,-6999,-6999,-6999
105,140,2030,-6999,-6999,-6999,-6999,-6999,-6999,-6999,-6999,-6999
105,140,2040,-6999,-6999,-6999,-6999,-6999,-6999,-6999,-6999,-6999
105,140,2050,-6999,-6999,-6999,-6999,-6999,-6999,-6999,-6999,-6999
105,140,2100,-6999,-6999,-6999,-6999,-6999,-6999,-6999,-6999,-6999
105,140,2110,-6999,-6999,-6999,-6999,-6999,-6999,-6999,-6999,-6999
105,140,2120,-6999,-6999,-6999,-6999,-6999,-6999,-6999,-6999,-6999
105,140,2130,-6999,-6999,-6999,-6999,-6999,-6999,-6999,-6999,-6999
105,140,2140,-6999,-6999,-6999,-6999,-6999,-6999,-6999,-6999,-6999
105,140,2150,-6999,-6999,-6999,-6999,-6999,-6999,-6999,-6999,-6999
105,140,2200,-6999,-6999,-6999,-6999,-6999,-6999,-6999,-6999,-6999
105,140,2210,-6999,-6999,-6999,-6999,-6999,-6999,-6999,-6999,-6999
105,140,2220,-6999,-6999,-6999,-6999,-6999,-6999,-6999,-6999,-6999
105,140,2230,-6999,-6999,-6999,-6999,-6999,-6999,-6999,-6999,-6999
105,140,2240,-6999,-6999,-6999,-6999,-6999,-6999,-6999,-6999,-6999
105,140,2250,-6999,-6999,-6999,-6999,-6999,-6999,-6999,-6999,-6999
105,140,2300,-6999,-6999,-6999,-6999,-6999,-6999,-6999,-6999,-6999
105,140,2310,-6999,-6999,-6999,-6999,-6999,-6999,-6999,-6999,-6999
105,140,2320,-6999,-6999,-6999,-6999,-6999,-6999,-6999,-6999,-6999
105,140,2330,-6999,-6999,-6999,-6999,-6999,-6999,-6999,-6999,-6999
105,140,2340,-6999,-6999,-6999,-6999,-6999,-6999,-6999,-6999,-6999
105,140,2350,-6999,-6999,-6999,-6999,-6999,-6999,-6999,-6999,-6999
105,140,2400,-6999,-6999,-6999,-6999,-6999,-6999,-6999,-6999,-6999
105,141,10,-6999,-6999,-6999,-6999,-6999,-6999,-6999,-6999,-6999
105,141,20,-6999,-6999,-6999,-6999,-6999,-6999,-6999,-6999,-6999
105,141,30,-6999,-6999,-6999,-6999,-6999,-6999,-6999,-6999,-6999
105,141,40,-6999,-6999,-6999,-6999,-6999,-6999,-6999,-6999,-6999
105,141,50,-6999,-6999,-6999,-6999,-6999,-6999,-6999,-6999,-6999
105,141,100,-6999,-6999,-6999,-6999,-6999,-6999,-6999,-6999,-6999
105,141,110,-6999,-6999,-6999,-6999,-6999,-6999,-6999,-6999,-6999
105,141,120,-6999,-6999,-6999,-6999,-6999,-6999,-6999,-6999,-6999
105,141,130,-6999,-6999,-6999,-6999,-6999,-6999,-6999,-6999,-6999
105,141,140,-6999,-6999,-6999,-6999,-6999,-6999,-6999,-6999,-6999
105,141,150,-6999,-6999,-6999,-6999,-6999,-6999,-6999,-6999,-6999
105,141,200,-6999,-6999,-6999,-6999,-6999,-6999,-6999,-6999,-6999
105,141,210,-6999,-6999,-6999,-6999,-6999,-6999,-6999,-6999,-6999
105,141,220,-6999,-6999,-6999,-6999,-6999,-6999,-6999,-6999,-6999
105,141,230,-6999,-6999,-6999,-6999,-6999,-6999,-6999,-6999,-6999
105,141,240,-6999,-6999,-6999,-6999,-6999,-6999,-6999,-6999,-6999
105,141,250,-6999,-6999,-6999,-6999,-6999,-6999,-6999,-6999,-6999
105,141,300,-6999,-6999,-6999,-6999,-6999,-6999,-6999,-6999,-6999
105,141,310,-6999,-6999,-6999,-6999,-6999,-6999,-6999,-6999,-6999
105,141,320,-6999,-6999,-6999,-6999,-6999,-6999,-6999,-6999,-6999
105,141,330,-6999,-6999,-6999,-6999,-6999,-6999,-6999,-6999,-6999
105,141,340,-6999,-6999,-6999,-6999,-6999,-6999,-6999,-6999,-6999
105,141,350,-6999,-6999,-6999,-6999,-6999,-6999,-6999,-6999,-6999
105,141,400,-6999,-6999,-6999,-6999,-6999,-6999,-6999,-6999,-6999
105,141,410,-6999,-6999,-6999,-6999,-6999,-6999,-6999,-6999,-6999
105,141,420,-6999,-6999,-6999,-6999,-6999,-6999,-6999,-6999,-6999
105,141,430,-6999,-6999,-6999,-6999,-6999,-6999,-6999,-6999,-6999
105,141,440,-6999,-6999,-6999,-6999,-6999,-6999,-6999,-6999,-6999
105,141,450,-6999,-6999,-6999,-6999,-6999,-6999,-6999,-6999,-6999
105,141,500,-6999,-6999,-6999,-6999,-6999,-6999,-6999,-6999,-6999
105,141,510,-6999,-6999,-6999,-6999,-6999,-6999,-6999,-6999,-6999
105,141,520,-6999,-6999,-6999,-6999,-6999,-6999,-6999,-6999,-6999
105,141,530,-6999,-6999,-6999,-6999,-6999,-6999,-6999,-6999,-6999
105,141,540,-6999,-6999,-6999,-6999,-6999,-6999,-6999,-6999,-6999
105,141,550,-6999,-6999,-6999,-6999,-6999,-6999,-6999,-6999,-6999
105,141,600,-6999,-6999,-6999,-6999,-6999,-6999,-6999,-6999,-6999
105,141,610,-6999,-6999,-6999,-6999,-6999,-6999,-6999,-6999,-6999
105,141,620,-6999,-6999,-6999,-6999,-6999,-6999,-6999,-6999,-6999
105,141,630,-6999,-6999,-6999,-6999,-6999,-6999,-6999,-6999,-6999
105,141,640,-6999,-6999,-6999,-6999,-6999,-6999,-6999,-6999,-6999
105,141,650,-6999,-6999,-6999,-6999,-6999,-6999,-6999,-6999,-6999
105,141,700,-6999,-6999,-6999,-6999,-6999,-6999,-6999,-6999,-6999
105,141,710,-6999,-6999,-6999,-6999,-6999,-6999,-6999,-6999,-6999
105,141,720,-6999,-6999,-6999,-6999,-6999,-6999,-6999,-6999,-6999
105,141,730,-6999,-6999,-6999,-6999,-6999,-6999,-6999,-6999,-6999
105,141,740,-6999,-6999,-6999,-6999,-6999,-6999,-6999,-6999,-6999
105,141,750,-6999,-6999,-6999,-6999,-6999,-6999,-6999,-6999,-6999
105,141,800,-6999,-6999,-6999,-6999,-6999,-6999,-6999,-6999,-6999
105,141,810,-6999,-6999,-6999,-6999,-6999,-6999,-6999,-6999,-6999
105,141,820,-6999,-6999,-6999,-6999,-6999,-6999,-6999,-6999,-6999
105,141,830,-6999,-6999,-6999,-6999,-6999,-6999,-6999,-6999,-6999
105,141,840,-6999,-6999,-6999,-6999,-6999,-6999,-6999,-6999,-6999
105,141,850,-6999,-6999,-6999,-6999,-6999,-6999,-6999,-6999,-6999
105,141,900,-6999,-6999,-6999,-6999,-6999,-6999,-6999,-6999,-6999
105,141,910,-6999,-6999,-6999,-6999,-6999,-6999,-6999,-6999,-6999
105,141,920,-6999,-6999,-6999,-6999,-6999,-6999,-6999,-6999,-6999
105,141,930,-6999,-6999,-6999,-6999,-6999,-6999,-6999,-6999,-6999
105,141,940,-6999,-6999,-6999,-6999,-6999,-6999,-6999,-6999,-6999
105,141,950,-6999,-6999,-6999,-6999,-6999,-6999,-6999,-6999,-6999
105,141,1000,-6999,-6999,-6999,-6999,-6999,-6999,-6999,-6999,-6999
105,141,1010,-6999,-6999,-6999,-6999,-6999,-6999,-6999,-6999,-6999
105,141,1020,-6999,-6999,-6999,-6999,-6999,-6999,-6999,-6999,-6999
105,141,1030,-6999,-6999,-6999,-6999,-6999,-6999,-6999,-6999,-6999
105,141,1040,-6999,-6999,-6999,-6999,-6999,-6999,-6999,-6999,-6999
105,141,1050,-6999,-6999,-6999,-6999,-6999,-6999,-6999,-6999,-6999
105,141,1100,-6999,-6999,-6999,-6999,-6999,-6999,-6999,-6999,-6999
105,141,1110,-6999,-6999,-6999,-6999,-6999,-6999,-6999,-6999,-6999
105,141,1120,-6999,-6999,-6999,-6999,-6999,-6999,-6999,-6999,-6999
105,141,1130,-6999,-6999,-6999,-6999,-6999,-6999,-6999,-6999,-6999
105,141,1140,-6999,-6999,-6999,-6999,-6999,-6999,-6999,-6999,-6999
105,141,1150,-6999,-6999,-6999,-6999,-6999,-6999,-6999,-6999,-6999
105,141,1200,-6999,-6999,-6999,-6999,-6999,-6999,-6999,-6999,-6999
105,141,1210,-6999,-6999,-6999,-6999,-6999,-6999,-6999,-6999,-6999
105,141,1220,-6999,-6999,-6999,-6999,-6999,-6999,-6999,-6999,-6999
105,141,1230,-6999,-6999,-6999,-6999,-6999,-6999,-6999,-6999,-6999
105,141,1240,-6999,-6999,-6999,-6999,-6999,-6999,-6999,-6999,-6999
105,141,1250,-6999,-6999,-6999,-6999,-6999,-6999,-6999,-6999,-6999
105,141,1300,-6999,-6999,-6999,-6999,-6999,-6999,-6999,-6999,-6999
105,141,1310,-6999,-6999,-6999,-6999,-6999,-6999,-6999,-6999,-6999
105,141,1320,-6999,-6999,-6999,-6999,-6999,-6999,-6999,-6999,-6999
105,141,1330,-6999,-6999,-6999,-6999,-6999,-6999,-6999,-6999,-6999
105,141,1340,-6999,-6999,-6999,-6999,-6999,-6999,-6999,-6999,-6999
105,141,1350,-6999,-6999,-6999,-6999,-6999,-6999,-6999,-6999,-6999
105,141,1400,-6999,-6999,-6999,-6999,-6999,-6999,-6999,-6999,-6999
105,141,1410,-6999,-6999,-6999,-6999,-6999,-6999,-6999,-6999,-6999
105,141,1420,-6999,-6999,-6999,-6999,-6999,-6999,-6999,-6999,-6999
105,141,1430,-6999,-6999,-6999,-6999,-6999,-6999,-6999,-6999,-6999
105,141,1440,-6999,-6999,-6999,-6999,-6999,-6999,-6999,-6999,-6999
105,141,1450,-6999,-6999,-6999,-6999,-6999,-6999,-6999,-6999,-6999
105,141,1500,-6999,-6999,-6999,-6999,-6999,-6999,-6999,-6999,-6999
105,141,1510,-6999,-6999,-6999,-6999,-6999,-6999,-6999,-6999,-6999
105,141,1520,-6999,-6999,-6999,-6999,-6999,-6999,-6999,-6999,-6999
105,141,1530,-6999,-6999,-6999,-6999,-6999,-6999,-6999,-6999,-6999
105,141,1540,-6999,-6999,-6999,-6999,-6999,-6999,-6999,-6999,-6999
105,141,1550,-6999,-6999,-6999,-6999,-6999,-6999,-6999,-6999,-6999
105,141,1600,-6999,-6999,-6999,-6999,-6999,-6999,-6999,-6999,-6999
105,141,1610,-6999,-6999,-6999,-6999,-6999,-6999,-6999,-6999,-6999
105,141,1620,-6999,-6999,-6999,-6999,-6999,-6999,-6999,-6999,-6999
105,141,1630,-6999,-6999,-6999,-6999,-6999,-6999,-6999,-6999,-6999
105,141,1640,-6999,-6999,-6999,-6999,-6999,-6999,-6999,-6999,-6999
105,141,1650,-6999,-6999,-6999,-6999,-6999,-6999,-6999,-6999,-6999
105,141,1700,-6999,-6999,-6999,-6999,-6999,-6999,-6999,-6999,-6999
105,141,1710,-6999,-6999,-6999,-6999,-6999,-6999,-6999,-6999,-6999
105,141,1720,-6999,-6999,-6999,-6999,-6999,-6999,-6999,-6999,-6999
105,141,1730,-6999,-6999,-6999,-6999,-6999,-6999,-6999,-6999,-6999
105,141,1740,-6999,-6999,-6999,-6999,-6999,-6999,-6999,-6999,-6999
105,141,1750,-6999,-6999,-6999,-6999,-6999,-6999,-6999,-6999,-6999
105,141,1800,-6999,-6999,-6999,-6999,-6999,-6999,-6999,-6999,-6999
105,141,1810,-6999,-6999,-6999,-6999,-6999,-6999,-6999,-6999,-6999
105,141,1820,-6999,-6999,-6999,-6999,-6999,-6999,-6999,-6999,-6999
105,141,1830,-6999,-6999,-6999,-6999,-6999,-6999,-6999,-6999,-6999
105,141,1840,-6999,-6999,-6999,-6999,-6999,-6999,-6999,-6999,-6999
105,141,1850,-6999,-6999,-6999,-6999,-6999,-6999,-6999,-6999,-6999
105,141,1900,-6999,-6999,-6999,-6999,-6999,-6999,-6999,-6999,-6999
105,141,1910,-6999,-6999,-6999,-6999,-6999,-6999,-6999,-6999,-6999
105,141,1920,-6999,-6999,-6999,-6999,-6999,-6999,-6999,-6999,-6999
105,141,1930,-6999,-6999,-6999,-6999,-6999,-6999,-6999,-6999,-6999
105,141,1940,-6999,-6999,-6999,-6999,-6999,-6999,-6999,-6999,-6999
105,141,1950,-6999,-6999,-6999,-6999,-6999,-6999,-6999,-6999,-6999
105,141,2000,-6999,-6999,-6999,-6999,-6999,-6999,-6999,-6999,-6999
105,141,2010,-6999,-6999,-6999,-6999,-6999,-6999,-6999,-6999,-6999
105,141,2020,-6999,-6999,-6999,-6999,-6999,-6999,-6999,-6999,-6999
105,141,2030,-6999,-6999,-6999,-6999,-6999,-6999,-6999,-6999,-6999
105,141,2040,-6999,-6999,-6999,-6999,-6999,-6999,-6999,-6999,-6999
105,141,2050,-6999,-6999,-6999,-6999,-6999,-6999,-6999,-6999,-6999
105,141,2100,-6999,-6999,-6999,-6999,-6999,-6999,-6999,-6999,-6999
105,141,2110,-6999,-6999,-6999,-6999,-6999,-6999,-6999,-6999,-6999
105,141,2120,-6999,-6999,-6999,-6999,-6999,-6999,-6999,-6999,-6999
105,141,2130,-6999,-6999,-6999,-6999,-6999,-6999,-6999,-6999,-6999
105,141,2140,-6999,-6999,-6999,-6999,-6999,-6999,-6999,-6999,-6999
105,141,2150,-6999,-6999,-6999,-6999,-6999,-6999,-6999,-6999,-6999
105,141,2200,-6999,-6999,-6999,-6999,-6999,-6999,-6999,-6999,-6999
105,141,2210,-6999,-6999,-6999,-6999,-6999,-6999,-6999,-6999,-6999
105,141,2220,-6999,-6999,-6999,-6999,-6999,-6999,-6999,-6999,-6999
105,141,2230,-6999,-6999,-6999,-6999,-6999,-6999,-6999,-6999,-6999
105,141,2240,-6999,-6999,-6999,-6999,-6999,-6999,-6999,-6999,-6999
105,141,2250,-6999,-6999,-6999,-6999,-6999,-6999,-6999,-6999,-6999
105,141,2300,-6999,-6999,-6999,-6999,-6999,-6999,-6999,-6999,-6999
105,141,2310,-6999,-6999,-6999,-6999,-6999,-6999,-6999,-6999,-6999
105,141,2320,-6999,-6999,-6999,-6999,-6999,-6999,-6999,-6999,-6999
105,141,2330,-6999,-6999,-6999,-6999,-6999,-6999,-6999,-6999,-6999
105,141,2340,-6999,-6999,-6999,-6999,-6999,-6999,-6999,-6999,-6999
105,141,2350,-6999,-6999,-6999,-6999,-6999,-6999,-6999,-6999,-6999
105,141,2400,-6999,-6999,-6999,-6999,-6999,-6999,-6999,-6999,-6999
105,142,10,-6999,-6999,-6999,-6999,-6999,-6999,-6999,-6999,-6999
105,142,20,-6999,-6999,-6999,-6999,-6999,-6999,-6999,-6999,-6999
105,142,30,-6999,-6999,-6999,-6999,-6999,-6999,-6999,-6999,-6999
105,142,40,-6999,-6999,-6999,-6999,-6999,-6999,-6999,-6999,-6999
105,142,50,-6999,-6999,-6999,-6999,-6999,-6999,-6999,-6999,-6999
105,142,100,-6999,-6999,-6999,-6999,-6999,-6999,-6999,-6999,-6999
105,142,110,-6999,-6999,-6999,-6999,-6999,-6999,-6999,-6999,-6999
105,142,120,-6999,-6999,-6999,-6999,-6999,-6999,-6999,-6999,-6999
105,142,130,-6999,-6999,-6999,-6999,-6999,-6999,-6999,-6999,-6999
105,142,140,-6999,-6999,-6999,-6999,-6999,-6999,-6999,-6999,-6999
105,142,150,-6999,-6999,-6999,-6999,-6999,-6999,-6999,-6999,-6999
105,142,200,-6999,-6999,-6999,-6999,-6999,-6999,-6999,-6999,-6999
105,142,210,-6999,-6999,-6999,-6999,-6999,-6999,-6999,-6999,-6999
105,142,220,-6999,-6999,-6999,-6999,-6999,-6999,-6999,-6999,-6999
105,142,230,-6999,-6999,-6999,-6999,-6999,-6999,-6999,-6999,-6999
105,142,240,-6999,-6999,-6999,-6999,-6999,-6999,-6999,-6999,-6999
105,142,250,-6999,-6999,-6999,-6999,-6999,-6999,-6999,-6999,-6999
105,142,300,-6999,-6999,-6999,-6999,-6999,-6999,-6999,-6999,-6999
105,142,310,-6999,-6999,-6999,-6999,-6999,-6999,-6999,-6999,-6999
105,142,320,-6999,-6999,-6999,-6999,-6999,-6999,-6999,-6999,-6999
105,142,330,-6999,-6999,-6999,-6999,-6999,-6999,-6999,-6999,-6999
105,142,340,-6999,-6999,-6999,-6999,-6999,-6999,-6999,-6999,-6999
105,142,350,-6999,-6999,-6999,-6999,-6999,-6999,-6999,-6999,-6999
105,142,400,-6999,-6999,-6999,-6999,-6999,-6999,-6999,-6999,-6999
105,142,410,-6999,-6999,-6999,-6999,-6999,-6999,-6999,-6999,-6999
105,142,420,-6999,-6999,-6999,-6999,-6999,-6999,-6999,-6999,-6999
105,142,430,-6999,-6999,-6999,-6999,-6999,-6999,-6999,-6999,-6999
105,142,440,-6999,-6999,-6999,-6999,-6999,-6999,-6999,-6999,-6999
105,142,450,-6999,-6999,-6999,-6999,-6999,-6999,-6999,-6999,-6999
105,142,500,-6999,-6999,-6999,-6999,-6999,-6999,-6999,-6999,-6999
105,142,510,-6999,-6999,-6999,-6999,-6999,-6999,-6999,-6999,-6999
105,142,520,-6999,-6999,-6999,-6999,-6999,-6999,-6999,-6999,-6999
105,142,530,-6999,-6999,-6999,-6999,-6999,-6999,-6999,-6999,-6999
105,142,540,-6999,-6999,-6999,-6999,-6999,-6999,-6999,-6999,-6999
105,142,550,-6999,-6999,-6999,-6999,-6999,-6999,-6999,-6999,-6999
105,142,600,-6999,-6999,-6999,-6999,-6999,-6999,-6999,-6999,-6999
105,142,610,-6999,-6999,-6999,-6999,-6999,-6999,-6999,-6999,-6999
105,142,620,-6999,-6999,-6999,-6999,-6999,-6999,-6999,-6999,-6999
105,142,630,-6999,-6999,-6999,-6999,-6999,-6999,-6999,-6999,-6999
105,142,640,-6999,-6999,-6999,-6999,-6999,-6999,-6999,-6999,-6999
105,142,650,-6999,-6999,-6999,-6999,-6999,-6999,-6999,-6999,-6999
105,142,700,-6999,-6999,-6999,-6999,-6999,-6999,-6999,-6999,-6999
105,142,710,-6999,-6999,-6999,-6999,-6999,-6999,-6999,-6999,-6999
105,142,720,-6999,-6999,-6999,-6999,-6999,-6999,-6999,-6999,-6999
105,142,730,-6999,-6999,-6999,-6999,-6999,-6999,-6999,-6999,-6999
105,142,740,-6999,-6999,-6999,-6999,-6999,-6999,-6999,-6999,-6999
105,142,750,-6999,-6999,-6999,-6999,-6999,-6999,-6999,-6999,-6999
105,142,800,-6999,-6999,-6999,-6999,-6999,-6999,-6999,-6999,-6999
105,142,810,-6999,-6999,-6999,-6999,-6999,-6999,-6999,-6999,-6999
105,142,820,-6999,-6999,-6999,-6999,-6999,-6999,-6999,-6999,-6999
105,142,830,-6999,-6999,-6999,-6999,-6999,-6999,-6999,-6999,-6999
105,142,840,-6999,-6999,-6999,-6999,-6999,-6999,-6999,-6999,-6999
105,142,850,-6999,-6999,-6999,-6999,-6999,-6999,-6999,-6999,-6999
105,142,900,-6999,-6999,-6999,-6999,-6999,-6999,-6999,-6999,-6999
105,142,910,-6999,-6999,-6999,-6999,-6999,-6999,-6999,-6999,-6999
105,142,920,-6999,-6999,-6999,-6999,-6999,-6999,-6999,-6999,-6999
105,142,930,-6999,-6999,-6999,-6999,-6999,-6999,-6999,-6999,-6999
105,142,940,-6999,-6999,-6999,-6999,-6999,-6999,-6999,-6999,-6999
105,142,950,-6999,-6999,-6999,-6999,-6999,-6999,-6999,-6999,-6999
105,142,1000,-6999,-6999,-6999,-6999,-6999,-6999,-6999,-6999,-6999
105,142,1010,-6999,-6999,-6999,-6999,-6999,-6999,-6999,-6999,-6999
105,142,1020,-6999,-6999,-6999,-6999,-6999,-6999,-6999,-6999,-6999
105,142,1030,-6999,-6999,-6999,-6999,-6999,-6999,-6999,-6999,-6999
105,142,1040,-6999,-6999,-6999,-6999,-6999,-6999,-6999,-6999,-6999
105,142,1050,-6999,-6999,-6999,-6999,-6999,-6999,-6999,-6999,-6999
105,142,1100,-6999,-6999,-6999,-6999,-6999,-6999,-6999,-6999,-6999
105,142,1110,-6999,-6999,-6999,-6999,-6999,-6999,-6999,-6999,-6999
105,142,1120,-6999,-6999,-6999,-6999,-6999,-6999,-6999,-6999,-6999
105,142,1130,-6999,-6999,-6999,-6999,-6999,-6999,-6999,-6999,-6999
105,142,1140,-6999,-6999,-6999,-6999,-6999,-6999,-6999,-6999,-6999
105,142,1150,-6999,-6999,-6999,-6999,-6999,-6999,-6999,-6999,-6999
105,142,1200,-6999,-6999,-6999,-6999,-6999,-6999,-6999,-6999,-6999
105,142,1210,-6999,-6999,-6999,-6999,-6999,-6999,-6999,-6999,-6999
105,142,1220,-6999,-6999,-6999,-6999,-6999,-6999,-6999,-6999,-6999
105,142,1230,-6999,-6999,-6999,-6999,-6999,-6999,-6999,-6999,-6999
105,142,1240,-6999,-6999,-6999,-6999,-6999,-6999,-6999,-6999,-6999
105,142,1250,-6999,-6999,-6999,-6999,-6999,-6999,-6999,-6999,-6999
105,142,1300,-6999,-6999,-6999,-6999,-6999,-6999,-6999,-6999,-6999
105,142,1310,-6999,-6999,-6999,-6999,-6999,-6999,-6999,-6999,-6999
105,142,1320,-6999,-6999,-6999,-6999,-6999,-6999,-6999,-6999,-6999
105,142,1330,-6999,-6999,-6999,-6999,-6999,-6999,-6999,-6999,-6999
105,142,1340,-6999,-6999,-6999,-6999,-6999,-6999,-6999,-6999,-6999
105,142,1350,-6999,-6999,-6999,-6999,-6999,-6999,-6999,-6999,-6999
105,142,1400,-6999,-6999,-6999,-6999,-6999,-6999,-6999,-6999,-6999
105,142,1410,-6999,-6999,-6999,-6999,-6999,-6999,-6999,-6999,-6999
105,142,1420,-6999,-6999,-6999,-6999,-6999,-6999,-6999,-6999,-6999
105,142,1430,-6999,-6999,-6999,-6999,-6999,-6999,-6999,-6999,-6999
105,142,1440,-6999,-6999,-6999,-6999,-6999,-6999,-6999,-6999,-6999
105,142,1450,-6999,-6999,-6999,-6999,-6999,-6999,-6999,-6999,-6999
105,142,1500,-6999,-6999,-6999,-6999,-6999,-6999,-6999,-6999,-6999
105,142,1510,-6999,-6999,-6999,-6999,-6999,-6999,-6999,-6999,-6999
105,142,1520,-6999,-6999,-6999,-6999,-6999,-6999,-6999,-6999,-6999
105,142,1530,-6999,-6999,-6999,-6999,-6999,-6999,-6999,-6999,-6999
105,142,1540,-6999,-6999,-6999,-6999,-6999,-6999,-6999,-6999,-6999
105,142,1550,-6999,-6999,-6999,-6999,-6999,-6999,-6999,-6999,-6999
105,142,1600,-6999,-6999,-6999,-6999,-6999,-6999,-6999,-6999,-6999
105,142,1610,-6999,-6999,-6999,-6999,-6999,-6999,-6999,-6999,-6999
105,142,1620,-6999,-6999,-6999,-6999,-6999,-6999,-6999,-6999,-6999
105,142,1630,-6999,-6999,-6999,-6999,-6999,-6999,-6999,-6999,-6999
105,142,1640,-6999,-6999,-6999,-6999,-6999,-6999,-6999,-6999,-6999
105,142,1650,-6999,-6999,-6999,-6999,-6999,-6999,-6999,-6999,-6999
105,142,1700,-6999,-6999,-6999,-6999,-6999,-6999,-6999,-6999,-6999
105,142,1710,-6999,-6999,-6999,-6999,-6999,-6999,-6999,-6999,-6999
105,142,1720,-6999,-6999,-6999,-6999,-6999,-6999,-6999,-6999,-6999
105,142,1730,-6999,-6999,-6999,-6999,-6999,-6999,-6999,-6999,-6999
105,142,1740,-6999,-6999,-6999,-6999,-6999,-6999,-6999,-6999,-6999
105,142,1750,-6999,-6999,-6999,-6999,-6999,-6999,-6999,-6999,-6999
105,142,1800,-6999,-6999,-6999,-6999,-6999,-6999,-6999,-6999,-6999
105,142,1810,-6999,-6999,-6999,-6999,-6999,-6999,-6999,-6999,-6999
105,142,1820,-6999,-6999,-6999,-6999,-6999,-6999,-6999,-6999,-6999
105,142,1830,-6999,-6999,-6999,-6999,-6999,-6999,-6999,-6999,-6999
105,142,1840,-6999,-6999,-6999,-6999,-6999,-6999,-6999,-6999,-6999
105,142,1850,-6999,-6999,-6999,-6999,-6999,-6999,-6999,-6999,-6999
105,142,1900,-6999,-6999,-6999,-6999,-6999,-6999,-6999,-6999,-6999
105,142,1910,-6999,-6999,-6999,-6999,-6999,-6999,-6999,-6999,-6999
105,142,1920,-6999,-6999,-6999,-6999,-6999,-6999,-6999,-6999,-6999
105,142,1930,-6999,-6999,-6999,-6999,-6999,-6999,-6999,-6999,-6999
105,142,1940,-6999,-6999,-6999,-6999,-6999,-6999,-6999,-6999,-6999
105,142,1950,-6999,-6999,-6999,-6999,-6999,-6999,-6999,-6999,-6999
105,142,2000,-6999,-6999,-6999,-6999,-6999,-6999,-6999,-6999,-6999
105,142,2010,-6999,-6999,-6999,-6999,-6999,-6999,-6999,-6999,-6999
105,142,2020,-6999,-6999,-6999,-6999,-6999,-6999,-6999,-6999,-6999
105,142,2030,-6999,-6999,-6999,-6999,-6999,-6999,-6999,-6999,-6999
105,142,2040,-6999,-6999,-6999,-6999,-6999,-6999,-6999,-6999,-6999
105,142,2050,-6999,-6999,-6999,-6999,-6999,-6999,-6999,-6999,-6999
105,142,2100,-6999,-6999,-6999,-6999,-6999,-6999,-6999,-6999,-6999
105,142,2110,-6999,-6999,-6999,-6999,-6999,-6999,-6999,-6999,-6999
105,142,2120,-6999,-6999,-6999,-6999,-6999,-6999,-6999,-6999,-6999
105,142,2130,-6999,-6999,-6999,-6999,-6999,-6999,-6999,-6999,-6999
105,142,2140,-6999,-6999,-6999,-6999,-6999,-6999,-6999,-6999,-6999
105,142,2150,-6999,-6999,-6999,-6999,-6999,-6999,-6999,-6999,-6999
105,142,2200,-6999,-6999,-6999,-6999,-6999,-6999,-6999,-6999,-6999
105,142,2210,-6999,-6999,-6999,-6999,-6999,-6999,-6999,-6999,-6999
105,142,2220,-6999,-6999,-6999,-6999,-6999,-6999,-6999,-6999,-6999
105,142,2230,-6999,-6999,-6999,-6999,-6999,-6999,-6999,-6999,-6999
105,142,2240,-6999,-6999,-6999,-6999,-6999,-6999,-6999,-6999,-6999
105,142,2250,-6999,-6999,-6999,-6999,-6999,-6999,-6999,-6999,-6999
105,142,2300,-6999,-6999,-6999,-6999,-6999,-6999,-6999,-6999,-6999
105,142,2310,-6999,-6999,-6999,-6999,-6999,-6999,-6999,-6999,-6999
105,142,2320,-6999,-6999,-6999,-6999,-6999,-6999,-6999,-6999,-6999
105,142,2330,-6999,-6999,-6999,-6999,-6999,-6999,-6999,-6999,-6999
105,142,2340,-6999,-6999,-6999,-6999,-6999,-6999,-6999,-6999,-6999
105,142,2350,-6999,-6999,-6999,-6999,-6999,-6999,-6999,-6999,-6999
105,142,2400,-6999,-6999,-6999,-6999,-6999,-6999,-6999,-6999,-6999
105,143,10,-6999,-6999,-6999,-6999,-6999,-6999,-6999,-6999,-6999
105,143,20,-6999,-6999,-6999,-6999,-6999,-6999,-6999,-6999,-6999
105,143,30,-6999,-6999,-6999,-6999,-6999,-6999,-6999,-6999,-6999
105,143,40,-6999,-6999,-6999,-6999,-6999,-6999,-6999,-6999,-6999
105,143,50,-6999,-6999,-6999,-6999,-6999,-6999,-6999,-6999,-6999
105,143,100,-6999,-6999,-6999,-6999,-6999,-6999,-6999,-6999,-6999
105,143,110,-6999,-6999,-6999,-6999,-6999,-6999,-6999,-6999,-6999
105,143,120,-6999,-6999,-6999,-6999,-6999,-6999,-6999,-6999,-6999
105,143,130,-6999,-6999,-6999,-6999,-6999,-6999,-6999,-6999,-6999
105,143,140,-6999,-6999,-6999,-6999,-6999,-6999,-6999,-6999,-6999
105,143,150,-6999,-6999,-6999,-6999,-6999,-6999,-6999,-6999,-6999
105,143,200,-6999,-6999,-6999,-6999,-6999,-6999,-6999,-6999,-6999
105,143,210,-6999,-6999,-6999,-6999,-6999,-6999,-6999,-6999,-6999
105,143,220,-6999,-6999,-6999,-6999,-6999,-6999,-6999,-6999,-6999
105,143,230,-6999,-6999,-6999,-6999,-6999,-6999,-6999,-6999,-6999
105,143,240,-6999,-6999,-6999,-6999,-6999,-6999,-6999,-6999,-6999
105,143,250,-6999,-6999,-6999,-6999,-6999,-6999,-6999,-6999,-6999
105,143,300,-6999,-6999,-6999,-6999,-6999,-6999,-6999,-6999,-6999
105,143,310,-6999,-6999,-6999,-6999,-6999,-6999,-6999,-6999,-6999
105,143,320,-6999,-6999,-6999,-6999,-6999,-6999,-6999,-6999,-6999
105,143,330,-6999,-6999,-6999,-6999,-6999,-6999,-6999,-6999,-6999
105,143,340,-6999,-6999,-6999,-6999,-6999,-6999,-6999,-6999,-6999
105,143,350,-6999,-6999,-6999,-6999,-6999,-6999,-6999,-6999,-6999
105,143,400,-6999,-6999,-6999,-6999,-6999,-6999,-6999,-6999,-6999
105,143,410,-6999,-6999,-6999,-6999,-6999,-6999,-6999,-6999,-6999
105,143,420,-6999,-6999,-6999,-6999,-6999,-6999,-6999,-6999,-6999
105,143,430,-6999,-6999,-6999,-6999,-6999,-6999,-6999,-6999,-6999
105,143,440,-6999,-6999,-6999,-6999,-6999,-6999,-6999,-6999,-6999
105,143,450,-6999,-6999,-6999,-6999,-6999,-6999,-6999,-6999,-6999
105,143,500,-6999,-6999,-6999,-6999,-6999,-6999,-6999,-6999,-6999
105,143,510,-6999,-6999,-6999,-6999,-6999,-6999,-6999,-6999,-6999
105,143,520,-6999,-6999,-6999,-6999,-6999,-6999,-6999,-6999,-6999
105,143,530,-6999,-6999,-6999,-6999,-6999,-6999,-6999,-6999,-6999
105,143,540,-6999,-6999,-6999,-6999,-6999,-6999,-6999,-6999,-6999
105,143,550,-6999,-6999,-6999,-6999,-6999,-6999,-6999,-6999,-6999
105,143,600,-6999,-6999,-6999,-6999,-6999,-6999,-6999,-6999,-6999
105,143,610,-6999,-6999,-6999,-6999,-6999,-6999,-6999,-6999,-6999
105,143,620,-6999,-6999,-6999,-6999,-6999,-6999,-6999,-6999,-6999
105,143,630,-6999,-6999,-6999,-6999,-6999,-6999,-6999,-6999,-6999
105,143,640,-6999,-6999,-6999,-6999,-6999,-6999,-6999,-6999,-6999
105,143,650,-6999,-6999,-6999,-6999,-6999,-6999,-6999,-6999,-6999
105,143,700,-6999,-6999,-6999,-6999,-6999,-6999,-6999,-6999,-6999
105,143,710,-6999,-6999,-6999,-6999,-6999,-6999,-6999,-6999,-6999
105,143,720,-6999,-6999,-6999,-6999,-6999,-6999,-6999,-6999,-6999
105,143,730,-6999,-6999,-6999,-6999,-6999,-6999,-6999,-6999,-6999
105,143,740,-6999,-6999,-6999,-6999,-6999,-6999,-6999,-6999,-6999
105,143,750,-6999,-6999,-6999,-6999,-6999,-6999,-6999,-6999,-6999
105,143,800,-6999,-6999,-6999,-6999,-6999,-6999,-6999,-6999,-6999
105,143,810,-6999,-6999,-6999,-6999,-6999,-6999,-6999,-6999,-6999
105,143,820,-6999,-6999,-6999,-6999,-6999,-6999,-6999,-6999,-6999
105,143,830,-6999,-6999,-6999,-6999,-6999,-6999,-6999,-6999,-6999
105,143,840,-6999,-6999,-6999,-6999,-6999,-6999,-6999,-6999,-6999
105,143,850,-6999,-6999,-6999,-6999,-6999,-6999,-6999,-6999,-6999
105,143,900,-6999,-6999,-6999,-6999,-6999,-6999,-6999,-6999,-6999
105,143,910,-6999,-6999,-6999,-6999,-6999,-6999,-6999,-6999,-6999
105,143,920,-6999,-6999,-6999,-6999,-6999,-6999,-6999,-6999,-6999
105,143,930,-6999,-6999,-6999,-6999,-6999,-6999,-6999,-6999,-6999
105,143,940,-6999,-6999,-6999,-6999,-6999,-6999,-6999,-6999,-6999
105,143,950,-6999,-6999,-6999,-6999,-6999,-6999,-6999,-6999,-6999
105,143,1000,-6999,-6999,-6999,-6999,-6999,-6999,-6999,-6999,-6999
105,143,1010,-6999,-6999,-6999,-6999,-6999,-6999,-6999,-6999,-6999
105,143,1020,-6999,-6999,-6999,-6999,-6999,-6999,-6999,-6999,-6999
105,143,1030,-6999,-6999,-6999,-6999,-6999,-6999,-6999,-6999,-6999
105,143,1040,-6999,-6999,-6999,-6999,-6999,-6999,-6999,-6999,-6999
105,143,1050,-6999,-6999,-6999,-6999,-6999,-6999,-6999,-6999,-6999
105,143,1100,-6999,-6999,-6999,-6999,-6999,-6999,-6999,-6999,-6999
105,143,1110,-6999,-6999,-6999,-6999,-6999,-6999,-6999,-6999,-6999
105,143,1120,-6999,-6999,-6999,-6999,-6999,-6999,-6999,-6999,-6999
105,143,1130,-6999,-6999,-6999,-6999,-6999,-6999,-6999,-6999,-6999
105,143,1140,-6999,-6999,-6999,-6999,-6999,-6999,-6999,-6999,-6999
105,143,1150,-6999,-6999,-6999,-6999,-6999,-6999,-6999,-6999,-6999
105,143,1200,-6999,-6999,-6999,-6999,-6999,-6999,-6999,-6999,-6999
105,143,1210,-6999,-6999,-6999,-6999,-6999,-6999,-6999,-6999,-6999
105,143,1220,-6999,-6999,-6999,-6999,-6999,-6999,-6999,-6999,-6999
105,143,1230,-6999,-6999,-6999,-6999,-6999,-6999,-6999,-6999,-6999
105,143,1240,-6999,-6999,-6999,-6999,-6999,-6999,-6999,-6999,-6999
105,143,1250,-6999,-6999,-6999,-6999,-6999,-6999,-6999,-6999,-6999
105,143,1300,-6999,-6999,-6999,-6999,-6999,-6999,-6999,-6999,-6999
105,143,1430,-6999,-6999,-6999,-6999,-6999,-6999
105,143,1500,33.45,33.02,29.27,29.74,28.54,34.22
105,143,1530,35.08,34.72,31.26,31.98,30.69,36.13
105,143,1600,35.28,35,31.64,32.55,31.26,36.6
105,143,1630,35.28,35.05,31.74,32.75,31.51,36.76
105,143,1700,35.4,35.21,31.96,33.05,31.85,37.04
105,143,1730,35.49,35.34,32.15,33.25,32.13,37.27
105,143,1800,35.6,35.5,32.36,33.38,32.43,37.53
105,143,1830,35.8,35.73,32.61,33.51,32.72,37.81
105,143,1900,35.92,35.91,32.8,33.59,32.87,38.04
105,143,1930,36.04,36.08,33,33.66,32.98,38.26
105,143,2000,36.05,36.15,33.14,33.62,33,38.37
105,143,2030,36.19,36.31,33.34,33.67,33.1,38.53
105,143,2100,36.3,36.44,33.52,33.69,33.17,38.66
105,143,2130,36.51,36.66,33.75,33.79,33.32,38.83
105,143,2200,36.71,36.88,33.96,33.86,33.42,38.94
105,143,2230,36.91,37.11,34.19,33.94,33.52,39
105,143,2300,37.12,37.38,34.45,34.03,33.64,39.06
105,143,2330,37.35,37.65,34.72,34.12,33.76,39.14
105,143,2400,37.61,37.92,34.97,34.2,33.86,39.3
105,144,30,37.82,38.13,35.2,34.23,33.92,39.47
105,144,100,38.06,38.36,35.41,34.26,33.97,39.64
105,144,130,38.3,38.61,35.62,34.32,34.03,39.81
105,144,200,38.51,38.83,35.81,34.34,34.08,39.95
105,144,230,38.74,39.08,36.04,34.38,34.15,40.11
105,144,300,39.01,39.36,36.27,34.43,34.23,40.27
105,144,330,39.25,39.62,36.49,34.48,34.29,40.43
105,144,400,39.52,39.91,36.74,34.54,34.37,40.58
105,144,430,39.77,40.18,36.97,34.58,34.44,40.72
105,144,500,39.98,40.42,37.22,34.61,34.48,40.83
105,144,530,40.16,40.65,37.41,34.61,34.51,40.92
105,144,600,40.27,40.82,37.59,34.59,34.52,40.98
105,144,630,40.38,41.03,37.82,34.62,34.57,41.07
105,144,700,40.42,41.19,38.03,34.65,34.62,41.15
105,144,730,40.45,41.28,38.23,34.69,34.68,41.21
105,144,800,40.49,41.37,38.43,34.74,34.75,41.27
105,144,830,40.49,41.38,38.58,34.76,34.78,41.26
105,144,900,40.52,41.42,38.68,34.8,34.83,41.24
105,144,930,40.53,41.41,38.73,34.81,34.86,41.18
105,144,1000,40.52,41.38,38.76,34.83,34.9,41.11
105,144,1030,40.55,41.42,38.87,34.88,34.96,41.06
105,144,1100,40.48,41.34,38.94,34.85,34.95,40.94
105,144,1130,40.49,41.36,39.11,34.89,35.01,40.87
105,144,1200,40.5,41.36,39.3,34.92,35.05,40.79
105,144,1230,40.57,41.44,39.56,35.02,35.15,40.77
105,144,1300,40.56,41.45,39.75,35.04,35.18,40.72
105,144,1330,40.38,41.27,39.87,34.92,35.14,40.65
105,144,1400,40.38,41.27,40.13,34.96,35.23,40.74
105,144,1430,40.37,41.29,40.39,34.99,35.34,40.87
105,144,1500,40.25,41.18,40.56,34.91,35.29,40.96
105,144,1530,40.2,41.16,40.82,34.93,35.32,41.07
105,144,1600,40.34,41.35,41.19,35.09,35.55,41.25
105,144,1630,40.3,41.38,41.4,35.06,35.59,41.37
105,144,1700,40.13,41.28,41.58,34.95,35.5,41.41
105,144,1730,40.13,41.34,41.85,34.96,35.51,41.48
105,144,1800,40.14,41.4,42.12,34.99,35.53,41.5
105,144,1830,40.11,41.42,42.33,34.97,35.54,41.46
105,144,1900,40.01,41.36,42.46,34.92,35.51,41.35
105,144,1930,40.19,41.58,42.71,35.08,35.66,41.39
105,144,2000,40.18,41.61,42.66,35.07,35.65,41.29
105,144,2030,40.11,41.57,42.62,35.06,35.67,41.21
105,144,2100,40.13,41.62,42.58,35.1,35.72,41.16
105,144,2130,40.1,41.62,42.5,35.09,35.73,41.06
105,144,2200,40.03,41.58,42.42,35.06,35.73,40.95
105,144,2230,40.01,41.57,42.39,35.07,35.75,40.86
105,144,2300,40.03,41.62,42.36,35.1,35.81,40.81
105,144,2330,40.03,41.65,42.27,35.12,35.85,40.73
105,144,2400,40.06,41.71,42.2,35.16,35.9,40.67
105,145,30,40.08,41.76,42.15,35.19,35.94,40.59
105,145,100,40.07,41.77,42.1,35.19,35.97,40.51
105,145,130,40.05,41.77,42.06,35.19,36,40.41
105,145,200,40.04,41.78,42.01,35.2,36.03,40.33
105,145,230,40.02,41.78,41.95,35.2,36.05,40.24
105,145,300,40.01,41.79,41.89,35.2,36.08,40.15
105,145,330,39.98,41.79,41.83,35.19,36.1,40.05
105,145,400,39.96,41.79,41.82,35.19,36.13,39.96
105,145,430,39.94,41.79,41.89,35.19,36.16,39.88
105,145,500,39.92,41.8,42.06,35.2,36.19,39.82
105,145,530,39.87,41.79,42.22,35.18,36.2,39.73
105,145,600,39.92,41.88,42.46,35.24,36.27,39.71
105,145,630,40,41.99,42.64,35.3,36.34,39.69
105,145,700,39.95,41.96,42.68,35.28,36.33,39.59
105,145,730,39.97,42.01,42.73,35.32,36.38,39.55
105,145,800,39.9,41.98,42.76,35.28,36.38,39.46
105,145,830,39.81,41.91,42.85,35.24,36.38,39.36
105,145,900,39.82,41.94,43.1,35.27,36.42,39.32
105,145,930,39.96,42.12,43.47,35.53,36.55,39.36
105,145,1000,39.82,42.01,43.66,35.55,36.49,39.22
105,145,1030,39.68,41.92,43.81,35.56,36.46,39.13
105,145,1100,39.78,42.04,44.19,35.74,36.64,39.19
105,145,1130,39.78,42.09,44.45,35.91,36.9,39.22
105,145,1200,39.53,41.86,44.5,35.81,36.96,39.13
105,145,1230,39.46,41.82,44.66,35.75,36.96,39.17
105,145,1300,39.76,42.17,44.93,36.12,37.3,39.44
105,145,1330,39.54,41.97,44.77,36.01,37.36,39.42
105,145,1400,39.45,41.92,44.9,36.03,37.51,39.54
105,145,1430,38.47,41.5,45.26,35.78,37.49,39.69
105,145,1500,38.34,41.57,45.64,35.71,37.6,39.94
105,145,1530,38.28,41.58,45.93,35.76,37.74,40.14
105,145,1600,38.32,41.69,46.32,35.89,37.95,40.42
105,145,1630,38.29,41.73,46.68,35.96,38.09,40.64
105,145,1700,38.25,41.76,47.04,35.99,38.18,40.83
105,145,1730,38.19,41.76,47.38,36,38.26,41.01
105,145,1800,38.24,41.89,47.81,36.07,38.37,41.22
105,145,1830,38.07,41.78,48.11,35.97,38.34,41.3
105,145,1900,38.14,41.93,48.52,36.04,38.42,41.46
105,145,1930,38.02,41.88,48.79,35.94,38.35,41.47
105,145,2000,37.99,41.91,49.08,35.88,38.28,41.47
105,145,2030,38.06,42.04,49.33,35.86,38.23,41.5
105,145,2100,38.15,42.2,49.47,35.84,38.15,41.49
105,145,2130,37.96,42.06,49.4,35.62,37.97,41.35
105,145,2200,37.93,42.1,49.43,35.54,37.93,41.34
105,145,2230,37.92,42.15,49.42,35.45,37.89,41.3
105,145,2300,37.94,42.23,49.41,35.41,37.88,41.29
105,145,2330,37.93,42.28,49.38,35.35,37.86,41.27
105,145,2400,37.92,42.34,49.32,35.3,37.83,41.23
105,146,30,37.94,42.4,49.28,35.27,37.83,41.21
105,146,100,37.92,42.44,49.21,35.22,37.81,41.17
105,146,130,37.95,42.52,49.18,35.21,37.83,41.16
105,146,200,37.95,42.58,49.12,35.2,37.82,41.12
105,146,230,37.91,42.58,49.03,35.14,37.79,41.06
105,146,300,37.89,42.62,48.98,35.12,37.79,41.01
105,146,330,37.87,42.64,48.91,35.1,37.78,40.95
105,146,400,37.88,42.7,48.95,35.11,37.78,40.91
105,146,430,37.87,42.75,49.24,35.14,37.75,40.87
105,146,500,37.83,42.77,49.62,35.16,37.72,40.82
105,146,530,37.8,42.8,50.02,35.18,37.7,40.79
105,146,600,37.8,42.85,50.38,35.18,37.67,40.77
105,146,630,37.79,42.91,50.68,35.17,37.62,40.74
105,146,700,37.75,42.93,50.93,35.14,37.56,40.7
105,146,730,37.83,43.07,51.25,35.24,37.6,40.74
105,146,800,37.84,43.16,51.5,35.29,37.56,40.73
105,146,830,37.76,43.15,51.73,35.25,37.47,40.67
105,146,900,37.76,43.22,52.04,35.27,37.43,40.67
105,146,930,37.77,43.29,52.36,35.33,37.45,40.67
105,146,1000,37.79,43.4,52.73,35.39,37.48,40.71
105,146,1030,37.78,43.49,53.07,35.42,37.48,40.72
105,146,1100,37.72,43.53,53.37,35.4,37.46,40.72
105,146,1130,37.66,43.59,53.68,35.4,37.47,40.73
105,146,1200,37.6,43.64,53.98,35.39,37.51,40.7
105,146,1230,37.32,43.47,54.07,35.18,37.36,40.55
105,146,1300,37.26,43.48,54.37,35.1,37.4,40.56
105,146,1330,37.64,43.96,54.96,35.29,37.6,40.81
105,146,1400,37.63,44.06,55.18,35.28,37.53,40.79
105,146,1430,37.52,44.04,55.4,35.25,37.52,40.72
105,146,1500,37.49,44.11,55.67,35.3,37.52,40.69
105,146,1530,37.42,44.12,55.94,35.32,37.53,40.65
105,146,1600,37.43,44.21,56.25,35.34,37.55,40.68
105,146,1630,37.39,44.25,56.55,35.32,37.55,40.66
105,146,1700,37.38,44.35,56.79,35.3,37.53,40.63
105,146,1730,37.11,44.18,56.86,35.15,37.45,40.47
105,146,1800,37.25,44.4,57.26,35.2,37.59,40.58
105,146,1830,37.45,44.67,57.64,35.23,37.67,40.67
105,146,1900,37.44,44.73,57.9,35.16,37.64,40.64
105,146,1930,37.51,44.88,58.17,35.19,37.6,40.62
105,146,2000,37.43,44.88,58.38,35.2,37.57,40.55
105,146,2030,37.35,44.88,58.58,35.19,37.56,40.49
105,146,2100,37.25,44.84,58.78,35.13,37.54,40.43
105,146,2130,37.23,44.9,59,35.08,37.58,40.42
105,146,2200,37.22,44.96,59.17,35,37.63,40.42
105,146,2230,37.27,45.09,59.26,34.97,37.7,40.43
105,146,2300,37.26,45.14,59.2,34.91,37.73,40.4
105,146,2330,37.22,45.18,59.1,34.85,37.78,40.36
105,146,2400,37.18,45.22,58.97,34.8,37.82,40.31
105,147,30,37.18,45.29,58.86,34.76,37.87,40.28
105,147,100,37.24,45.43,58.79,34.77,37.92,40.28
105,147,130,37.21,45.46,58.63,34.7,37.89,40.21
105,147,200,37.19,45.51,58.49,34.67,37.94,40.17
105,147,230,37.13,45.49,58.33,34.61,37.94,40.1
105,147,300,37.12,45.54,58.21,34.57,37.95,40.06
105,147,330,37.14,45.62,58.09,34.55,37.97,40.02
105,147,400,37.15,45.69,57.97,34.52,37.97,39.98
105,147,430,37.11,45.71,57.99,34.47,37.96,39.91
105,147,500,37.11,45.77,58.2,34.45,37.97,39.87
105,147,530,37.13,45.84,58.39,34.43,37.99,39.82
105,147,600,37.21,46,58.62,34.48,38.07,39.84
105,147,630,37.26,46.13,58.72,34.48,38.08,39.82
105,147,700,37.14,46.05,58.71,34.38,38.03,39.69
105,147,730,37.32,46.3,58.98,34.48,38.11,39.76
105,147,800,37.19,46.24,59.04,34.36,38,39.62
105,147,830,37.26,46.37,59.26,34.39,38.02,39.62
105,147,900,37.26,46.44,59.34,34.37,37.97,39.57
105,147,930,37.18,46.42,59.35,34.28,37.9,39.48
105,147,1000,36.91,46.2,59.25,34.08,37.79,39.3
105,147,1030,37.1,46.47,59.47,34.23,37.93,39.42
105,147,1100,37.06,46.49,59.48,34.16,37.86,39.33
105,147,1130,36.94,46.45,59.49,34.08,37.84,39.24
105,147,1200,37.07,46.63,59.67,34.17,37.92,39.3
105,147,1230,37.03,46.63,59.77,34.13,37.88,39.22
105,147,1300,37.05,46.72,59.91,34.19,37.92,39.22
105,147,1330,36.84,46.59,59.87,34.05,37.82,39.06
105,147,1400,37.07,46.88,60.15,34.24,37.99,39.18
105,147,1430,37.05,46.92,60.17,34.36,37.87,39.1
105,147,1500,36.94,46.84,60.23,34.35,37.87,39.02
105,147,1530,37,46.98,60.39,34.44,37.9,39.04
105,147,1600,36.98,47,60.51,34.5,37.95,39.02
105,147,1630,37,47.09,60.65,34.55,37.95,38.99
105,147,1700,36.97,47.11,60.79,34.61,38.06,38.94
105,147,1730,36.91,47.12,60.92,34.64,38.12,38.87
105,147,1800,36.99,47.24,61.2,34.77,38.28,38.9
105,147,1830,36.88,47.22,61.33,34.75,38.36,38.83
105,147,1900,36.94,47.34,61.57,34.83,38.44,38.84
105,147,1930,37.01,47.48,61.8,34.88,38.43,38.82
105,147,2000,36.91,47.46,61.95,34.81,38.4,38.75
105,147,2030,36.87,47.5,62.13,34.76,38.38,38.72
105,147,2100,36.86,47.55,62.31,34.67,38.38,38.71
105,147,2130,36.86,47.61,62.49,34.58,38.4,38.69
105,147,2200,36.89,47.7,62.68,34.54,38.44,38.69
105,147,2230,36.94,47.81,62.86,34.53,38.49,38.69
105,147,2300,36.96,47.9,63.01,34.49,38.52,38.68
105,147,2330,36.96,47.97,63.13,34.44,38.52,38.64
105,147,2400,36.94,48.01,63.22,34.39,38.51,38.59
105,148,30,36.92,48.05,63.29,34.37,38.54,38.56
105,148,100,36.93,48.11,63.36,34.34,38.56,38.54
105,148,130,36.92,48.16,63.39,34.31,38.6,38.5
105,148,200,36.92,48.21,63.39,34.29,38.63,38.47
105,148,230,36.92,48.27,63.34,34.27,38.66,38.44
105,148,300,36.92,48.32,63.24,34.25,38.68,38.4
105,148,330,36.92,48.36,63.1,34.24,38.71,38.36
105,148,400,36.91,48.41,62.95,34.23,38.76,38.32
105,148,430,36.89,48.44,62.78,34.2,38.79,38.27
105,148,500,36.87,48.48,62.61,34.17,38.82,38.22
105,148,530,36.87,48.53,62.46,34.17,38.88,38.18
105,148,600,36.92,48.62,62.34,34.19,38.94,38.17
105,148,630,36.98,48.71,62.2,34.22,38.96,38.17
105,148,700,37.08,48.84,62.07,34.25,38.94,38.17
105,148,730,37.1,48.91,61.86,34.21,38.85,38.12
105,148,800,37,48.85,61.58,34.1,38.73,38.02
105,148,830,36.97,48.86,61.38,34.07,38.69,37.97
105,148,900,36.94,48.84,61.17,34.02,38.67,37.92
105,148,930,36.99,48.93,61.01,34.05,38.67,37.92
105,148,1000,36.95,48.93,60.75,33.99,38.61,37.84
105,148,1030,36.97,49,60.58,34,38.61,37.82
105,148,1100,36.88,48.96,60.33,33.93,38.55,37.74
105,148,1130,36.83,48.95,60.12,33.89,38.53,37.68
105,148,1200,36.88,49.04,59.98,33.96,38.58,37.69
105,148,1230,36.94,49.15,59.86,34.06,38.6,37.71
105,148,1300,36.85,49.13,59.59,34.09,38.56,37.63
105,148,1330,36.9,49.23,59.44,34.26,38.6,37.64
105,148,1400,36.83,49.21,59.22,34.27,38.56,37.58
105,148,1430,36.8,49.24,59.04,34.35,38.57,37.58
105,148,1500,36.76,49.27,58.85,34.38,38.58,37.57
105,148,1530,36.84,49.4,58.76,34.51,38.65,37.65
105,148,1600,36.83,49.44,58.6,34.6,38.66,37.7
105,148,1630,36.85,49.51,58.48,34.72,38.71,37.77
105,148,1700,36.79,49.5,58.32,34.76,38.75,37.77
105,148,1730,36.79,49.56,58.22,34.82,38.8,37.79
105,148,1800,36.85,49.66,58.18,34.87,38.86,37.83
105,148,1830,36.87,49.71,58.12,34.83,38.89,37.85
105,148,1900,36.8,49.68,58.01,34.68,38.9,37.83
105,148,1930,36.84,49.75,57.99,34.61,39,37.88
105,148,2000,36.9,49.83,57.98,34.59,39.05,37.91
105,148,2030,36.9,49.83,57.93,34.51,39.08,37.9
105,148,2100,36.85,49.76,57.85,34.4,39.07,37.86
105,148,2130,36.77,49.62,57.78,34.28,39.12,37.83
105,148,2200,36.76,49.55,57.79,34.24,39.24,37.87
105,148,2230,36.78,49.56,57.8,34.23,39.35,37.89
105,148,2300,36.83,49.61,57.82,34.24,39.45,37.92
105,148,2330,36.89,49.68,57.83,34.27,39.54,37.94
105,148,2400,36.9,49.7,57.8,34.25,39.61,37.94
105,149,30,36.9,49.71,57.77,34.24,39.68,37.93
105,149,100,36.93,49.75,57.74,34.24,39.73,37.92
105,149,130,36.98,49.81,57.71,34.27,39.8,37.93
105,149,200,36.97,49.81,57.63,34.25,39.83,37.9
105,149,230,36.96,49.8,57.54,34.23,39.85,37.87
105,149,300,36.95,49.79,57.45,34.22,39.89,37.85
105,149,330,36.92,49.77,57.33,34.18,39.93,37.8
105,149,400,36.9,49.75,57.23,34.17,39.98,37.78
105,149,430,36.89,49.75,57.13,34.16,40.03,37.75
105,149,500,36.93,49.79,57.05,34.19,40.09,37.75
105,149,530,36.97,49.82,56.95,34.21,40.11,37.73
105,149,600,37.01,49.88,56.84,34.23,40.12,37.7
105,149,630,37.12,50,56.75,34.28,40.14,37.71
105,149,700,37.13,50.03,56.56,34.21,40.04,37.62
105,149,730,37.11,50.02,56.37,34.1,39.94,37.55
105,149,800,37.03,49.93,56.16,33.98,39.9,37.47
105,149,830,37.03,49.93,56.03,33.97,39.9,37.45
105,149,900,37.06,49.96,55.91,34,39.9,37.43
105,149,930,37.07,49.97,55.76,34.01,39.85,37.41
105,149,1000,37.14,50.06,55.63,34.03,39.8,37.41
105,149,1030,37.14,50.1,55.36,34.02,39.69,37.36
105,149,1100,37.04,50.01,55.09,33.94,39.53,37.27
105,149,1130,36.93,49.9,54.9,33.9,39.45,37.24
105,149,1200,36.93,49.91,54.77,33.93,39.43,37.26
105,149,1230,36.95,49.93,54.66,34,39.39,37.36
105,149,1300,36.82,49.81,54.43,33.99,39.38,37.42
105,149,1330,36.87,49.87,54.36,34.21,39.66,37.63
105,149,1400,36.84,49.85,54.22,34.41,39.96,37.86
105,149,1430,36.79,49.82,54.07,34.56,40.19,38.08
105,149,1500,36.78,49.84,53.95,34.69,40.36,38.31
105,149,1530,36.82,49.87,53.89,34.78,40.48,38.53
105,149,1600,36.81,49.87,53.82,34.81,40.52,38.7
105,149,1630,36.87,49.94,53.8,34.89,40.55,38.88
105,149,1700,36.83,49.93,53.75,34.89,40.48,38.98
105,149,1730,36.9,50.01,53.84,34.98,40.51,39.1
105,149,1800,37,50.12,54.07,35.07,40.51,39.18
105,149,1830,37.02,50.14,54.27,35.06,40.45,39.2
105,149,1900,36.97,50.11,54.45,35,40.38,39.18
105,149,1930,36.98,50.11,54.69,34.94,40.31,39.18
105,149,2000,36.88,50.01,54.94,34.77,40.27,39.16
105,149,2030,36.9,50.03,55.31,34.66,40.3,39.18
105,149,2100,36.99,50.12,55.73,34.65,40.37,39.24
105,149,2130,37.06,50.19,56.09,34.62,40.41,39.26
105,149,2200,37.11,50.23,56.43,34.59,40.45,39.27
105,149,2230,37.18,50.31,56.72,34.59,40.5,39.29
105,149,2300,37.2,50.32,56.87,34.55,40.51,39.27
105,149,2330,37.24,50.36,56.99,34.53,40.54,39.26
105,149,2400,37.24,50.37,57.05,34.5,40.56,39.24
105,150,30,37.25,50.38,57.06,34.47,40.57,39.22
105,150,100,37.26,50.38,57.07,34.45,40.62,39.2
105,150,130,37.27,50.39,57.03,34.43,40.66,39.19
105,150,200,37.26,50.38,56.95,34.41,40.7,39.16
105,150,230,37.3,50.41,56.89,34.42,40.75,39.15
105,150,300,37.27,50.39,56.76,34.39,40.77,39.1
105,150,330,37.27,50.39,56.65,34.37,40.79,39.06
105,150,400,37.26,50.38,56.54,34.36,40.83,39.02
105,150,430,37.23,50.34,56.41,34.32,40.83,38.96
105,150,500,37.23,50.33,56.3,34.31,40.85,38.93
105,150,530,37.23,50.34,56.18,34.3,40.86,38.88
105,150,600,37.38,50.48,56.16,34.39,40.95,38.9
105,150,630,37.48,50.59,56.05,34.44,40.95,38.88
105,150,700,37.49,50.6,55.84,34.4,40.84,38.77
105,150,730,37.44,50.55,55.6,34.29,40.69,38.64
105,150,800,37.39,50.5,55.37,34.15,40.54,38.54
105,150,830,37.37,50.48,55.13,33.89,40.32,38.45
105,150,900,37.17,50.28,54.84,33.79,40.23,38.31
105,150,930,37.24,50.35,54.73,33.87,40.19,38.33
105,150,1000,37.11,50.21,54.53,33.84,40.16,38.27
105,150,1030,37.1,50.19,54.41,33.87,40.19,38.25
105,150,1100,37.16,50.24,54.3,33.93,40.21,38.25
105,150,1130,37.17,50.25,54.15,33.94,40.17,38.23
105,150,1200,37.07,50.14,53.96,33.88,40.11,38.15
105,150,1230,37.1,50.17,53.86,33.93,40.16,38.17
105,150,1300,37.06,50.12,53.73,33.92,40.2,38.14
105,150,1330,37.14,50.19,53.68,33.98,40.29,38.17
105,150,1400,37.15,50.2,53.57,33.98,40.31,38.14
105,150,1430,37.19,50.24,53.48,34.01,40.37,38.13
105,150,1500,37.21,50.25,53.37,34.03,40.4,38.11
105,150,1530,37.15,50.19,53.21,33.98,40.39,38.03
105,150,1600,37.28,50.32,53.16,34.07,40.42,38.07
105,150,1630,37.24,50.28,52.99,34.03,40.37,38
105,150,1700,37.19,50.23,52.85,34.01,40.38,37.94
105,150,1730,37.21,50.25,52.76,34.03,40.42,37.92
105,150,1800,37.29,50.33,52.7,34.08,40.46,37.93
105,150,1830,37.25,50.28,52.54,34.04,40.44,37.86
105,150,1900,37.22,50.24,52.41,34.03,40.46,37.81
105,150,1930,37.23,50.25,52.31,34.06,40.53,37.8
105,150,2000,37.25,50.28,52.21,34.08,40.58,37.77
105,150,2030,37.23,50.26,52.09,34.09,40.61,37.73
105,150,2100,37.2,50.23,51.98,34.08,40.67,37.69
105,150,2130,37.25,50.26,51.91,34.13,40.76,37.68
105,150,2200,37.27,50.27,51.82,34.15,40.82,37.66
105,150,2230,37.26,50.26,51.72,34.15,40.85,37.62
105,150,2300,37.27,50.26,51.63,34.16,40.91,37.58
105,150,2330,37.28,50.28,51.56,34.17,40.95,37.55
105,150,2400,37.3,50.29,51.49,34.19,41,37.53
105,151,30,37.3,50.28,51.39,34.2,41.01,37.49
105,151,100,37.28,50.26,51.28,34.19,41.01,37.44
105,151,130,37.31,50.28,51.2,34.2,41.04,37.41
105,151,200,37.27,50.23,51.08,34.18,41.03,37.34
105,151,230,37.25,50.21,50.98,34.18,41.05,37.3
105,151,300,37.24,50.2,50.89,34.17,41.06,37.24
105,151,330,37.19,50.21,50.79,34.18,41.07,37.2
105,151,400,37.19,50.22,50.71,34.2,41.1,37.17
105,151,430,37.19,50.22,50.63,34.2,41.11,37.13
105,151,500,37.17,50.21,50.53,34.2,41.11,37.09
105,151,530,37.13,50.17,50.42,34.18,41.1,37.03
105,151,600,37.15,50.19,50.36,34.2,41.13,37
105,151,630,37.12,50.16,50.24,34.17,41.11,36.93
105,151,700,37.08,50.12,50.12,34.15,41.09,36.86
105,151,730,37.06,50.15,50.03,34.18,41.12,36.84
105,151,800,37.05,50.14,49.93,34.18,41.12,36.8
105,151,830,37.06,50.16,49.83,34.2,41.15,36.77
105,151,900,37.03,50.12,49.72,34.18,41.15,36.73
105,151,930,37.02,50.12,49.6,34.19,41.15,36.68
105,151,1000,37.01,50.12,49.48,34.21,41.15,36.63
105,151,1030,37.03,50.15,49.36,34.14,41.16,36.59
105,151,1100,37.03,50.13,49.22,34.08,41.14,36.52
105,151,1130,37.06,50.15,49.11,34.06,41.13,36.48
105,151,1200,36.99,50.06,48.91,33.98,41.06,36.38
105,151,1230,36.95,49.99,48.77,33.95,41.03,36.32
105,151,1300,36.9,49.92,48.6,33.91,41,36.26
105,151,1330,36.96,49.93,48.51,33.96,41.03,36.27
105,151,1400,37,49.96,48.43,34.08,41.05,36.27
105,151,1430,36.86,49.8,48.26,34.07,40.96,36.26
105,151,1500,36.84,49.74,48.21,33.97,40.93,36.3
105,151,1530,36.85,49.73,48.19,33.93,40.94,36.33
105,151,1600,36.96,49.8,48.23,33.99,41.01,36.39
105,151,1630,36.95,49.76,48.19,33.96,40.99,36.38
105,151,1700,37.05,49.83,48.24,34.01,41.06,36.44
105,151,1730,37.11,49.88,48.24,34.05,41.08,36.45
105,151,1800,37.21,49.96,48.25,34.11,41.1,36.46
105,151,1830,37.01,49.73,48.09,33.95,40.97,36.34
105,151,1900,36.95,49.64,48.04,33.91,40.96,36.32
105,151,1930,37.01,49.67,48.07,33.96,41.03,36.37
105,151,2000,37.07,49.72,48.08,34.01,41.08,36.39
105,151,2030,37.11,49.74,48.07,34.04,41.11,36.39
105,151,2100,37.15,49.76,48.06,34.07,41.14,36.39
105,151,2130,37.12,49.72,48,34.06,41.12,36.35
105,151,2200,37.11,49.7,47.96,34.05,41.13,36.33
105,151,2230,37.11,49.68,47.93,34.06,41.15,36.32
105,151,2300,37.09,49.66,47.91,34.06,41.17,36.3
105,151,2330,37.06,49.65,47.88,34.05,41.18,36.28
105,151,2400,37.05,49.65,47.86,34.06,41.2,36.27
105,152,30,36.99,49.64,47.83,34.07,41.2,36.24
105,152,100,36.99,49.65,47.81,34.09,41.23,36.23
105,152,130,37.05,49.71,47.8,34.15,41.27,36.23
105,152,200,37.08,49.73,47.77,34.17,41.28,36.21
105,152,230,37.07,49.72,47.7,34.16,41.28,36.18
105,152,300,37.04,49.69,47.63,34.15,41.27,36.13
105,152,330,37.02,49.67,47.57,34.15,41.27,36.1
105,152,400,36.98,49.63,47.5,34.13,41.26,36.06
105,152,430,36.94,49.58,47.43,34.11,41.24,36.01
105,152,500,36.93,49.57,47.36,34.12,41.24,35.98
105,152,530,36.96,49.58,47.33,34.15,41.26,35.96
105,152,600,37,49.62,47.3,34.19,41.3,35.95
105,152,630,37.03,49.63,47.23,34.21,41.32,35.92
105,152,700,37.04,49.64,47.15,34.22,41.32,35.88
105,152,730,37.03,49.63,47.08,34.22,41.31,35.84
105,152,800,37.18,49.75,47.04,34.34,41.37,35.85
105,152,830,37.07,49.64,46.77,34.2,41.21,35.68
105,152,900,36.84,49.4,46.54,34.06,41.11,35.56
105,152,930,36.91,49.44,46.49,34.13,41.18,35.6
105,152,1000,36.83,49.34,46.32,34.08,41.12,35.53
105,152,1030,36.75,49.24,46.2,34.01,41.07,35.48
105,152,1100,36.83,49.29,46.18,34.1,41.15,35.53
105,152,1130,36.76,49.19,46.04,34.04,41.08,35.46
105,152,1200,36.87,49.28,46.04,34.11,41.17,35.53
105,152,1230,36.7,49.09,45.83,33.92,41.04,35.44
105,152,1300,36.79,49.15,45.83,33.97,41.12,35.53
105,152,1330,36.68,49,45.68,33.86,41.01,35.48
105,152,1400,36.67,48.96,45.66,33.85,41.03,35.52
105,152,1430,36.79,49.05,45.71,33.94,41.09,35.6
105,152,1500,36.8,49.05,45.7,33.96,41.12,35.61
105,152,1530,37.02,49.26,45.82,34.07,41.25,35.72
105,152,1600,36.96,49.19,45.75,34.03,41.19,35.65
105,152,1630,36.95,49.19,45.75,34.02,41.21,35.64
105,152,1700,36.97,49.21,45.76,34.03,41.23,35.64
105,152,1730,36.95,49.17,45.76,33.99,41.21,35.58
105,152,1800,37.13,49.32,45.91,34.07,41.28,35.61
105,152,1830,37.03,49.2,45.94,33.98,41.18,35.5
105,152,1900,36.96,49.11,46.08,33.96,41.12,35.48
105,152,1930,36.92,49.04,46.3,33.95,41.09,35.48
105,152,2000,36.82,48.92,46.53,33.9,41.07,35.48
105,152,2030,36.97,49.06,46.93,33.99,41.15,35.56
105,152,2100,36.89,48.96,47.19,33.95,41.12,35.52
105,152,2130,36.94,49.01,47.49,34.01,41.18,35.57
105,152,2200,36.97,49.02,47.66,34.04,41.2,35.57
105,152,2230,36.97,49.04,47.77,34.07,41.21,35.56
105,152,2300,36.97,49.04,47.84,34.09,41.22,35.54
105,152,2330,36.96,49.04,47.85,34.1,41.24,35.52
105,152,2400,36.98,49.04,47.84,34.12,41.26,35.51
105,153,30,37.03,49.09,47.82,34.17,41.3,35.52
105,153,100,37.04,49.09,47.76,34.19,41.3,35.49
105,153,130,37.07,49.11,47.7,34.21,41.33,35.48
105,153,200,37.05,49.08,47.6,34.2,41.32,35.43
105,153,230,37.04,49.06,47.52,34.2,41.31,35.4
105,153,300,37.03,49.04,47.44,34.2,41.3,35.35
105,153,330,37.01,49.01,47.35,34.19,41.29,35.31
105,153,400,37.01,48.99,47.28,34.19,41.29,35.28
105,153,430,37.01,48.97,47.21,34.19,41.29,35.25
105,153,500,37.02,48.96,47.15,34.19,41.29,35.22
105,153,530,37.05,48.96,47.1,34.2,41.3,35.2
105,153,600,37.08,48.97,47.04,34.2,41.31,35.18
105,153,630,37.08,48.96,46.95,34.15,41.3,35.15
105,153,700,37.06,48.92,46.85,34.08,41.27,35.11
105,153,730,37.06,48.91,46.8,34.08,41.27,35.1
105,153,800,37.06,48.9,46.8,34.11,41.27,35.07
105,153,830,37.06,48.88,46.84,34.13,41.26,35.05
105,153,900,37.05,48.87,46.88,34.13,41.25,35.03
105,153,930,37.1,48.9,46.95,34.14,41.27,35.04
105,153,1000,37.1,48.88,46.97,34.12,41.26,35.02
105,153,1030,37.12,48.89,47.04,34.08,41.26,35
105,153,1100,37.07,48.82,47.07,34.02,41.23,34.95
105,153,1130,37.19,48.91,47.23,34.04,41.28,34.98
105,153,1200,37.15,48.86,47.3,34.01,41.23,34.93
105,153,1230,37.13,48.81,47.41,33.98,41.2,34.91
105,153,1300,37.09,48.74,47.49,33.95,41.16,34.89
105,153,1330,37.02,48.66,47.57,33.91,41.12,34.86
105,153,1400,37,48.62,47.68,33.88,41.1,34.84
105,153,1430,37.13,48.77,47.96,34.05,41.24,34.98
105,153,1500,37.16,48.73,48.05,34.02,41.21,34.95
105,153,1530,37.15,48.7,48.16,33.98,41.18,34.93
105,153,1600,37.18,48.73,48.32,33.99,41.2,34.93
105,153,1630,37.18,48.72,48.45,33.99,41.2,34.92
105,153,1700,37.19,48.72,48.57,33.99,41.2,34.93
105,153,1730,37.23,48.75,48.72,34.04,41.22,34.97
105,153,1800,37.26,48.76,48.85,34.05,41.22,34.99
105,153,1830,37.25,48.77,48.95,34.06,41.21,35.01
105,153,1900,37.21,48.72,49.02,34.03,41.18,35.01
105,153,1930,37.2,48.71,49.11,34.03,41.18,35.03
105,153,2000,37.21,48.71,49.21,34.04,41.18,35.07
105,153,2030,37.22,48.72,49.32,34.04,41.18,35.11
105,153,2100,37.25,48.74,49.45,34.07,41.21,35.16
105,153,2130,37.28,48.76,49.55,34.08,41.22,35.2
105,153,2200,37.24,48.74,49.61,34.06,41.19,35.19
105,153,2230,37.24,48.73,49.69,34.04,41.18,35.19
105,153,2300,37.23,48.73,49.78,34.04,41.18,35.21
105,153,2330,-6999,48.73,49.87,34.05,41.18,35.23
105,153,2400,37.21,48.73,49.95,34.08,41.19,35.28
105,154,30,37.24,48.74,50.02,34.1,41.2,35.33
105,154,100,37.27,48.75,50.1,34.13,41.21,35.4
105,154,130,37.27,48.75,50.17,34.14,41.21,35.44
105,154,200,37.26,48.76,50.23,34.14,41.21,35.48
105,154,230,37.26,48.76,50.29,34.13,41.21,35.51
105,154,300,37.26,48.76,50.35,34.12,41.2,35.54
105,154,330,37.26,48.76,50.41,34.11,41.21,35.56
105,154,400,37.22,48.75,50.45,34.09,41.19,35.56
105,154,430,37.22,48.74,50.49,34.08,41.19,35.56
105,154,500,37.17,48.71,50.53,34.06,41.16,35.54
105,154,530,37.17,48.7,50.58,34.05,41.15,35.52
105,154,600,37.2,48.75,50.66,34.06,41.17,35.54
105,154,630,37.17,48.76,50.71,34.04,41.17,35.53
105,154,700,37.15,48.77,50.78,34.04,41.18,35.52
105,154,730,-6999,48.79,50.84,34.02,41.18,35.51
105,154,800,-6999,48.83,50.91,34.04,41.2,35.53
105,154,830,37.16,48.87,50.98,34.08,41.22,35.55
105,154,900,37.07,48.88,51.03,34.09,41.22,35.55
105,154,930,37.13,48.86,51.06,34.08,41.2,35.55
105,154,1000,37.17,48.87,51.11,34.09,41.21,35.57
105,154,1030,37.17,48.89,51.16,34.09,41.23,35.58
105,154,1100,36.94,48.9,51.19,34.06,41.21,35.58
105,154,1130,-6999,48.88,51.22,34.01,41.2,35.57
105,154,1200,-6999,48.96,51.33,34.04,41.24,35.6
105,154,1230,35.39,49.02,51.38,34.05,41.26,35.62
105,154,1300,36.86,48.92,51.33,33.98,41.19,35.55
105,154,1330,37.09,48.84,51.33,33.93,41.15,35.52
105,154,1400,37.09,48.84,51.37,33.95,41.16,35.54
105,154,1430,37.06,48.8,51.39,33.93,41.13,35.54
105,154,1500,37.05,48.8,51.44,33.9,41.13,35.53
105,154,1530,37.09,48.84,51.52,33.91,41.15,35.56
105,154,1600,37.12,48.88,51.58,33.92,41.16,35.58
105,154,1630,37.04,48.8,51.58,33.86,41.11,35.53
105,154,1700,37.03,48.79,51.64,33.85,41.12,35.53
105,154,1730,37.07,48.84,51.72,33.88,41.15,35.55
105,154,1800,37.1,48.87,51.79,33.88,41.16,35.56
105,154,1830,37.08,48.86,51.84,33.88,41.15,35.56
105,154,1900,37.1,48.88,51.88,33.91,41.16,35.57
105,154,1930,37.13,48.91,51.91,33.93,41.17,35.58
105,154,2000,37.09,48.88,51.88,33.91,41.15,35.54
105,154,2030,37.05,48.84,51.85,33.89,41.15,35.52
105,154,2100,37.05,48.84,51.83,33.91,41.15,35.52
105,154,2130,37.05,48.85,51.82,33.93,41.16,35.52
105,154,2200,37.05,48.84,51.78,33.93,41.16,35.49
105,154,2230,37.02,48.84,51.75,33.95,41.15,35.47
105,154,2300,37.08,48.93,51.79,34.01,41.21,35.5
105,154,2330,37.08,48.97,51.78,34.04,41.25,35.51
105,154,2400,-6999,48.98,51.75,34.06,41.26,35.5
105,155,30,37.06,48.99,51.72,34.07,41.26,35.49
105,155,100,37.04,48.99,51.67,34.07,41.26,35.47
105,155,130,37,48.99,51.62,34.08,41.25,35.45
105,155,200,37.01,48.99,51.58,34.07,41.24,35.42
105,155,230,37,48.99,51.52,34.05,41.25,35.4
105,155,300,37,49,51.48,34.05,41.26,35.39
105,155,330,36.99,49,51.42,34.05,41.26,35.37
105,155,400,-6999,49.01,51.39,34.06,41.27,35.36
105,155,430,-6999,49.02,51.33,34.04,41.27,35.34
105,155,500,-6999,49.04,51.3,34.04,41.3,35.34
105,155,530,-6999,49.06,51.25,34.05,41.32,35.33
105,155,600,35.43,49.09,51.23,34.05,41.35,35.33
105,155,630,35.71,49.13,51.18,34.07,41.37,35.32
105,155,700,35.58,49.12,51.11,34.05,41.36,35.29
105,155,730,35.58,49.16,51.06,34.06,41.39,35.28
105,155,800,35.7,49.14,50.98,34.03,41.37,35.23
105,155,830,35.64,49.19,50.93,34.05,41.4,35.24
105,155,900,35.49,49.21,50.85,34.03,41.4,35.22
105,155,930,35.74,49.2,50.75,34.01,41.41,35.21
105,155,1000,-6999,49.21,50.62,34.01,41.4,35.19
105,155,1030,37.06,49.14,50.43,33.93,41.33,35.14
105,155,1100,37,49.07,50.27,33.89,41.32,35.14
105,155,1130,36.96,49.02,50.13,33.88,41.31,35.19
105,155,1200,36.96,49.07,50.07,33.98,41.41,35.35
105,155,1230,36.91,49.02,49.94,34.13,41.54,35.55
105,155,1300,36.87,48.93,49.8,34.37,41.71,35.83
105,155,1330,36.87,48.91,49.71,34.66,41.86,36.15
105,155,1400,36.84,48.92,49.65,35.02,42.09,36.54
105,155,1430,36.89,48.95,49.58,35.34,42.22,36.86
105,155,1500,36.93,48.97,49.49,35.57,42.27,37.14
105,155,1530,36.91,48.89,49.4,35.7,42.4,37.43
105,155,1600,37.03,48.94,49.46,35.86,42.6,37.75
105,155,1630,37.08,49.01,49.52,36.01,42.82,38.07
105,155,1700,36.92,48.85,49.48,35.82,42.69,38.25
105,155,1730,37.07,49.02,49.67,35.99,42.81,38.68
105,155,1800,36.65,48.65,49.52,35.53,42.55,38.83
105,155,1830,37.07,49.01,49.88,35.79,42.66,39.27
105,155,1900,37.11,49.05,49.83,35.67,42.51,39.29
105,155,1930,36.9,48.88,49.76,35.47,42.38,39.3
105,155,2000,36.82,48.82,49.79,35.34,42.28,39.39
105,155,2030,36.88,48.88,49.88,35.23,42.2,39.5
105,155,2100,36.81,48.8,49.88,35.02,42.08,39.53
105,155,2130,36.77,48.72,49.88,34.86,41.98,39.57
105,155,2200,36.72,48.65,49.89,34.75,41.94,39.64
105,155,2230,36.8,48.71,49.96,34.74,41.96,39.74
105,155,2300,36.84,48.74,49.97,34.7,41.93,39.78
105,155,2330,36.9,48.8,50.01,34.68,41.93,39.85
105,155,2400,36.95,48.85,50.03,34.68,41.94,39.91
105,156,30,37,48.92,50.06,34.67,41.95,39.98
105,156,100,36.97,48.94,50.06,34.64,41.93,40
105,156,130,37.01,49.02,50.07,34.68,41.96,40.06
105,156,200,37.03,49.05,50.05,34.67,41.96,40.09
105,156,230,37.04,49.07,50.03,34.65,41.96,40.13
105,156,300,37.02,49.05,49.98,34.6,41.93,40.12
105,156,330,37,49.03,49.92,34.57,41.91,40.11
105,156,400,37.03,49.06,49.9,34.57,41.93,40.14
105,156,430,37.02,49.06,49.86,34.57,41.94,40.16
105,156,500,37.02,49.06,49.8,34.55,41.94,40.16
105,156,530,36.99,49.03,49.73,34.54,41.92,40.14
105,156,600,37.03,49.07,49.7,34.57,41.95,40.17
105,156,630,37.05,49.1,49.65,34.58,41.96,40.17
105,156,700,37.07,49.11,49.58,34.58,41.97,40.15
105,156,730,37.07,49.1,49.49,34.57,41.95,40.12
105,156,800,37.09,49.12,49.43,34.57,41.96,40.1
105,156,830,37.12,49.15,49.37,34.6,41.99,40.1
105,156,900,37.18,49.2,49.3,34.64,42.02,40.1
105,156,930,37.24,49.27,49.19,34.74,42.03,40.08
105,156,1000,37.13,49.14,48.94,34.65,41.93,39.97
105,156,1030,37.08,49.06,48.81,34.64,41.91,39.94
105,156,1100,37.06,49.07,48.71,34.7,41.95,39.96
105,156,1130,36.99,48.98,48.56,34.65,41.91,39.91
105,156,1200,36.99,48.96,48.48,34.62,41.93,39.92
105,156,1230,37,48.94,48.41,34.67,41.97,39.98
105,156,1300,37.02,48.96,48.33,34.83,42.09,40.14
105,156,1330,37.01,48.95,48.21,34.97,42.29,40.38
105,156,1400,37.02,48.96,48.13,35.14,42.57,40.73
105,156,1430,36.92,48.79,47.96,35.03,42.57,41
105,156,1500,36.96,48.81,47.97,35.12,42.62,41.35
105,156,1530,37.16,48.93,48,35.3,42.79,41.7
105,156,1600,37.08,48.84,47.95,35.33,42.9,41.93
105,156,1630,37.11,48.83,48,35.4,43.04,42.2
105,156,1700,37.04,48.78,48.05,35.37,43.08,42.44
105,156,1730,37.03,48.77,48.16,35.37,43.12,42.74
105,156,1800,36.8,48.6,48.17,35.18,42.96,42.89
105,156,1830,36.76,48.58,48.3,35.09,42.88,43.04
105,156,1900,36.83,48.6,48.37,35.02,42.77,43.1
105,156,1930,36.89,48.63,48.44,34.96,42.69,43.16
105,156,2000,36.83,48.57,48.44,34.86,42.6,43.17
105,156,2030,36.89,48.63,48.52,34.87,42.61,43.26
105,156,2100,36.93,48.66,48.55,34.84,42.57,43.3
105,156,2130,36.98,48.69,48.57,34.82,42.56,43.33
105,156,2200,36.98,48.68,48.57,34.78,42.53,43.34
105,156,2230,36.97,48.64,48.54,34.72,42.47,43.32
105,156,2300,36.99,48.65,48.54,34.7,42.47,43.33
105,156,2330,37,48.64,48.54,34.67,42.45,43.33
105,156,2400,37.01,48.65,48.54,34.65,42.44,43.34
105,157,30,37.04,48.68,48.54,34.64,42.46,43.35
105,157,100,37.05,48.7,48.54,34.65,42.46,43.36
105,157,130,37.09,48.74,48.53,34.65,42.47,43.36
105,157,200,37.09,48.77,48.51,34.65,42.48,43.36
105,157,230,37.07,48.78,48.49,34.64,42.48,43.34
105,157,300,37.02,48.76,48.44,34.61,42.47,43.31
105,157,330,36.98,48.74,48.39,34.59,42.46,43.28
105,157,400,36.97,48.73,48.34,34.57,42.45,43.24
105,157,430,36.95,48.72,48.28,34.57,42.45,43.21
105,157,500,36.95,48.72,48.23,34.58,42.46,43.18
105,157,530,36.93,48.71,48.16,34.59,42.47,43.15
105,157,600,36.94,48.73,48.1,34.62,42.48,43.12
105,157,630,36.95,48.74,48.03,34.65,42.51,43.1
105,157,700,36.93,48.71,47.91,34.66,42.5,43.03
105,157,730,36.89,48.68,47.79,34.65,42.5,42.95
105,157,800,36.92,48.7,47.7,34.69,42.53,42.92
105,157,830,36.89,48.66,47.55,34.65,42.49,42.83
105,157,900,36.83,48.58,47.4,34.61,42.46,42.74
105,157,930,36.7,48.45,47.22,34.49,42.38,42.62
105,157,1000,36.63,48.36,47.09,34.44,42.36,42.54
105,157,1030,36.67,48.38,47.03,34.48,42.4,42.51
105,157,1100,36.66,48.38,46.93,34.49,42.41,42.46
105,157,1130,36.65,48.36,46.8,34.51,42.43,42.4
105,157,1200,36.72,48.38,46.75,34.48,42.42,42.34
105,157,1230,36.73,48.35,46.67,34.46,42.41,42.27
105,157,1300,36.77,48.34,46.57,34.46,42.42,42.22
105,157,1330,36.78,48.33,46.5,34.48,42.43,42.17
105,157,1400,36.87,48.4,46.46,34.54,42.48,42.16
105,157,1430,36.85,48.36,46.36,34.51,42.46,42.07
105,157,1500,36.93,48.43,46.31,34.61,42.53,42.06
105,157,1530,37.05,48.53,46.24,34.68,42.59,42.03
105,157,1600,36.94,48.4,46.06,34.56,42.49,41.88
105,157,1630,36.78,48.21,45.88,34.43,42.4,41.74
105,157,1700,37.01,48.41,45.94,34.62,42.54,41.79
105,157,1730,37.01,48.42,45.83,34.59,42.51,41.7
105,157,1800,36.36,48.35,45.72,34.54,42.47,41.59
105,157,1830,37.09,48.45,45.71,34.65,42.53,41.56
105,157,1900,36.89,48.29,45.53,34.51,42.4,41.38
105,157,1930,36.8,48.12,45.4,34.36,42.33,41.26
105,157,2000,36.68,47.98,45.33,34.28,42.34,41.24
105,157,2030,36.74,48.03,45.34,34.35,42.42,41.28
105,157,2100,36.77,48.02,45.32,34.38,42.46,41.28
105,157,2130,36.69,47.95,45.2,34.28,42.38,41.17
105,157,2200,36.58,47.83,45.09,34.19,42.34,41.08
105,157,2230,36.63,47.88,45.09,34.27,42.42,41.11
105,157,2300,36.67,47.93,45.08,34.31,42.46,41.1
105,157,2330,36.72,47.97,45.03,34.35,42.49,41.07
105,157,2400,36.72,47.96,44.96,34.35,42.49,41.02
105,158,30,36.71,47.95,44.89,34.36,42.5,40.97
105,158,100,36.79,48.04,44.89,34.44,42.56,40.97
105,158,130,36.77,48.05,44.83,34.44,42.55,40.91
105,158,200,36.71,48.03,44.78,34.43,42.55,40.86
105,158,230,36.7,48.05,44.75,34.47,42.58,40.83
105,158,300,36.68,48.04,44.67,34.47,42.59,40.78
105,158,330,36.65,48.02,44.6,34.47,42.59,40.72
105,158,400,36.63,48.01,44.53,34.47,42.6,40.66
105,158,430,36.58,47.97,44.47,34.46,42.6,40.6
105,158,500,36.54,47.94,44.41,34.45,42.59,40.54
105,158,530,36.53,47.92,44.35,34.46,42.6,40.49
105,158,600,36.54,47.94,44.3,34.46,42.61,40.44
105,158,630,36.54,47.92,44.23,34.45,42.61,40.38
105,158,700,36.54,47.91,44.15,34.44,42.61,40.31
105,158,730,36.51,47.89,44.08,34.43,42.61,40.25
105,158,800,36.56,47.93,44.04,34.47,42.65,40.23
105,158,830,36.51,47.89,43.94,34.46,42.62,40.14
105,158,900,36.52,47.91,43.88,34.5,42.65,40.11
105,158,930,36.56,47.95,43.8,34.53,42.67,40.06
105,158,1000,36.51,47.86,43.65,34.48,42.63,39.96
105,158,1030,36.53,47.89,43.6,34.52,42.66,39.93
105,158,1100,36.49,47.84,43.49,34.49,42.65,39.87
105,158,1130,36.48,47.83,43.42,34.49,42.65,39.82
105,158,1200,36.44,47.78,43.34,34.44,42.62,39.74
105,158,1230,36.46,47.8,43.34,34.49,42.68,39.73
105,158,1300,36.39,47.71,43.2,34.43,42.62,39.64
105,158,1330,36.3,47.61,43.11,34.37,42.6,39.56
105,158,1400,36.3,47.62,43.11,34.41,42.64,39.55
105,158,1430,36.38,47.7,43.11,34.47,42.7,39.55
105,158,1500,-6999,47.64,43.06,34.45,42.69,39.49
105,158,1530,-6999,47.61,43.01,34.43,42.68,39.43
105,158,1600,-6999,47.62,43,34.44,42.7,39.39
105,158,1630,-6999,47.63,42.98,34.46,42.71,39.36
105,158,1700,-6999,47.71,43.01,34.55,42.79,39.36
105,158,1730,-6999,47.73,42.96,34.55,42.78,39.29
105,158,1800,-6999,47.6,42.88,34.43,42.7,39.17
105,158,1830,-6999,47.52,42.85,34.39,42.69,39.11
105,158,1900,-6999,47.57,42.86,34.46,42.75,39.12
105,158,1930,36.31,47.54,42.81,34.45,42.74,39.07
105,158,2000,36.29,47.51,42.76,34.43,42.74,39.02
105,158,2030,36.3,47.51,42.73,34.45,42.76,38.98
105,158,2100,36.33,47.54,42.69,34.47,42.77,38.94
105,158,2130,36.4,47.58,42.65,34.5,42.81,38.93
105,158,2200,36.4,47.55,42.58,34.48,42.8,38.86
105,158,2230,36.39,47.52,42.52,34.47,42.78,38.8
105,158,2300,36.41,47.51,42.47,34.46,42.78,38.75
105,158,2330,36.44,47.52,42.43,34.48,42.8,38.72
105,158,2400,36.46,47.54,42.37,34.49,42.81,38.68
105,159,30,36.47,47.54,42.31,34.5,42.82,38.63
105,159,100,36.47,47.54,42.25,34.5,42.82,38.58
105,159,130,36.49,47.54,42.2,34.51,42.83,38.53
105,159,200,36.49,47.54,42.14,34.51,42.83,38.48
105,159,230,36.48,47.52,42.1,34.51,42.84,38.43
105,159,300,36.52,47.54,42.07,34.53,42.86,38.4
105,159,330,36.53,47.55,42.04,34.54,42.87,38.36
105,159,400,36.54,47.55,42.01,34.54,42.88,38.32
105,159,430,36.55,47.54,41.99,34.55,42.88,38.28
105,159,500,36.55,47.53,41.96,34.53,42.88,38.23
105,159,530,-6999,47.54,41.95,34.53,42.9,38.2
105,159,600,-6999,47.59,41.99,34.56,42.94,38.19
105,159,630,36.66,47.59,41.98,34.57,42.94,38.16
105,159,700,36.68,47.59,41.98,34.54,42.96,38.13
105,159,730,36.69,47.6,41.98,34.54,42.97,38.09
105,159,800,36.72,47.62,42,34.56,42.98,38.06
105,159,830,36.75,47.63,42.01,34.58,42.99,38.03
105,159,900,36.75,47.63,42.01,34.62,43,37.99
105,159,930,36.75,47.61,42.01,34.63,43,37.96
105,159,1000,36.67,47.54,41.98,34.59,42.98,37.91
105,159,1030,36.75,47.6,42.06,34.69,43.04,37.95
105,159,1100,36.81,47.7,42.17,34.8,43.13,37.99
105,159,1130,36.82,47.66,42.2,34.77,43.1,37.94
105,159,1200,36.87,47.66,42.27,34.78,43.1,37.97
105,159,1230,36.71,47.48,42.25,34.62,42.96,37.98
105,159,1300,36.7,47.47,42.38,34.68,43.03,38.16
105,159,1330,36.72,47.47,42.48,34.7,43.04,38.39
105,159,1400,36.71,47.43,42.56,34.68,43.05,38.74
105,159,1430,36.52,47.2,42.51,34.47,42.86,38.95
105,159,1500,36.5,47.17,42.64,34.51,42.91,39.19
105,159,1530,36.85,47.47,42.92,34.75,43.14,39.55
105,159,1600,36.73,47.31,42.88,34.6,43.01,39.7
105,159,1630,36.57,47.15,42.9,34.48,42.91,39.85
105,159,1700,36.57,47.15,43.02,34.51,42.94,39.96
105,159,1730,-6999,47.26,43.17,34.61,43.04,40.02
105,159,1800,-6999,47.41,43.3,34.7,43.09,40
105,159,1830,17.19,47.23,43.2,34.55,42.95,39.84
105,159,1900,36.66,47.25,43.28,34.62,43.02,39.87
105,159,1930,36.76,47.35,43.35,34.66,43.04,39.83
105,159,2000,36.71,47.31,43.32,34.61,42.98,39.73
105,159,2030,36.61,47.21,43.31,34.57,42.96,39.68
105,159,2100,36.63,47.23,43.39,34.62,43.03,39.71
105,159,2130,36.66,47.25,43.42,34.64,43.06,39.71
105,159,2200,36.64,47.23,43.43,34.61,43.05,39.67
105,159,2230,36.64,47.23,43.44,34.6,43.05,39.64
105,159,2300,36.66,47.24,43.46,34.6,43.07,39.64
105,159,2330,36.7,47.28,43.49,34.64,43.1,39.64
105,159,2400,36.72,47.3,43.51,34.65,43.12,39.61
105,160,30,36.69,47.29,43.5,34.63,43.11,39.57
105,160,100,36.69,47.28,43.5,34.62,43.11,39.55
105,160,130,36.69,47.29,43.51,34.64,43.13,39.52
105,160,200,36.7,47.3,43.51,34.66,43.12,39.49
105,160,230,36.69,47.29,43.49,34.67,43.12,39.45
105,160,300,36.7,47.3,43.49,34.69,43.13,39.42
105,160,330,36.7,47.29,43.47,34.69,43.13,39.39
105,160,400,36.65,47.26,43.42,34.67,43.1,39.33
105,160,430,36.66,47.24,43.4,34.68,43.11,39.3
105,160,500,36.66,47.24,43.38,34.7,43.12,39.27
105,160,530,36.67,47.25,43.35,34.71,43.12,39.24
105,160,600,36.65,47.26,43.34,34.72,43.12,39.21
105,160,630,36.68,47.27,43.3,34.74,43.12,39.17
105,160,700,36.65,47.26,43.25,34.73,43.11,39.12
105,160,730,36.67,47.26,43.2,34.74,43.11,39.08
105,160,800,36.68,47.26,43.15,34.75,43.11,39.05
105,160,830,36.7,47.29,43.12,34.78,43.13,39.03
105,160,900,36.72,47.31,43.07,34.8,43.14,39
105,160,930,36.72,47.3,43,34.8,43.14,38.96
105,160,1000,36.69,47.25,42.9,34.78,43.11,38.89
105,160,1030,36.68,47.21,42.82,34.75,43.07,38.83
105,160,1100,36.61,47.14,42.74,34.71,43.04,38.77
105,160,1130,36.62,47.14,42.69,34.71,43.04,38.73
105,160,1200,36.63,47.17,42.68,34.74,43.06,38.72
105,160,1230,36.69,47.22,42.65,34.77,43.08,38.71
105,160,1300,36.63,47.13,42.52,34.7,43.02,38.62
105,160,1330,36.69,47.19,42.51,34.77,43.07,38.63
105,160,1400,36.75,47.25,42.46,34.82,43.09,38.61
105,160,1430,36.79,47.26,42.39,34.84,43.08,38.56
105,160,1500,36.83,47.27,42.34,34.87,43.08,38.51
105,160,1530,36.74,47.15,42.18,34.74,42.97,38.37
105,160,1600,36.67,47.08,42.13,34.71,42.96,38.34
105,160,1630,36.75,47.17,42.16,34.83,43.03,38.36
105,160,1700,36.77,47.13,42.06,34.81,42.97,38.26
105,160,1730,36.49,46.84,41.86,34.5,42.79,38.1
105,160,1800,36.37,46.76,41.87,34.47,42.84,38.15
105,160,1830,36.56,46.92,41.97,34.62,42.96,38.25
105,160,1900,36.6,46.87,41.88,34.56,42.93,38.21
105,160,1930,36.58,46.83,41.84,34.52,42.91,38.17
105,160,2000,36.52,46.8,41.75,34.45,42.87,38.11
105,160,2030,36.5,46.82,41.74,34.47,42.9,38.13
105,160,2100,36.53,46.86,41.72,34.51,42.94,38.14
105,160,2130,36.6,46.91,41.71,34.55,42.97,38.15
105,160,2200,36.6,46.93,41.69,34.57,42.98,38.13
105,160,2230,36.58,46.9,41.64,34.54,42.96,38.08
105,160,2300,36.6,46.9,41.62,34.53,42.96,38.04
105,160,2330,36.62,46.94,41.62,34.52,42.98,38.04
105,160,2400,36.62,46.96,41.65,34.54,42.99,38.01
105,161,30,36.67,47,41.72,34.54,43.01,38
105,161,100,36.69,47.03,41.79,34.55,43.02,37.99
105,161,130,36.69,47.03,41.85,34.53,43.02,37.95
105,161,200,36.69,47.04,41.92,34.53,43.02,37.93
105,161,230,36.68,47.03,41.97,34.52,43.02,37.89
105,161,300,36.62,46.98,41.98,34.47,42.97,37.82
105,161,330,36.64,46.98,42.02,34.47,42.97,37.78
105,161,400,36.72,47.02,42.12,34.5,43.01,37.79
105,161,430,36.76,47.04,42.19,34.51,43.03,37.78
105,161,500,36.76,47.05,42.23,34.51,43.03,37.75
105,161,530,36.75,47.05,42.24,34.51,43.03,37.72
105,161,600,36.7,47.06,42.27,34.51,43.03,37.68
105,161,630,36.66,47.06,42.27,34.51,43.02,37.64
105,161,700,36.69,47.06,42.27,34.52,43.01,37.6
105,161,730,36.73,47.1,42.3,34.56,43.04,37.59
105,161,800,36.74,47.09,42.3,34.57,43.04,37.55
105,161,830,36.81,47.12,42.31,34.63,43.05,37.53
105,161,900,36.87,47.1,42.29,34.62,43.03,37.47
105,161,930,36.85,47.05,42.27,34.62,43.01,37.42
105,161,1000,36.96,47.15,42.34,34.79,43.09,37.45
105,161,1030,36.91,47.11,42.27,34.78,43.02,37.38
105,161,1100,36.76,46.94,42.15,34.68,42.91,37.26
105,161,1130,36.78,46.94,42.19,34.74,42.94,37.28
105,161,1200,36.76,46.9,42.2,34.76,42.93,37.32
105,161,1230,36.69,46.81,42.19,34.69,42.89,37.42
105,161,1300,36.75,46.84,42.22,34.72,42.91,37.65
105,161,1330,36.62,46.67,42.14,34.56,42.8,37.78
105,161,1400,36.48,46.54,42.12,34.49,42.78,37.87
105,161,1430,36.53,46.57,42.16,34.48,42.79,37.92
105,161,1500,36.66,46.7,42.26,34.62,42.88,37.99
105,161,1530,36.57,46.64,42.2,34.54,42.83,37.94
105,161,1600,36.72,46.82,42.34,34.75,42.97,38.04
105,161,1630,36.81,46.9,42.34,34.79,42.96,38
105,161,1700,36.73,46.84,42.3,34.76,42.93,37.97
105,161,1730,36.67,46.78,42.27,34.73,42.89,37.97
105,161,1800,36.71,46.79,42.31,34.73,42.88,38.02
105,161,1830,36.63,46.68,42.26,34.64,42.83,38.03
105,161,1900,36.61,46.67,42.28,34.66,42.86,38.08
105,161,1930,36.6,46.69,42.3,34.67,42.86,38.09
105,161,2000,36.7,46.76,42.36,34.72,42.9,38.12
105,161,2030,36.56,46.65,42.28,34.58,42.82,38.04
105,161,2100,36.55,46.65,42.31,34.59,42.86,38.07
105,161,2130,36.57,46.66,42.32,34.58,42.88,38.09
105,161,2200,36.58,46.67,42.33,34.59,42.9,38.1
105,161,2230,36.6,46.69,42.34,34.6,42.91,38.09
105,161,2300,36.57,46.67,42.32,34.57,42.9,38.06
105,161,2330,36.59,46.68,42.32,34.58,42.91,38.06
105,161,2400,36.63,46.7,42.32,34.59,42.92,38.04
105,162,30,36.58,46.7,42.3,34.57,42.91,38.02
105,162,100,36.59,46.71,42.3,34.59,42.93,38.01
105,162,130,36.66,46.76,42.33,34.63,42.96,38.02
105,162,200,36.64,46.68,42.26,34.54,42.9,37.94
105,162,230,36.53,46.65,42.23,34.5,42.88,37.9
105,162,300,36.5,46.64,42.22,34.49,42.88,37.88
105,162,330,36.53,46.64,42.19,34.48,42.88,37.85
105,162,400,36.53,46.65,42.17,34.49,42.89,37.83
105,162,430,36.6,46.71,42.18,34.53,42.92,37.84
105,162,500,36.56,46.69,42.12,34.5,42.89,37.78
105,162,530,36.52,46.67,42.08,34.49,42.87,37.73
105,162,600,36.66,46.76,42.12,34.55,42.91,37.74
105,162,630,36.64,46.78,42.1,34.58,42.92,37.72
105,162,700,36.7,46.82,42.09,34.63,42.94,37.71
105,162,730,36.69,46.83,42.04,34.65,42.93,37.66
105,162,800,36.71,46.83,42.02,34.66,42.93,37.62
105,162,830,36.76,46.85,41.99,34.71,42.94,37.6
105,162,900,36.78,46.84,41.92,34.7,42.89,37.53
105,162,930,36.79,46.85,41.85,34.75,42.9,37.52
105,162,1000,36.77,46.81,41.72,34.74,42.85,37.47
105,162,1030,36.69,46.72,41.57,34.68,42.78,37.41
105,162,1100,36.63,46.66,41.51,34.66,42.76,37.38
105,162,1130,36.52,46.53,41.44,34.6,42.7,37.33
105,162,1200,36.67,46.65,41.56,34.77,42.82,37.49
105,162,1230,36.69,46.69,41.59,34.86,42.88,37.69
105,162,1300,36.55,46.57,41.48,34.77,42.8,37.9
105,162,1330,36.48,46.45,41.4,34.69,42.73,38.12
105,162,1400,36.64,46.56,41.48,34.82,42.85,38.53
105,162,1430,36.6,46.46,41.41,34.76,42.78,38.82
105,162,1500,36.28,46.13,41.27,34.51,42.59,39.01
105,162,1530,36.69,46.49,41.54,34.9,42.9,39.54
105,162,1600,36.69,46.47,41.49,34.89,42.88,39.77
105,162,1630,36.62,46.41,41.46,34.86,42.85,40.01
105,162,1700,36.59,46.4,41.5,34.86,42.85,40.26
105,162,1730,36.55,46.36,41.53,34.82,42.82,40.5
105,162,1800,36.51,46.34,41.62,34.8,42.78,40.74
105,162,1830,36.54,46.37,41.74,34.87,42.83,40.98
105,162,1900,36.55,46.34,41.78,34.81,42.79,41.14
105,162,1930,36.62,46.41,41.95,34.86,42.84,41.34
105,162,2000,36.69,46.47,42.09,34.87,42.83,41.45
105,162,2030,36.61,46.39,42.19,34.8,42.77,41.49
105,162,2100,36.57,46.35,42.35,34.74,42.73,41.53
105,162,2130,36.5,46.27,42.49,34.65,42.68,41.5
105,162,2200,36.44,46.2,42.64,34.57,42.66,41.44
105,162,2230,36.46,46.24,42.84,34.58,42.71,41.44
105,162,2300,36.48,46.3,43,34.61,42.75,41.42
105,162,2330,36.5,46.34,43.1,34.61,42.76,41.37
105,162,2400,36.51,46.38,43.17,34.62,42.77,41.32
105,163,30,36.53,46.41,43.24,34.63,42.79,41.28
105,163,100,36.52,46.41,43.27,34.6,42.78,41.22
105,163,130,36.5,46.42,43.3,34.59,42.76,41.15
105,163,200,36.5,46.43,43.33,34.6,42.76,41.1
105,163,230,36.5,46.44,43.36,34.6,42.76,41.05
105,163,300,36.5,46.44,43.36,34.6,42.75,40.99
105,163,330,36.45,46.4,43.33,34.55,42.71,40.89
105,163,400,36.51,46.47,43.38,34.6,42.76,40.88
105,163,430,36.55,46.52,43.4,34.62,42.78,40.86
105,163,500,36.55,46.53,43.4,34.62,42.79,40.82
105,163,530,36.53,46.51,43.37,34.61,42.77,40.75
105,163,600,36.52,46.51,43.36,34.59,42.76,40.69
105,163,630,36.55,46.54,43.35,34.62,42.77,40.66
105,163,700,36.55,46.54,43.32,34.63,42.77,40.6
105,163,730,36.57,46.55,43.29,34.65,42.78,40.54
105,163,800,36.63,46.61,43.27,34.72,42.8,40.5
105,163,830,36.61,46.59,43.2,34.71,42.75,40.41
105,163,900,36.59,46.56,43.17,34.73,42.75,40.34
105,163,930,36.57,46.56,43.12,34.75,42.74,40.3
105,163,1000,36.55,46.51,43.01,34.74,42.7,40.21
105,163,1030,36.42,46.37,42.89,34.65,42.61,40.09
105,163,1100,36.35,46.29,42.83,34.61,42.58,40.01
105,163,1130,36.24,46.12,42.7,34.46,42.48,39.89
105,163,1200,36.33,46.21,42.79,34.62,42.59,39.94
105,163,1230,36.47,46.32,42.84,34.78,42.67,40
105,163,1300,36.47,46.32,42.8,34.81,42.68,40.02
105,163,1330,36.57,46.42,42.85,34.89,42.73,40.13
105,163,1400,36.46,46.3,42.75,34.81,42.64,40.19
105,163,1430,36.42,46.23,42.78,34.78,42.6,40.33
105,163,1500,36.36,46.17,42.9,34.78,42.61,40.52
105,163,1530,36.45,46.22,43.11,34.83,42.66,40.77
105,163,1600,36.49,46.25,43.31,34.87,42.7,41.06
105,163,1630,36.55,46.28,43.46,34.91,42.72,41.35
105,163,1700,36.42,46.16,43.53,34.82,42.64,41.58
105,163,1730,36.39,46.12,43.63,34.78,42.61,41.78
105,163,1800,36.35,46.08,43.78,34.8,42.61,41.94
105,163,1830,36.36,46.09,43.94,34.77,42.61,42.02
105,163,1900,36.35,46.08,44.08,34.7,42.58,42.04
105,163,1930,36.37,46.09,44.23,34.7,42.59,42
105,163,2000,36.43,46.15,44.41,34.72,42.61,41.97
105,163,2030,36.43,46.15,44.54,34.68,42.59,41.9
105,163,2100,36.44,46.17,44.67,34.69,42.6,41.84
105,163,2130,36.46,46.19,44.79,34.68,42.59,41.77
105,163,2200,36.48,46.22,44.91,34.68,42.6,41.72
105,163,2230,36.5,46.24,45.01,34.69,42.6,41.66
105,163,2300,36.51,46.25,45.09,34.69,42.61,41.6
105,163,2330,36.51,46.26,45.18,34.68,42.6,41.53
105,163,2400,36.49,46.25,45.25,34.64,42.59,41.47
105,164,30,36.47,46.24,45.31,34.6,42.58,41.42
105,164,100,36.47,46.26,45.38,34.6,42.59,41.38
105,164,130,36.47,46.27,45.42,34.59,42.59,41.32
105,164,200,36.46,46.27,45.45,34.57,42.59,41.27
105,164,230,36.45,46.28,45.47,34.55,42.59,41.22
105,164,300,36.5,46.33,45.52,34.58,42.62,41.19
105,164,330,36.54,46.39,45.56,34.65,42.65,41.15
105,164,400,36.55,46.39,45.55,34.62,42.63,41.08
105,164,430,36.48,46.34,45.5,34.55,42.59,40.98
105,164,500,36.48,46.35,45.5,34.53,42.6,40.93
105,164,530,36.5,46.38,45.5,34.56,42.61,40.89
105,164,600,36.58,46.46,45.52,34.61,42.64,40.85
105,164,630,36.62,46.51,45.51,34.63,42.64,40.8
105,164,700,36.63,46.54,45.47,34.65,42.64,40.74
105,164,730,36.65,46.52,45.4,34.64,42.61,40.66
105,164,800,36.58,46.5,45.32,34.64,42.58,40.58
105,164,830,36.57,46.44,45.23,34.62,42.56,40.49
105,164,900,36.5,46.37,45.13,34.6,42.54,40.41
105,164,930,36.38,46.27,45.05,34.53,42.5,40.31
105,164,1000,36.28,46.2,44.97,34.5,42.46,40.22
105,164,1030,36.32,46.26,44.99,34.58,42.51,40.22
105,164,1100,36.24,46.17,44.87,34.52,42.46,40.11
105,164,1130,36.24,46.24,44.91,34.66,42.55,40.13
105,164,1200,36.26,46.22,44.84,34.69,42.52,40.04
105,164,1230,36.23,46.23,44.81,34.74,42.55,40.01
105,164,1300,36.18,46.16,44.71,34.71,42.5,39.94
105,164,1330,36.11,46.09,44.67,34.64,42.45,39.88
105,164,1400,36.27,46.26,44.76,34.85,42.6,40.02
105,164,1430,36.17,46.16,44.67,34.76,42.52,40
105,164,1500,36.08,46.08,44.61,34.66,42.46,40.01
105,164,1530,36.12,46.09,44.66,34.69,42.5,40.08
105,164,1600,36.16,46.17,44.68,34.77,42.52,40.16
105,164,1630,36.16,46.16,44.68,34.77,42.52,40.2
105,164,1700,36.41,46.35,44.8,34.97,42.67,40.37
105,164,1730,36.33,46.31,44.73,34.97,42.65,40.48
105,164,1800,36.23,46.22,44.71,34.84,42.57,40.62
105,164,1830,36.06,46.08,44.64,34.6,42.46,40.71
105,164,1900,36.06,46.06,44.67,34.53,42.45,40.76
105,164,1930,36.38,46.39,44.93,34.88,42.7,40.94
105,164,2000,36.4,46.42,44.92,34.88,42.67,40.9
105,164,2030,36.27,46.32,44.87,34.7,42.56,40.84
105,164,2100,36.24,46.3,44.9,34.64,42.52,40.78
105,164,2130,36.08,46.16,44.85,34.49,42.42,40.66
105,164,2200,36.2,46.19,44.95,34.52,42.47,40.67
105,164,2230,36.27,46.28,45.05,34.55,42.5,40.67
105,164,2300,36.27,46.36,45.14,34.58,42.54,40.68
105,164,2330,36.3,46.37,45.18,34.58,42.53,40.64
105,164,2400,36.32,46.42,45.25,34.61,42.55,40.62
105,165,30,36.33,46.44,45.29,34.6,42.54,40.57
105,165,100,36.31,46.44,45.32,34.56,42.53,40.52
105,165,130,36.34,46.44,45.33,34.5,42.52,40.48
105,165,200,36.34,46.46,45.36,34.47,42.53,40.46
105,165,230,36.37,46.51,45.41,34.5,42.55,40.44
105,165,300,36.43,46.57,45.47,34.54,42.58,40.43
105,165,330,36.43,46.57,45.48,34.5,42.57,40.38
105,165,400,36.36,46.56,45.48,34.47,42.56,40.33
105,165,430,36.35,46.57,45.5,34.49,42.56,40.29
105,165,500,36.34,46.58,45.51,34.49,42.57,40.24
105,165,530,36.4,46.6,45.52,34.5,42.57,40.2
105,165,600,36.4,46.62,45.53,34.48,42.56,40.14
105,165,630,36.45,46.64,45.54,34.49,42.57,40.12
105,165,700,36.38,46.61,45.51,34.47,42.54,40.04
105,165,730,36.39,46.6,45.48,34.44,42.52,39.98
105,165,800,36.36,46.61,45.47,34.45,42.52,39.94
105,165,830,36.44,46.66,45.5,34.51,42.57,39.93
105,165,900,36.42,46.67,45.49,34.52,42.57,39.87
105,165,930,36.46,46.7,45.48,34.59,42.6,39.84
105,165,1000,36.39,46.68,45.41,34.62,42.59,39.78
105,165,1030,36.28,46.57,45.29,34.54,42.5,39.64
105,165,1100,36.25,46.54,45.26,34.59,42.52,39.59
105,165,1130,36.22,46.51,45.19,34.62,42.5,39.52
105,165,1200,36.16,46.5,45.18,34.64,42.51,39.47
105,165,1230,36.18,46.48,45.14,34.64,42.49,39.42
105,165,1300,36.03,46.35,45.03,34.58,42.43,39.33
105,165,1330,36.11,46.38,45.03,34.61,42.45,39.35
105,165,1400,34.26,45.81,44.97,34.5,42.37,39.31
105,165,1430,33.4,45.62,45,33.21,42,39.54
105,165,1500,33.45,45.73,45.08,32.14,41.79,39.78
105,165,1530,33.42,45.69,45.03,31.93,41.76,39.85
105,165,1600,33.25,45.55,44.93,31.69,41.64,39.82
105,165,1630,33.37,45.62,45,31.69,41.68,39.89
105,165,1700,33.42,45.68,45.04,31.73,41.71,39.92
105,165,1730,33.45,45.66,45.03,31.69,41.69,39.9
105,165,1800,33.53,45.72,45.06,31.68,41.7,39.93
105,165,1830,33.46,45.65,45.02,31.57,41.66,39.9
105,165,1900,33.51,45.7,45.05,31.66,41.69,39.93
105,165,1930,33.56,45.74,45.06,31.66,41.68,39.91
105,165,2000,33.52,45.71,45.03,31.61,41.65,39.86
105,165,2030,33.43,45.64,44.98,31.54,41.62,39.82
105,165,2100,33.45,45.66,45,31.57,41.65,39.85
105,165,2130,33.47,45.66,45,31.58,41.66,39.85
105,165,2200,33.5,45.7,45.03,31.6,41.69,39.86
105,165,2230,33.52,45.73,45.02,31.61,41.7,39.85
105,165,2300,33.54,45.76,45.02,31.63,41.71,39.84
105,165,2330,33.54,45.75,45,31.63,41.7,39.81
105,165,2400,33.56,45.78,44.99,31.65,41.71,39.79
105,166,30,33.57,45.8,44.98,31.66,41.71,39.77
105,166,100,33.58,45.81,44.97,31.67,41.71,39.74
105,166,130,33.62,45.85,44.97,31.71,41.73,39.73
105,166,200,33.65,45.87,44.95,31.72,41.74,39.7
105,166,230,33.62,45.86,44.91,31.72,41.72,39.66
105,166,300,33.6,45.84,44.87,31.69,41.71,39.61
105,166,330,33.58,45.81,44.81,31.67,41.68,39.56
105,166,400,33.58,45.81,44.79,31.68,41.69,39.53
105,166,430,33.58,45.82,44.75,31.69,41.69,39.49
105,166,500,33.59,45.84,44.72,31.69,41.7,39.45
105,166,530,33.6,45.86,44.67,31.71,41.7,39.42
105,166,600,33.7,45.97,44.68,31.79,41.74,39.42
105,166,630,33.74,46.02,44.65,31.84,41.76,39.39
105,166,700,33.76,46.05,44.6,31.87,41.76,39.35
105,166,730,33.8,46.08,44.54,31.89,41.76,39.31
105,166,800,33.82,46.11,44.5,31.92,41.77,39.27
105,166,830,33.76,46.03,44.41,31.87,41.73,39.18
105,166,900,33.77,46.05,44.37,31.91,41.75,39.16
105,166,930,33.78,46.08,44.3,31.92,41.74,39.11
105,166,1000,33.63,45.92,44.14,31.81,41.65,38.97
105,166,1030,33.7,45.99,44.11,31.91,41.71,38.98
105,166,1100,33.69,45.99,44.01,31.93,41.7,38.93
105,166,1130,33.49,45.81,43.82,31.76,41.58,38.8
105,166,1200,33.52,45.83,43.81,31.85,41.63,38.84
105,166,1230,33.37,45.69,43.66,31.72,41.53,38.8
105,166,1300,33.39,45.72,43.63,31.78,41.57,38.86
105,166,1330,33.47,45.81,43.63,31.94,41.66,39
105,166,1400,33.37,45.71,43.5,31.83,41.6,39.06
105,166,1430,33.3,45.63,43.43,31.77,41.58,39.24
105,166,1500,33.27,45.59,43.35,31.7,41.53,39.41
105,166,1530,33.34,45.62,43.36,31.77,41.56,39.57
105,166,1600,33.4,45.67,43.36,31.83,41.6,39.71
105,166,1630,33.38,45.66,43.34,31.83,41.61,39.84
105,166,1700,33.44,45.7,43.35,31.87,41.64,40
105,166,1730,33.44,45.7,43.31,31.85,41.62,40.1
105,166,1800,33.39,45.66,43.29,31.76,41.58,40.19
105,166,1830,33.42,45.68,43.28,31.74,41.57,40.24
105,166,1900,33.64,45.87,43.38,31.94,41.68,40.36
105,166,1930,33.65,45.88,43.33,31.89,41.64,40.4
105,166,2000,33.34,45.58,43.13,31.59,41.44,40.32
105,166,2030,33.47,45.72,43.26,31.73,41.56,40.45
105,166,2100,33.37,45.6,43.12,31.56,41.42,40.33
105,166,2130,33.35,45.59,43.15,31.58,41.47,40.37
105,166,2200,33.39,45.63,43.17,31.59,41.5,40.38
105,166,2230,33.43,45.65,43.18,31.62,41.53,40.4
105,166,2300,33.48,45.71,43.2,31.68,41.57,40.42
105,166,2330,33.53,45.77,43.22,31.73,41.6,40.42
105,166,2400,33.56,45.81,43.21,31.76,41.61,40.41
105,167,30,33.61,45.86,43.22,31.79,41.63,40.4
105,167,100,33.63,45.89,43.21,31.81,41.64,40.38
105,167,130,33.63,45.89,43.18,31.82,41.62,40.33
105,167,200,33.62,45.9,43.15,31.82,41.61,40.29
105,167,230,33.63,45.91,43.13,31.84,41.61,40.25
105,167,300,33.65,45.93,43.11,31.84,41.61,40.22
105,167,330,33.66,45.94,43.08,31.85,41.61,40.18
105,167,400,33.66,45.94,43.05,31.86,41.61,40.15
105,167,430,33.65,45.92,42.99,31.84,41.59,40.08
105,167,500,33.64,45.93,42.95,31.85,41.58,40.04
105,167,530,33.66,45.94,42.9,31.86,41.58,40
105,167,600,33.71,45.99,42.89,31.9,41.61,39.97
105,167,630,33.81,46.09,42.87,31.98,41.64,39.97
105,167,700,33.82,46.09,42.78,31.98,41.62,39.91
105,167,730,33.81,46.08,42.68,31.98,41.6,39.85
105,167,800,33.78,46.06,42.58,31.96,41.57,39.79
105,167,830,33.74,46.02,42.49,31.94,41.54,39.72
105,167,900,33.68,45.95,42.37,31.89,41.49,39.65
105,167,930,33.58,45.85,42.26,31.84,41.46,39.57
105,167,1000,33.55,45.82,42.21,31.86,41.48,39.56
105,167,1030,33.52,45.8,42.15,31.87,41.48,39.53
105,167,1100,33.47,45.75,42.06,31.86,41.46,39.48
105,167,1130,33.49,45.78,42.03,31.9,41.49,39.47
105,167,1200,33.45,45.75,41.98,31.92,41.47,39.42
105,167,1230,33.47,45.77,41.96,31.99,41.5,39.42
105,167,1300,33.48,45.79,41.95,32.1,41.53,39.42
105,167,1330,33.48,45.77,41.93,32.19,41.53,39.42
105,167,1400,33.47,45.78,41.93,32.28,41.57,39.49
105,167,1430,33.49,45.79,41.92,32.34,41.61,39.57
105,167,1500,33.48,45.77,41.91,32.3,41.69,39.72
105,167,1530,33.52,45.75,41.87,32.23,41.73,39.94
105,167,1600,33.49,45.69,41.84,32.15,41.74,40.23
105,167,1630,33.48,45.68,41.85,32.12,41.75,40.57
105,167,1700,33.51,45.69,41.87,32.1,41.76,40.9
105,167,1730,33.5,45.69,41.88,32.08,41.77,41.23
105,167,1800,33.59,45.75,41.96,32.1,41.8,41.55
105,167,1830,33.59,45.76,41.97,32.09,41.79,41.8
105,167,1900,33.55,45.71,41.96,32.03,41.75,42.01
105,167,1930,33.52,45.68,41.95,31.98,41.69,42.19
105,167,2000,33.58,45.75,42.03,31.98,41.69,42.35
105,167,2030,33.54,45.71,42.02,31.89,41.58,42.3
105,167,2100,33.42,45.6,41.98,31.8,41.51,42.22
105,167,2130,33.44,45.6,42.03,31.81,41.52,42.2
105,167,2200,33.43,45.58,42.04,31.78,41.5,42.15
105,167,2230,33.45,45.59,42.07,31.78,41.5,42.13
105,167,2300,33.51,45.65,42.1,31.81,41.51,42.12
105,167,2330,33.58,45.73,42.16,31.86,41.55,42.13
105,167,2400,33.62,45.77,42.2,31.88,41.56,42.11
105,168,30,33.67,45.82,42.22,31.91,41.58,42.09
105,168,100,33.7,45.85,42.24,31.93,41.57,42.06
105,168,130,33.72,45.87,42.24,31.93,41.56,42.02
105,168,200,33.74,45.89,42.24,31.94,41.57,42
105,168,230,33.71,45.87,42.21,31.91,41.54,41.93
105,168,300,33.74,45.89,42.22,31.94,41.54,41.89
105,168,330,33.73,45.89,42.2,31.92,41.52,41.82
105,168,400,33.72,45.88,42.17,31.91,41.5,41.77
105,168,430,33.74,45.9,42.17,31.94,41.5,41.74
105,168,500,33.76,45.91,42.18,31.96,41.51,41.7
105,168,530,33.79,45.94,42.15,31.98,41.51,41.65
105,168,600,33.88,46.02,42.14,32.03,41.54,41.63
105,168,630,33.89,46.03,42.09,32.04,41.5,41.56
105,168,700,33.9,46.03,42.03,32.05,41.47,41.49
105,168,730,33.87,46.01,41.96,32.04,41.45,41.43
105,168,800,33.83,45.97,41.86,32.02,41.42,41.36
105,168,830,33.82,45.96,41.75,32,41.37,41.28
105,168,900,33.7,45.82,41.59,31.89,41.27,41.14
105,168,930,33.64,45.77,41.52,31.86,41.24,41.07
105,168,1000,33.63,45.76,41.47,31.87,41.24,41.05
105,168,1030,33.58,45.71,41.46,31.86,41.23,41
105,168,1100,33.62,45.75,41.51,31.98,41.29,41.03
105,168,1130,33.63,45.75,41.48,32.04,41.28,40.98
105,168,1200,33.54,45.63,41.44,31.95,41.22,40.9
105,168,1230,33.53,45.62,41.46,31.95,41.23,40.89
105,168,1300,-6999,45.56,41.4,31.88,41.19,-6999
105,168,1330,33.67,45.73,41.57,31.99,41.35,40.98
105,168,1400,33.64,45.7,41.5,31.93,41.31,40.93
105,168,1430,33.75,45.8,41.54,32.08,41.37,40.96
105,168,1500,33.68,45.75,41.44,31.98,41.3,40.87
105,168,1530,33.58,45.65,41.33,31.81,41.23,40.79
105,168,1600,33.6,45.68,41.31,31.8,41.25,40.78
105,168,1630,33.62,45.7,41.29,31.81,41.26,40.77
105,168,1700,33.65,45.73,41.28,31.84,41.28,40.77
105,168,1730,33.66,45.74,41.25,31.85,41.27,40.73
105,168,1800,33.69,45.78,41.25,31.89,41.29,40.71
105,168,1830,33.7,45.79,41.24,31.91,41.3,40.69
105,168,1900,33.62,45.72,41.18,31.85,41.26,40.63
105,168,1930,33.59,45.67,41.14,31.84,41.24,40.6
105,168,2000,33.59,45.69,41.14,31.85,41.25,40.58
105,168,2030,33.62,45.72,41.14,31.88,41.27,40.56
105,168,2100,33.65,45.75,41.13,31.92,41.29,40.55
105,168,2130,33.65,45.75,41.1,31.92,41.29,40.51
105,168,2200,33.64,45.74,41.08,31.91,41.28,40.47
105,168,2230,33.64,45.73,41.05,31.91,41.27,40.43
105,168,2300,33.63,45.72,41.01,31.91,41.27,40.38
105,168,2330,33.65,45.73,40.99,31.93,41.28,40.35
105,168,2400,33.66,45.74,40.97,31.94,41.28,40.32
105,169,30,33.68,45.74,40.95,31.95,41.28,40.27
105,169,100,33.68,45.74,40.92,31.95,41.28,40.23
105,169,130,33.67,45.73,40.9,31.95,41.27,40.17
105,169,200,33.68,45.72,40.91,31.96,41.27,40.12
105,169,230,33.69,45.72,40.89,31.97,41.27,40.08
105,169,300,33.66,45.7,40.85,31.94,41.25,40.01
105,169,330,33.65,45.68,40.82,31.94,41.24,39.97
105,169,400,33.66,45.68,40.8,31.94,41.24,39.92
105,169,430,33.65,45.67,40.77,31.94,41.24,39.89
105,169,500,33.62,45.64,40.71,31.91,41.23,39.84
105,169,530,33.66,45.68,40.67,31.95,41.26,39.82
105,169,600,33.72,45.74,40.67,32.01,41.29,39.82
105,169,630,33.74,45.74,40.65,32.01,41.29,39.77
105,169,700,33.74,45.74,40.61,32.02,41.3,39.74
105,169,730,33.76,45.75,40.58,32.04,41.31,39.71
105,169,800,33.74,45.72,40.56,32.04,41.29,39.64
105,169,830,33.73,45.71,40.51,32.03,41.27,39.57
105,169,900,33.77,45.74,40.48,32.09,41.29,39.55
105,169,930,33.62,45.59,40.33,31.94,41.17,39.39
105,169,1000,33.57,45.51,40.25,31.9,41.13,39.31
105,169,1030,33.77,45.71,40.35,32.1,41.28,39.4
105,169,1100,33.68,45.64,40.23,32.09,41.21,39.32
105,169,1130,33.61,45.56,40.13,32.05,41.16,39.23
105,169,1200,33.56,45.5,40.04,32.08,41.13,39.18
105,169,1230,33.54,45.48,40.01,32.17,41.15,39.19
105,169,1300,33.45,45.37,39.9,32.12,41.05,39.1
105,169,1330,33.44,45.35,39.89,32.14,41.07,39.12
105,169,1400,33.45,45.36,39.91,32.2,41.1,39.16
105,169,1430,33.54,45.43,39.97,32.36,41.21,39.31
105,169,1500,33.55,45.42,39.97,32.42,41.29,39.48
105,169,1530,33.43,45.3,39.9,32.32,41.23,39.56
105,169,1600,33.48,45.35,39.94,32.37,41.31,39.82
105,169,1630,33.44,45.29,39.92,32.3,41.26,39.95
105,169,1700,33.47,45.31,39.97,32.28,41.28,40.13
105,169,1730,33.48,45.31,39.98,32.25,41.28,40.28
105,169,1800,33.52,45.34,40.03,32.24,41.3,40.45
105,169,1830,33.55,45.36,40.06,32.21,41.3,40.58
105,169,1900,33.46,45.27,39.99,32.07,41.2,40.6
105,169,1930,33.56,45.37,40.07,32.11,41.23,40.67
105,169,2000,33.5,45.3,40.03,32.01,41.16,40.6
105,169,2030,33.59,45.38,40.09,32.04,41.17,40.59
105,169,2100,33.48,45.29,40.01,31.92,41.08,40.5
105,169,2130,33.49,45.29,40.01,31.9,41.08,40.5
105,169,2200,33.52,45.31,40.02,31.9,41.11,40.52
105,169,2230,33.55,45.35,40.04,31.91,41.13,40.54
105,169,2300,33.65,45.46,40.11,31.98,41.21,40.61
105,169,2330,33.7,45.51,40.11,32.02,41.22,40.63
105,169,2400,33.72,45.52,40.1,32.01,41.22,40.63
105,170,30,33.73,45.53,40.08,32.03,41.22,40.61
105,170,100,33.74,45.52,40.04,32.02,41.2,40.56
105,170,130,33.75,45.54,40.04,32.02,41.19,40.55
105,170,200,33.74,45.53,40.02,32,41.18,40.52
105,170,230,33.73,45.52,39.99,32,41.17,40.5
105,170,300,33.74,45.53,39.97,32.01,41.18,40.48
105,170,330,33.74,45.54,39.95,32.04,41.19,40.48
105,170,400,33.74,45.53,39.91,32.04,41.18,40.45
105,170,430,33.7,45.48,39.82,32.01,41.13,40.37
105,170,500,33.66,45.43,39.73,31.97,41.08,40.29
105,170,530,33.67,45.43,39.71,31.97,41.08,40.27
105,170,600,33.7,45.48,39.72,32,41.11,40.29
105,170,630,33.75,45.52,39.72,32.06,41.16,40.29
105,170,700,33.76,45.52,39.66,32.06,41.15,40.25
105,170,730,33.76,45.51,39.61,32.07,41.15,40.21
105,170,800,33.77,45.51,39.56,32.07,41.14,40.18
105,170,830,33.72,45.45,39.47,32.02,41.08,40.08
105,170,900,33.71,45.43,39.43,32,41.05,40.01
105,170,930,33.75,45.46,39.44,32.04,41.08,40.01
105,170,1000,33.84,45.57,39.46,32.18,41.16,40.07
105,170,1030,33.78,45.52,39.36,32.16,41.11,40
105,170,1100,33.65,45.38,39.2,32.07,40.99,39.85
105,170,1130,33.46,45.18,39.05,31.88,40.82,39.66
105,170,1200,33.41,45.1,39.02,31.8,40.81,39.61
105,170,1230,33.55,45.23,39.13,32.04,40.95,39.7
105,170,1300,33.6,45.28,39.15,32.24,41.01,39.79
105,170,1330,33.42,45.1,39.03,32.08,40.88,39.72
105,170,1400,33.58,45.24,39.16,32.25,41.04,39.97
105,170,1430,33.46,45.11,39.04,32.1,40.91,40.06
105,170,1500,33.36,44.99,38.98,31.99,40.86,40.21
105,170,1530,33.4,45.01,39.03,32,40.9,40.46
105,170,1600,33.45,45.04,39.08,32.04,40.95,40.69
105,170,1630,33.38,44.96,39.03,31.95,40.89,40.82
105,170,1700,33.35,44.9,39,31.88,40.85,40.91
105,170,1730,33.39,44.94,39,31.9,40.88,40.99
105,170,1800,33.64,45.17,39.16,32.13,41.04,41.14
105,170,1830,33.73,45.26,39.2,32.2,41.08,41.22
105,170,1900,33.36,44.87,38.91,31.83,40.81,41.05
105,170,1930,33.42,44.91,38.95,31.88,40.87,41.12
105,170,2000,33.44,44.93,38.95,31.88,40.87,41.12
105,170,2030,33.52,45,38.99,31.93,40.91,41.15
105,170,2100,33.61,45.09,39.02,32,40.95,41.16
105,170,2130,33.55,45.03,38.95,31.92,40.88,41.08
105,170,2200,33.54,45,38.92,31.91,40.88,41.05
105,170,2230,33.55,45.03,38.9,31.92,40.91,41.05
105,170,2300,33.53,45,38.85,31.91,40.89,41.02
105,170,2330,33.54,45.01,38.83,31.91,40.9,41
105,170,2400,33.57,45.03,38.82,31.94,40.92,40.98
105,171,30,33.64,45.11,38.83,32,40.96,41
105,171,100,33.66,45.13,38.81,32.02,40.96,40.97
105,171,130,33.7,45.16,38.8,32.04,40.98,40.95
105,171,200,33.67,45.13,38.76,32.02,40.95,40.9
105,171,230,33.67,45.11,38.72,32.02,40.96,40.86
105,171,300,33.7,45.15,38.72,32.06,40.98,40.85
105,171,330,33.72,45.16,38.7,32.08,40.99,40.82
105,171,400,33.7,45.13,38.64,32.06,40.96,40.76
105,171,430,33.68,45.11,38.59,32.05,40.95,40.7
105,171,500,33.68,45.1,38.55,32.05,40.94,40.66
105,171,530,33.66,45.08,38.49,32.03,40.92,40.59
105,171,600,33.7,45.12,38.48,32.07,40.94,40.57
105,171,630,33.7,45.11,38.42,32.06,40.92,40.51
105,171,700,33.7,45.1,38.37,32.07,40.92,40.46
105,171,730,33.89,45.29,38.42,32.25,41.02,40.52
105,171,800,33.71,45.12,38.18,32.1,40.86,40.33
105,171,830,33.61,45.02,38.01,32.03,40.78,40.21
105,171,900,33.3,44.71,37.77,31.77,40.58,39.97
105,171,930,33.28,44.66,37.76,31.76,40.6,39.94
105,171,1000,33.53,44.88,37.89,32.01,40.78,40.07
105,171,1030,33.47,44.82,37.75,31.95,40.67,39.95
105,171,1100,33.14,44.49,37.56,31.62,40.45,39.72
105,171,1130,33.14,44.44,37.64,31.65,40.5,39.73
105,171,1200,33.27,44.56,37.76,31.74,40.61,39.8
105,171,1230,33.36,44.64,37.82,31.85,40.71,39.87
105,171,1300,33.54,44.78,37.89,32,40.8,39.92
105,171,1330,33.49,44.76,37.81,31.94,40.72,39.83
105,171,1400,33.45,44.71,37.76,31.89,40.7,39.78
105,171,1430,33.55,44.79,37.78,32.01,40.76,39.79
105,171,1500,33.43,44.69,37.69,31.88,40.64,39.67
105,171,1530,33.24,44.46,37.57,31.78,40.57,39.55
105,171,1600,33.3,44.53,37.63,31.82,40.61,39.57
105,171,1630,33.37,44.57,37.66,31.86,40.66,39.58
105,171,1700,33.54,44.75,37.74,31.97,40.74,39.61
105,171,1730,33.48,44.68,37.65,31.92,40.66,39.5
105,171,1800,33.51,44.72,37.67,31.94,40.68,39.49
105,171,1830,33.51,44.72,37.7,32.1,40.73,39.49
105,171,1900,33.45,44.65,37.67,32.21,40.7,39.39
105,171,1930,33.41,44.59,37.66,32.23,40.69,39.35
105,171,2000,33.39,44.56,37.65,32.2,40.64,39.3
105,171,2030,33.35,44.5,37.63,32.13,40.58,39.25
105,171,2100,33.29,44.44,37.61,32.02,40.54,39.19
105,171,2130,33.32,44.45,37.61,31.92,40.55,39.17
105,171,2200,33.24,44.38,37.56,31.81,40.51,39.12
105,171,2230,33.21,44.33,37.54,31.79,40.55,39.13
105,171,2300,33.26,44.39,37.57,31.84,40.61,39.16
105,171,2330,33.32,44.44,37.58,31.87,40.64,39.17
105,171,2400,33.39,44.51,37.61,31.92,40.68,39.18
105,172,30,33.43,44.54,37.6,31.95,40.69,39.17
105,172,100,33.46,44.58,37.6,31.97,40.7,39.16
105,172,130,33.49,44.6,37.62,32,40.72,39.14
105,172,200,33.47,44.58,37.58,31.98,40.69,39.09
105,172,230,33.48,44.58,37.58,31.99,40.69,39.06
105,172,300,33.49,44.59,37.58,32,40.69,39.03
105,172,330,33.47,44.56,37.55,31.98,40.66,38.97
105,172,400,33.45,44.54,37.52,31.96,40.64,38.9
105,172,430,33.44,44.53,37.49,31.97,40.64,38.86
105,172,500,33.44,44.54,37.49,31.98,40.64,38.82
105,172,530,33.43,44.54,37.48,31.99,40.63,38.77
105,172,600,33.44,44.56,37.47,32.01,40.65,38.73
105,172,630,33.44,44.54,37.44,32,40.65,38.69
105,172,700,33.48,44.58,37.45,32.04,40.67,38.67
105,172,730,33.52,44.61,37.45,32.09,40.69,38.64
105,172,800,33.5,44.59,37.37,32.07,40.64,38.57
105,172,830,33.39,44.48,37.26,31.99,40.56,38.46
105,172,900,33.35,44.42,37.21,31.96,40.54,38.42
105,172,930,33.38,44.42,37.19,31.99,40.56,38.41
105,172,1000,33.31,44.35,37.09,31.96,40.51,38.35
105,172,1030,33.23,44.25,37.02,31.9,40.46,38.27
105,172,1100,33.23,44.23,37,31.92,40.45,38.24
105,172,1130,33.28,44.25,37.03,32.05,40.5,38.25
105,172,1200,33.29,44.26,37.05,32.1,40.5,38.27
105,172,1230,33.24,44.18,37.03,32.04,40.47,38.29
105,172,1300,33.22,44.15,37.04,32.04,40.48,38.42
105,172,1330,33.16,44.09,37.02,31.98,40.45,38.58
105,172,1400,33.09,43.99,37.01,31.89,40.4,38.77
105,172,1430,33.12,44,37.07,31.9,40.43,39.09
105,172,1500,33.19,44.05,37.17,31.95,40.48,39.46
105,172,1530,33.19,44.03,37.19,31.93,40.45,39.73
105,172,1600,33.15,43.98,37.2,31.88,40.42,39.99
105,172,1630,33.09,43.91,37.21,31.82,40.38,40.23
105,172,1700,33.14,43.94,37.27,31.83,40.4,40.52
105,172,1730,33.24,44.04,37.35,31.9,40.45,40.8
105,172,1800,33.4,44.18,37.48,32.04,40.56,41.07
105,172,1830,33.44,44.21,37.52,32.04,40.56,41.24
105,172,1900,33.35,44.11,37.47,31.95,40.48,41.36
105,172,1930,33.3,44.05,37.48,31.91,40.44,41.53
105,172,2000,33.35,44.09,37.55,31.93,40.46,41.74
105,172,2030,33.15,43.88,37.45,31.75,40.33,41.76
105,172,2100,33.2,43.92,37.54,31.8,40.38,41.84
105,172,2130,33.22,43.93,37.59,31.82,40.4,41.85
105,172,2200,33.24,43.96,37.64,31.85,40.44,41.86
105,172,2230,33.22,43.93,37.63,31.82,40.41,41.81
105,172,2300,33.26,43.97,37.67,31.86,40.44,41.81
105,172,2330,33.32,44.03,37.72,31.91,40.47,41.8
105,172,2400,33.36,44.07,37.74,31.93,40.47,41.77
105,173,30,33.38,44.08,37.78,31.95,40.48,41.74
105,173,100,33.41,44.09,37.82,31.97,40.48,41.7
105,173,130,33.4,44.08,37.84,31.96,40.46,41.64
105,173,200,33.41,44.09,37.87,31.97,40.47,41.62
105,173,230,33.41,44.09,37.88,31.97,40.47,41.57
105,173,300,33.4,44.08,37.88,31.96,40.46,41.52
105,173,330,33.4,44.07,37.88,31.96,40.45,41.47
105,173,400,33.4,44.06,37.89,31.96,40.45,41.43
105,173,430,33.4,44.05,37.9,31.97,40.45,41.39
105,173,500,33.39,44.05,37.89,31.97,40.44,41.33
105,173,530,33.38,44.03,37.87,31.96,40.43,41.27
105,173,600,33.37,44.01,37.87,31.94,40.42,41.21
105,173,630,33.38,44.02,37.86,31.94,40.42,41.17
105,173,700,33.39,44.03,37.86,31.96,40.41,41.12
105,173,730,33.38,44,37.84,31.95,40.39,41.05
105,173,800,33.37,43.97,37.82,31.93,40.36,40.98
105,173,830,33.4,44,37.82,31.97,40.38,40.94
105,173,900,33.38,43.97,37.81,31.95,40.35,40.86
105,173,930,33.42,44,37.81,32,40.37,40.83
105,173,1000,33.33,43.9,37.73,31.92,40.29,40.71
105,173,1030,33.35,43.91,37.74,31.96,40.31,40.67
105,173,1100,33.27,43.82,37.69,31.89,40.25,40.57
105,173,1130,33.2,43.74,37.65,31.82,40.19,40.48
105,173,1200,33.24,43.77,37.68,31.86,40.23,40.48
105,173,1230,33.27,43.79,37.71,31.89,40.25,40.45
105,173,1300,33.25,43.76,37.68,31.88,40.24,40.4
105,173,1330,33.27,43.78,37.7,31.92,40.25,40.38
105,173,1400,33.29,43.79,37.68,31.98,40.24,40.34
105,173,1430,33.29,43.78,37.69,32.02,40.26,40.36
105,173,1500,33.22,43.72,37.65,31.95,40.22,40.39
105,173,1530,33.24,43.73,37.69,31.98,40.26,40.52
105,173,1600,33.18,43.65,37.66,31.92,40.24,40.66
105,173,1630,33.15,43.61,37.68,31.92,40.25,40.87
105,173,1700,33.14,43.59,37.71,31.91,40.25,41.11
105,173,1730,33.2,43.63,37.79,31.94,40.28,41.39
105,173,1800,33.22,43.65,37.83,31.93,40.28,41.64
105,173,1830,33.15,43.57,37.81,31.87,40.23,41.83
105,173,1900,33.05,43.46,37.77,31.77,40.15,41.99
105,173,1930,33.07,43.48,37.81,31.78,40.14,42.18
105,173,2000,33.09,43.5,37.85,31.76,40.12,42.33
105,173,2030,32.99,43.39,37.82,31.67,40.04,42.35
105,173,2100,32.94,43.33,37.82,31.64,40.04,42.34
105,173,2130,33.01,43.4,37.89,31.7,40.09,42.37
105,173,2200,33.06,43.45,37.93,31.74,40.13,42.39
105,173,2230,33.09,43.48,37.96,31.77,40.14,42.38
105,173,2300,33.1,43.5,37.98,31.77,40.14,42.35
105,173,2330,33.14,43.55,38.01,31.81,40.17,42.34
105,173,2400,33.15,43.57,38.02,31.82,40.17,42.31
105,174,30,33.14,43.56,38.01,31.81,40.17,42.28
105,174,100,33.17,43.58,38.03,31.84,40.2,42.25
105,174,130,33.24,43.65,38.09,31.91,40.24,42.24
105,174,200,33.27,43.67,38.09,31.92,40.24,42.2
105,174,230,33.26,43.67,38.08,31.91,40.22,42.15
105,174,300,33.22,43.64,38.06,31.88,40.18,42.06
105,174,330,33.22,43.61,38.06,31.87,40.16,42
105,174,400,33.21,43.61,38.06,31.86,40.14,41.94
105,174,430,33.2,43.59,38.06,31.85,40.13,41.88
105,174,500,33.19,43.58,38.05,31.85,40.12,41.81
105,174,530,33.17,43.56,38.04,31.84,40.11,41.75
105,174,600,33.19,43.58,38.05,31.85,40.12,41.7
105,174,630,33.18,43.58,38.05,31.85,40.12,41.65
105,174,700,33.21,43.59,38.04,31.87,40.13,41.6
105,174,730,33.2,43.58,38.04,31.87,40.13,41.54
105,174,800,33.21,43.59,38.04,31.89,40.13,41.49
105,174,830,33.21,43.59,38.02,31.89,40.13,41.44
105,174,900,33.18,43.56,37.97,31.87,40.1,41.35
105,174,930,33.2,43.58,37.95,31.89,40.1,41.3
105,174,1000,33.19,43.56,37.92,31.88,40.08,41.22
105,174,1030,33.16,43.53,37.87,31.85,40.05,41.13
105,174,1100,33.15,43.52,37.85,31.86,40.03,41.07
105,174,1130,33.14,43.51,37.81,31.86,40.02,40.99
105,174,1200,33.13,43.5,37.8,31.86,39.99,40.91
105,174,1230,33.21,43.57,37.82,32.01,40.05,40.91
105,174,1300,33.09,43.45,37.7,32.03,40.04,40.9
105,174,1330,32.88,43.24,37.6,31.89,39.98,40.99
105,174,1400,32.82,43.12,37.61,31.81,39.93,41.13
105,174,1430,32.85,43.12,37.7,31.81,39.97,41.4
105,174,1500,32.85,43.11,37.76,31.79,39.98,41.67
105,174,1530,32.82,43.07,37.81,31.75,39.97,41.94
105,174,1600,32.76,43,37.83,31.69,39.96,42.17
105,174,1630,32.75,42.98,37.9,31.68,39.99,42.45
105,174,1700,32.84,43.07,38.05,31.76,40.13,42.76
105,174,1730,32.78,43.01,38.07,31.69,40.12,42.96
105,174,1800,32.85,43.07,38.19,31.73,40.22,43.26
105,174,1830,32.84,43.07,38.27,31.71,40.25,43.52
105,174,1900,32.8,43.05,38.3,31.69,40.22,43.75
105,174,1930,32.7,43,38.32,31.62,40.15,43.92
105,174,2000,32.58,42.93,38.34,31.56,40.08,44.1
105,174,2030,32.55,42.99,38.46,31.58,40.09,44.32
105,174,2100,32.5,43,38.52,31.55,40.06,44.43
105,174,2130,32.48,43.01,38.57,31.55,40.04,44.47
105,174,2200,32.44,42.99,38.61,31.55,40.04,44.49
105,174,2230,32.43,43.01,38.69,31.59,40.09,44.55
105,174,2300,32.49,43.09,38.78,31.65,40.13,44.61
105,174,2330,32.54,43.14,38.83,31.68,40.14,44.62
105,174,2400,32.56,43.17,38.88,31.68,40.13,44.61
105,175,30,32.57,43.19,38.91,31.69,40.12,44.6
105,175,100,32.56,43.18,38.91,31.68,40.08,44.56
105,175,130,32.59,43.19,38.94,31.68,40.08,44.55
105,175,200,32.61,43.22,38.98,31.7,40.09,44.53
105,175,230,32.64,43.27,39.02,31.73,40.09,44.52
105,175,300,32.62,43.26,39.03,31.7,40.07,44.47
105,175,330,32.59,43.22,39.01,31.69,40.04,44.42
105,175,400,32.61,43.26,39.05,31.72,40.06,44.4
105,175,430,32.62,43.28,39.07,31.73,40.06,44.38
105,175,500,32.62,43.3,39.08,31.75,40.06,44.35
105,175,530,32.64,43.34,39.1,31.8,40.09,44.34
105,175,600,32.71,43.44,39.13,31.87,40.11,44.32
105,175,630,32.71,43.46,39.08,31.87,40.07,44.24
105,175,700,32.65,43.43,39.01,31.84,40.01,44.14
105,175,730,32.58,43.36,38.91,31.8,39.96,44.05
105,175,800,32.55,43.33,38.84,31.78,39.92,43.97
105,175,830,32.49,43.28,38.75,31.75,39.89,43.89
105,175,900,32.51,43.27,38.7,31.75,39.88,43.85
105,175,930,32.48,43.21,38.65,31.72,39.85,43.78
105,175,1000,32.51,43.21,38.64,31.74,39.86,43.74
105,175,1030,32.57,43.21,38.64,31.79,39.89,43.71
105,175,1100,32.55,43.17,38.63,31.81,39.87,43.65
105,175,1130,32.52,43.09,38.6,31.77,39.83,43.58
105,175,1200,32.54,43.08,38.65,31.81,39.85,43.55
105,175,1230,31.56,42.96,39.27,31.79,39.85,43.54
105,175,1300,30.61,42.8,39.98,31.81,39.88,43.56
105,175,1330,30.45,42.74,40.3,31.81,39.89,43.62
105,175,1400,30.25,42.6,40.74,31.75,39.85,43.63
105,175,1430,30.25,42.61,41.19,31.76,39.87,43.73
105,175,1500,30.15,42.69,41.62,31.72,39.84,43.81
105,175,1530,30.03,42.87,42.15,31.68,39.8,43.91
105,175,1600,30.29,43.2,42.64,31.67,39.8,44.03
105,175,1630,30.83,43.62,43.06,31.73,39.86,44.22
105,175,1700,31.11,43.88,43.4,31.72,39.85,44.37
105,175,1730,31.3,44.08,43.66,31.68,39.81,44.49
105,175,1800,31.58,44.33,43.94,31.72,39.83,44.64
105,175,1830,31.71,44.5,44.26,31.71,39.81,44.75
105,175,1900,31.88,44.69,44.53,31.68,39.79,44.82
105,175,1930,32.12,44.91,44.73,31.67,39.78,44.89
105,175,2000,32.22,45.04,44.87,31.53,39.76,44.89
105,175,2030,32.49,45.29,44.96,31.54,39.8,44.95
105,175,2100,32.52,45.49,45.29,31.63,39.85,45
105,175,2130,32.54,45.61,45.47,31.61,39.82,44.97
105,175,2200,32.46,45.65,45.63,31.54,39.78,44.94
105,175,2230,32.53,45.79,45.84,31.56,39.82,44.98
105,175,2300,32.7,46,45.98,31.62,39.87,45.03
105,175,2330,32.83,46.13,46.04,31.65,39.88,45.04
105,175,2400,32.87,46.21,46.23,31.69,39.91,45.06
105,176,30,32.94,46.27,46.84,31.71,39.93,45.07
105,176,100,32.99,46.3,46.35,31.7,39.91,45.04
105,176,130,33.03,46.31,45.21,31.7,39.92,45.01
105,176,200,33.03,46.29,46.42,31.69,39.9,44.97
105,176,230,33.01,46.28,46.46,31.67,39.88,44.94
105,176,300,32.98,46.19,46.46,31.6,39.84,44.86
105,176,330,32.95,46.13,46.53,31.56,39.8,44.8
105,176,400,32.97,46.13,46.62,31.57,39.81,44.77
105,176,430,33.01,46.16,46.76,31.6,39.83,44.76
105,176,500,33.08,46.24,47.01,31.69,39.89,44.78
105,176,530,33.13,46.28,47.12,31.73,39.91,44.75
105,176,600,33.15,46.31,47.17,31.72,39.91,44.7
105,176,630,33.15,46.33,47.27,31.72,39.89,44.65
105,176,700,33.17,46.39,47.62,31.76,39.91,44.61
105,176,730,33.21,46.41,47.8,31.78,39.91,44.55
105,176,800,33.26,46.45,47.89,31.81,39.88,44.48
105,176,830,33.16,46.34,47.85,31.72,39.79,44.34
105,176,900,33.11,46.3,47.91,31.7,39.75,44.26
105,176,930,32.89,46.06,47.87,31.5,39.6,44.07
105,176,1000,32.91,46.05,47.98,31.53,39.65,44.04
105,176,1030,33.08,46.2,48.24,31.69,39.76,44.09
105,176,1100,33.08,46.2,48.47,31.81,39.76,44.04
105,176,1130,32.83,45.94,48.39,31.66,39.58,43.82
105,176,1200,32.8,45.88,48.51,31.68,39.6,43.77
105,176,1230,32.73,45.8,48.55,31.67,39.59,43.71
105,176,1300,32.68,45.75,48.7,31.76,39.66,43.7
105,176,1330,32.71,45.76,48.92,31.87,39.77,43.71
105,176,1400,32.72,45.75,49.08,31.9,39.83,43.71
105,176,1430,32.7,45.72,49.31,31.9,39.89,43.73
105,176,1500,32.73,45.76,49.57,31.96,40.01,43.9
105,176,1530,32.66,45.69,49.77,31.87,40,44
105,176,1600,32.7,45.72,50.04,31.84,40.05,44.18
105,176,1630,32.59,45.57,50.03,31.65,39.91,44.21
105,176,1700,32.79,45.76,50.45,31.84,40.12,44.48
105,176,1730,32.75,45.71,50.54,31.75,40.01,44.6
105,176,1800,32.78,45.72,50.71,31.7,39.94,44.69
105,176,1830,32.96,45.87,50.99,31.79,40.02,44.85
105,176,1900,32.93,45.84,51.11,31.7,39.96,44.94
105,176,1930,32.84,45.76,51.27,31.61,39.89,45.01
105,176,2000,32.69,45.61,51.22,31.5,39.83,45.01
105,176,2030,32.62,45.61,51.28,31.39,39.82,45.07
105,176,2100,32.86,45.79,51.59,31.5,39.94,45.23
105,176,2130,32.93,45.88,51.82,31.53,39.95,45.28
105,176,2200,32.97,45.91,51.97,31.52,39.93,45.29
105,176,2230,33.02,45.94,52.17,31.53,39.94,45.33
105,176,2300,33.08,45.99,52.35,31.56,39.94,45.37
105,176,2330,33.1,46.04,52.53,31.58,39.94,45.38
105,176,2400,33.14,46.07,52.7,31.61,39.95,45.39
105,177,30,33.16,46.09,52.85,31.63,39.94,45.39
105,177,100,33.17,46.1,52.96,31.62,39.91,45.37
105,177,130,33.19,46.12,53.08,31.61,39.9,45.35
105,177,200,33.2,46.13,53.23,31.63,39.9,45.34
105,177,230,33.25,46.2,53.4,31.67,39.92,45.35
105,177,300,33.25,46.2,53.51,31.66,39.9,45.31
105,177,330,33.25,46.21,53.62,31.66,39.89,45.27
105,177,400,33.3,46.26,53.72,31.68,39.9,45.26
105,177,430,33.29,46.25,53.8,31.67,39.88,45.21
105,177,500,33.32,46.3,53.93,31.7,39.91,45.19
105,177,530,33.36,46.34,54.07,31.73,39.93,45.17
105,177,600,33.4,46.37,54.17,31.75,39.94,45.14
105,177,630,33.42,46.4,54.29,31.75,39.94,45.09
105,177,700,33.45,46.43,54.42,31.78,39.94,45.04
105,177,730,33.48,46.48,54.66,31.81,39.94,44.98
105,177,800,33.42,46.45,54.85,31.77,39.89,44.88
105,177,830,33.38,46.44,55.03,31.76,39.87,44.81
105,177,900,33.22,46.31,55.06,31.65,39.77,44.66
105,177,930,33.2,46.26,55.12,31.63,39.76,44.58
105,177,1000,33.26,46.36,55.31,31.72,39.82,44.58
105,177,1030,33.14,46.3,55.31,31.68,39.76,44.48
105,177,1100,33,46.18,55.28,31.57,39.66,44.34
105,177,1130,32.95,46.13,55.35,31.55,39.64,44.25
105,177,1200,33.05,46.2,55.48,31.63,39.7,44.24
105,177,1230,33.04,46.15,55.46,31.58,39.61,44.09
105,177,1300,33.15,46.24,55.64,31.71,39.69,44.1
105,177,1330,33,46.11,55.69,31.64,39.61,43.97
105,177,1400,32.92,46.07,55.85,31.67,39.61,43.92
105,177,1430,32.91,46.07,55.97,31.71,39.63,43.89
105,177,1500,32.87,46.03,56.07,31.68,39.63,43.84
105,177,1530,32.85,45.97,56.15,31.51,39.55,43.77
105,177,1600,32.5,45.64,55.62,31.19,39.39,43.6
105,177,1630,32.54,45.77,56.01,31.24,39.5,43.69
105,177,1700,32.92,46.05,56.6,31.44,39.67,43.83
105,177,1730,33.06,46.23,56.95,31.56,39.74,43.86
105,177,1800,33.1,46.32,57.12,31.62,39.77,43.86
105,177,1830,33.1,46.33,57.21,31.59,39.74,43.79
105,177,1900,33.05,46.32,57.27,31.54,39.69,43.71
105,177,1930,33,46.24,57.36,31.43,39.61,43.59
105,177,2000,33,46.24,57.56,31.42,39.62,43.57
105,177,2030,32.93,46.19,57.75,31.38,39.59,43.52
105,177,2100,32.94,46.2,57.78,31.36,39.59,43.49
105,177,2130,33.03,46.29,57.87,31.41,39.64,43.51
105,177,2200,33.11,46.38,57.92,31.46,39.68,43.52
105,177,2230,33.19,46.48,57.9,31.5,39.72,43.51
105,177,2300,33.24,46.54,57.91,31.53,39.73,43.49
105,177,2330,33.25,46.56,58,31.52,39.73,43.45
105,177,2400,33.27,46.59,58.07,31.52,39.72,43.39
105,178,30,33.3,46.65,58.17,31.55,39.74,43.36
105,178,100,33.33,46.7,58.24,31.56,39.75,43.33
105,178,130,33.32,46.7,58.28,31.55,39.72,43.26
105,178,200,33.34,46.73,58.29,31.55,39.73,43.22
105,178,230,33.31,46.74,58.35,31.53,39.72,43.17
105,178,300,33.3,46.74,58.37,31.51,39.7,43.1
105,178,330,33.32,46.77,58.38,31.51,39.69,43.03
105,178,400,33.35,46.82,58.44,31.53,39.71,42.98
105,178,430,33.35,46.84,58.53,31.52,39.7,42.92
105,178,500,33.32,46.85,58.6,31.51,39.69,42.86
105,178,530,33.3,46.84,58.63,31.49,39.66,42.78
105,178,600,33.36,46.89,58.59,31.5,39.67,42.72
105,178,630,33.33,46.91,58.61,31.49,39.65,42.65
105,178,700,33.3,46.92,58.7,31.49,39.66,42.59
105,178,730,33.18,46.89,58.7,31.46,39.63,42.5
105,178,800,33.23,46.96,58.63,31.48,39.65,42.46
105,178,830,33.14,46.96,58.66,31.47,39.65,42.39
105,178,900,33.07,46.97,58.61,31.44,39.62,42.31
105,178,930,33.1,47,58.83,31.47,39.65,42.27
105,178,1000,33.16,47.03,58.92,31.46,39.63,42.19
105,178,1030,33.28,47.12,58.84,31.5,39.66,42.15
105,178,1100,33.27,47.13,58.82,31.48,39.64,42.06
105,178,1130,33.22,47.15,58.85,31.48,39.64,41.98
105,178,1200,33.17,47.21,58.87,31.52,39.66,41.93
105,178,1230,33.08,47.14,58.69,31.41,39.58,41.79
105,178,1300,33.16,47.16,58.76,31.42,39.59,41.73
105,178,1330,33.19,47.16,58.82,31.38,39.56,41.63
105,178,1400,33.22,47.19,58.85,31.38,39.56,41.58
105,178,1430,33.19,47.21,58.81,31.39,39.57,41.52
105,178,1500,33.29,47.27,58.9,31.41,39.58,41.46
105,178,1530,33.34,47.34,58.95,31.44,39.6,41.43
105,178,1600,33.31,47.37,58.9,31.43,39.61,41.36
105,178,1630,33.28,47.4,58.92,31.44,39.61,41.3
105,178,1700,33.18,47.41,58.93,31.41,39.59,41.22
105,178,1730,33.09,47.41,58.88,31.4,39.58,41.14
105,178,1800,32.94,47.39,58.7,31.38,39.57,41.06
105,178,1830,32.88,47.4,58.58,31.38,39.57,40.99
105,178,1900,32.83,47.41,58.41,31.39,39.57,40.92
105,178,1930,32.85,47.41,58.43,31.35,39.53,40.83
105,178,2000,32.77,47.4,58.38,31.34,39.51,40.73
105,178,2030,32.69,47.38,58.29,31.3,39.48,40.63
105,178,2100,32.76,47.42,58.18,31.3,39.48,40.56
105,178,2130,32.85,47.51,58.06,31.31,39.5,40.51
105,178,2200,32.96,47.57,58.3,31.34,39.51,40.48
105,178,2230,33.12,47.64,58.52,31.36,39.53,40.43
105,178,2300,33.24,47.72,58.53,31.38,39.54,40.37
105,178,2330,33.23,47.74,58.63,31.36,39.52,40.28
105,178,2400,33.24,47.77,58.53,31.35,39.51,40.21
105,179,30,33.29,47.84,58.51,31.36,39.53,40.16
105,179,100,33.27,47.83,58.5,31.32,39.5,40.08
105,179,130,33.28,47.87,58.55,31.33,39.51,40.01
105,179,200,33.28,47.9,58.57,31.33,39.51,39.95
105,179,230,33.28,47.94,58.61,31.34,39.5,39.89
105,179,300,33.31,47.97,58.56,31.33,39.51,39.82
105,179,330,33.37,48.02,58.46,31.34,39.5,39.75
105,179,400,33.4,48.07,58.43,31.34,39.5,39.69
105,179,430,33.42,48.14,58.49,31.38,39.53,39.65
105,179,500,33.4,48.18,58.52,31.38,39.54,39.58
105,179,530,33.4,48.21,58.52,31.38,39.52,39.5
105,179,600,33.44,48.25,58.46,31.38,39.52,39.43
105,179,630,33.46,48.31,58.5,31.4,39.54,39.38
105,179,700,33.43,48.33,58.58,31.4,39.52,39.29
105,179,730,33.48,48.38,58.53,31.4,39.52,39.21
105,179,800,33.52,48.44,58.53,31.43,39.53,39.16
105,179,830,33.55,48.51,58.64,31.47,39.52,39.1
105,179,900,33.45,48.41,58.49,31.36,39.4,38.95
105,179,930,33.3,48.3,58.45,31.26,39.31,38.8
105,179,1000,33.18,48.22,58.5,31.2,39.26,38.7
105,179,1030,33.09,48.17,58.6,31.12,39.24,38.64
105,179,1100,33.12,48.18,58.68,31.1,39.25,38.6
105,179,1130,33.07,48.23,58.87,31.16,39.29,38.59
105,179,1200,32.88,48.06,58.84,30.94,39.13,38.4
105,179,1230,33.01,48.18,59.09,31.09,39.24,38.46
105,179,1300,32.95,48.16,59.2,31.06,39.21,38.38
105,179,1330,33.02,48.27,59.49,31.23,39.32,38.41
105,179,1400,33.11,48.31,59.54,31.25,39.27,38.37
105,179,1430,32.96,48.11,59.46,30.98,39.09,38.22
105,179,1500,33.05,48.24,59.76,31.14,39.22,38.34
105,179,1530,32.98,48.18,59.86,31.01,39.16,38.29
105,179,1600,33.25,48.43,60.16,31.2,39.33,38.47
105,179,1630,33.27,48.47,60.26,31.22,39.31,38.5
105,179,1700,33.24,48.45,60.33,31.18,39.27,38.54
105,179,1730,33.3,48.5,60.39,31.12,39.25,38.58
105,179,1800,33.31,48.53,60.47,31.07,39.23,38.59
105,179,1830,33.37,48.63,60.56,31.14,39.28,38.65
105,179,1900,33.43,48.7,60.68,31.15,39.26,38.69
105,179,1930,33.44,48.72,60.76,31.11,39.22,38.71
105,179,2000,33.42,48.73,60.79,31.05,39.19,38.7
105,179,2030,33.4,48.71,60.87,31.03,39.21,38.73
105,179,2100,33.64,48.96,61.11,31.21,39.34,38.86
105,179,2130,33.61,48.96,61.13,31.15,39.28,38.81
105,179,2200,33.55,48.91,61.16,31.09,39.26,38.79
105,179,2230,33.59,48.95,61.25,31.11,39.3,38.84
105,179,2300,33.67,49.04,61.36,31.17,39.35,38.9
105,179,2330,33.72,49.12,61.42,31.19,39.36,38.91
105,179,2400,33.75,49.18,61.46,31.2,39.35,38.9
105,180,30,33.79,-6999,61.5,31.23,39.36,38.91
105,180,100,33.84,6.249,61.57,31.24,39.36,38.91
105,180,130,33.86,6.119,61.6,31.24,39.35,38.88
105,180,200,33.9,6.036,61.62,31.24,39.34,38.86
105,180,230,33.94,5.953,61.63,31.26,39.34,38.85
105,180,300,33.95,-6999,61.63,31.24,39.32,38.81
105,180,330,33.99,-6999,61.64,31.25,39.33,38.8
105,180,400,34.02,-6999,61.64,31.26,39.32,38.77
105,180,430,34.02,-6999,61.63,31.24,39.3,38.73
105,180,500,34.06,-6999,61.64,31.25,39.31,38.71
105,180,530,34.11,-6999,61.65,31.25,39.33,38.7
105,180,600,34.22,-6999,61.7,31.28,39.39,38.73
105,180,630,34.34,-6999,61.74,31.35,39.43,38.74
105,180,700,34.35,-6999,61.67,31.31,39.36,38.64
105,180,730,34.31,-6999,61.6,31.25,39.29,38.53
105,180,800,34.25,-6999,61.51,31.17,39.19,38.41
105,180,830,34.17,-6999,61.44,31.1,39.12,38.31
105,180,900,34.07,-6999,61.4,31.05,39.07,38.24
105,180,930,34.08,-6999,61.4,31.06,39.08,38.23
105,180,1000,33.99,-6999,61.36,31.02,39.03,38.16
105,180,1030,33.89,-6999,61.31,30.99,38.96,38.06
105,180,1100,33.84,-6999,61.31,31.02,38.94,38.01
105,180,1130,33.78,-6999,61.33,30.99,38.92,37.99
105,180,1200,33.8,-6999,61.33,30.93,38.9,37.98
105,180,1230,33.89,-6999,61.48,31.11,39.02,38.07
105,180,1300,33.85,-6999,61.48,31.12,38.98,38.02
105,180,1330,33.81,-6999,61.45,31.02,38.93,37.96
105,180,1400,33.88,-6999,61.53,31.07,38.98,38.03
105,180,1430,33.94,-6999,61.64,31.11,39.02,38.08
105,180,1500,33.9,-6999,61.68,31.09,39,38.06
105,180,1530,33.86,-6999,61.71,31.02,38.95,38.03
105,180,1600,33.96,-6999,61.87,31.15,39.04,38.12
105,180,1630,33.76,-6999,61.84,31,38.93,38.03
105,180,1700,33.9,-6999,62.01,31.12,39.02,38.15
105,180,1730,33.97,-6999,62.13,31.17,39.06,38.22
105,180,1800,34,-6999,62.2,31.18,39.1,38.3
105,180,1830,33.98,-6999,62.25,31.12,39.05,38.36
105,180,1900,33.99,-6999,62.32,31.08,39,38.46
105,180,1930,34.02,-6999,62.41,31.03,38.98,38.58
105,180,2000,34.07,-6999,62.51,31.01,38.97,38.73
105,180,2030,34.11,-6999,62.61,31.02,38.98,38.88
105,180,2100,34.19,-6999,62.71,31.02,38.99,39.02
105,180,2130,34.25,-6999,62.8,31.01,39.01,39.13
105,180,2200,34.26,-6999,62.87,30.95,39.01,39.16
105,180,2230,34.29,-6999,62.94,30.93,39.03,39.2
105,180,2300,34.38,-6999,63.03,30.98,39.08,39.27
105,180,2330,34.46,-6999,63.12,31.03,39.12,39.32
105,180,2400,34.51,-6999,63.15,31.03,39.11,39.32
105,181,30,34.56,-6999,63.25,31.03,39.1,39.32
105,181,100,34.63,8.89,63.31,31.05,39.12,39.34
105,181,130,34.66,9.38,63.33,31.06,39.12,39.34
105,181,200,34.71,8.77,63.35,31.07,39.12,39.34
105,181,230,34.73,8.37,63.36,31.06,39.11,39.32
105,181,300,34.75,7.84,63.35,31.04,39.09,39.29
105,181,330,34.79,7.61,63.38,31.05,39.1,39.29
105,181,400,34.81,8.92,63.38,31.05,39.09,39.27
105,181,430,34.86,9.95,63.41,31.08,39.1,39.27
105,181,500,34.91,11.11,63.43,31.1,39.11,39.26
105,181,530,34.94,-6999,63.41,31.09,39.1,39.23
105,181,600,34.98,9.77,63.41,31.12,39.1,39.2
105,181,630,34.98,-6999,63.39,31.13,39.08,39.16
105,181,700,35.02,-6999,63.38,31.17,39.07,39.13
105,181,730,34.97,-6999,63.38,31.13,39.01,39.04
105,181,800,34.97,-6999,63.42,31.1,38.97,38.98
105,181,830,34.87,-6999,63.41,31.04,38.9,38.89
105,181,900,34.84,-6999,63.43,31.03,38.88,38.85
105,181,930,34.76,-6999,63.43,30.98,38.84,38.79
105,181,1000,34.7,-62.89,63.44,30.97,38.81,38.74
105,181,1030,34.68,-6999,63.46,30.99,38.79,38.7
105,181,1100,34.6,-6999,63.47,30.99,38.74,38.62
105,181,1130,34.57,-6999,63.53,31,38.74,38.61
105,181,1200,34.6,-6999,63.61,31.05,38.76,38.61
105,181,1230,34.66,-6999,63.67,31.06,38.79,38.64
105,181,1300,34.59,-6999,63.69,30.99,38.74,38.64
105,181,1330,34.64,-6999,63.8,31.03,38.79,38.72
105,181,1400,34.65,-6999,63.85,31.01,38.76,38.72
105,181,1430,34.79,-6999,64,31.23,38.88,38.83
105,181,1500,34.68,-6999,63.96,31.18,38.83,38.79
105,181,1530,34.65,-6999,63.99,31.18,38.83,38.8
105,181,1600,34.54,-6999,63.97,31.06,38.77,38.82
105,181,1630,34.54,-6999,64.05,31,38.72,38.9
105,181,1700,34.79,-6999,64.31,31.22,38.92,39.16
105,181,1730,34.76,-6999,64.37,31.2,38.92,39.27
105,181,1800,34.77,-6999,64.47,31.16,38.9,39.4
105,181,1830,34.78,-6999,64.55,31.12,38.87,39.55
105,181,1900,34.83,-6999,64.66,31.11,38.87,39.71
105,181,1930,34.83,-6999,64.71,31.06,38.8,39.82
105,181,2000,34.86,-6999,64.81,31.03,38.78,39.97
105,181,2030,34.98,-6999,64.94,31.06,38.79,40.15
105,181,2100,35.02,-6999,65,31.03,38.77,40.25
105,181,2130,35.02,-6999,65.02,30.98,38.74,40.32
105,181,2200,34.99,-6999,65.02,30.9,38.72,40.35
105,181,2230,35.03,-6999,65.07,30.89,38.75,40.4
105,181,2300,35.11,-6999,65.14,30.92,38.79,40.48
105,181,2330,35.21,-6999,65.2,30.96,38.83,40.54
105,181,2400,35.3,-6999,65.21,30.99,38.84,40.58
105,182,30,35.36,-6999,65.21,31,38.84,40.59
105,182,100,35.43,11.44,65.21,31,38.84,40.61
105,182,130,35.42,9.76,65.16,30.97,38.8,40.58
105,182,200,35.39,10.84,65.11,30.93,38.75,40.55
105,182,230,35.44,9.45,65.08,30.92,38.74,40.53
105,182,300,35.49,9.42,65.08,30.94,38.74,40.54
105,182,330,35.54,9.16,65.07,30.95,38.75,40.54
105,182,400,35.55,9.53,65.06,30.95,38.74,40.53
105,182,430,35.52,9.05,65.02,30.94,38.73,40.5
105,182,500,35.58,9.39,65,30.97,38.74,40.5
105,182,530,35.65,10.05,65,30.98,38.73,40.48
105,182,600,35.76,11.13,65.02,31.05,38.78,40.51
105,182,630,35.82,12.44,65.01,31.08,38.77,40.48
105,182,700,35.82,15.13,64.99,31.06,38.7,40.4
105,182,730,35.79,18.1,65.03,31.06,38.68,40.35
105,182,800,35.77,22.4,65.04,31.07,38.64,40.28
105,182,830,35.69,22.85,64.94,30.97,38.54,40.16
105,182,900,35.64,20.92,64.82,30.87,38.48,40.07
105,182,930,35.68,-6999,64.81,30.87,38.51,40.07
105,182,1000,35.59,-6999,64.7,30.76,38.42,39.96
105,182,1030,35.66,-6999,64.77,30.83,38.48,39.98
105,182,1100,35.82,-6999,64.96,31.03,38.6,40.07
105,182,1130,35.85,-6999,65.02,31.07,38.57,40.01
105,182,1200,35.75,-6999,64.92,30.91,38.45,39.86
105,182,1230,35.77,-6999,64.99,30.95,38.47,39.85
105,182,1300,35.35,-6999,64.86,30.68,38.27,39.64
105,182,1330,35.17,-6999,64.87,30.59,38.22,39.56