station,date,time,prec,surfwet,glorad,metp,megrtp,mesotp10,mesotp30,meanrh,meanwd,meanwv,wd2,wv2,pres,netrad,heatflux
6069,23-05-2022,0,0,0,0.1,9.4,7.3,12.6,11.9,94.4,205.8,0,205.8,0.1,1004.3,-35.5,0.7
6069,23-05-2022,1,0,0,0.2,9.1,7.1,12.5,11.9,94.4,264.6,0,264.6,0,1004,-41.2,-0.3
6069,23-05-2022,2,0,0,0,8.9,6.8,12.3,11.9,95.1,149.7,0,149.7,0,1003.6,-39.9,-0.9
6069,23-05-2022,3,0,0,0.6,9,7.4,12.2,11.8,95,126.1,1.2,126.1,0.8,1003,-39.4,-1.5
6069,23-05-2022,4,0,0,15.1,9.6,8.5,12.1,11.8,93.1,149.2,1.1,149.2,1,1002.6,-25.7,-2.1
6069,23-05-2022,5,0,0,112.7,10.3,9.9,12,11.8,89.9,153.1,1.6,153.1,1.4,1002.6,17.6,-2.1
6069,23-05-2022,6,0,0,261.8,12,12.4,11.9,11.7,82.5,150.6,2.9,150.6,2.4,1002.3,84.2,-1.6
6069,23-05-2022,7,0,0,356.4,14,14.8,11.8,11.7,70,161.8,4.4,161.8,3.5,1002.1,153.6,-0.5
6069,23-05-2022,8,0,0,534.7,15,16.3,11.8,11.6,61.8,158.3,5.6,158.3,4.5,1001.6,280.2,1.2
6069,23-05-2022,9,0,0,674.6,16.1,18,11.9,11.6,59.9,149.4,6.3,149.4,5.2,1001,385.1,3
6069,23-05-2022,10,0,0,704.4,17,18.8,11.9,11.6,57.6,152.4,6.5,152.4,5.2,1000.4,418.3,5.6
6069,23-05-2022,11,0,0,714.7,17.6,19.5,12.1,11.6,56.9,150.2,6.6,150.2,5.3,999.7,437,8.3
6069,23-05-2022,12,0,0,772,18.2,20.2,12.3,11.5,54.5,144.5,7.4,144.5,6,999,483.7,11.1
6069,23-05-2022,13,0,0,757.6,18.4,20.2,12.5,11.6,54.3,140.3,7.6,140.3,6.2,998.2,468.7,13.6
6069,23-05-2022,14,0,0,641.2,18.4,19.9,12.7,11.6,56.5,143,8.1,143,6.5,997.8,380.4,15
6069,23-05-2022,15,0,0,593,18.3,19.6,12.9,11.6,53.8,141.3,8.5,141.3,6.7,997.2,333.8,15.7
6069,23-05-2022,16,0,0,513.6,18.2,19.1,13.1,11.7,54.5,141.8,8.1,141.8,6.4,996.5,258.9,15.6
6069,23-05-2022,17,0,0,356,18,18.5,13.2,11.7,55.6,143.7,7.8,143.7,6.2,995.8,135.9,14.5
6069,23-05-2022,18,0,0,203.2,17.1,16.9,13.2,11.8,57.6,136.3,7.4,136.3,5.9,995.4,20.1,13
6069,23-05-2022,19,0,0,79.1,15.4,14.8,13.3,11.9,60.6,123.2,6.5,123.2,5.1,994.8,-59.4,11.2
6069,23-05-2022,20,0,0,8.4,13.8,12.7,13.2,11.9,61.9,124.6,5.3,124.6,4.1,994.4,-94.8,9.1
6069,23-05-2022,21,0,0,0,13.1,12,13.1,12,67.4,125.5,5.8,125.5,4.5,993.7,-95,6.8
6069,23-05-2022,22,0,0,0,13.2,12.4,13,12,74.2,129.8,7.1,129.8,5.4,993,-74.9,4.8
6069,23-05-2022,23,0,0,0,13.2,12.4,12.9,12,76,125.9,7.3,125.9,5.7,992.2,-73.9,3.4
6069,24-05-2022,0,0,0,0,12.7,12,12.8,12,80.2,125.4,6.3,125.4,4.8,991.4,-71.3,2.6
6069,24-05-2022,1,0,0,0,12.4,11.7,12.7,12,81.9,118,6.2,118,4.9,990.4,-50.6,2.1
6069,24-05-2022,2,0,0,0,12.7,12,12.6,12,80.2,118.9,5.7,118.9,4.5,989.3,-46.2,1.6
6069,24-05-2022,3,0,0,0.9,13.3,12.7,12.5,11.9,77.6,126.7,6.5,126.7,5,988.5,-37.5,1.3
6069,24-05-2022,4,0.3,0,4.7,12.7,12.1,12.4,11.9,88.5,125.6,6,125.6,4.6,987.9,-19.8,1.2
6069,24-05-2022,5,1.4,0,11,12.1,11.7,12.3,11.9,96,131.8,6.4,131.8,4.8,987.6,-6.6,1.2
6069,24-05-2022,6,1.2,0,27.9,12.1,11.9,12.3,11.9,96.3,139.4,6.4,139.4,4.8,987.6,8.9,1.4
6069,24-05-2022,7,0.5,0,37.2,12.5,12.3,12.2,11.8,96.3,154.2,5.7,154.2,4.8,988,16.3,1.7
6069,24-05-2022,8,0,0,72.5,12.5,12.5,12.2,11.8,96.3,205.7,4,205.7,3.4,988.8,42.1,2.2
6069,24-05-2022,9,0,0,102.5,12.7,12.5,12.2,11.8,95.3,218.1,3.6,218.1,3,989.7,63,2.6
6069,24-05-2022,10,0,0,178.6,12.8,12.7,12.2,11.8,92.3,223.3,3.5,223.3,3.1,990.3,116.2,3.3
6069,24-05-2022,11,0,0,487.4,14.2,15.1,12.2,11.8,82.2,229.3,3.7,229.3,3.3,991,330.5,4.1
6069,24-05-2022,12,0,0,379.3,15.1,15.9,12.2,11.7,73.3,217.1,4.3,217.1,3.7,991.6,236.8,5.8
6069,24-05-2022,13,0,0,319.5,15.4,16.3,12.3,11.7,68.1,224.2,4.6,224.2,3.9,992.4,180,7.9
6069,24-05-2022,14,0,0,378,15.1,16.1,12.5,11.7,68.6,248.2,4.5,248.2,3.6,992.9,222.8,9.1
6069,24-05-2022,15,0,0,289.4,15.1,16.3,12.6,11.7,68.8,241.2,3.7,241.2,3.1,993.7,162.5,9.5
6069,24-05-2022,16,0,0,147,14.5,14.9,12.7,11.8,73.9,232,2.9,232,2.4,993.9,63.4,10.1
6069,24-05-2022,17,4.3,0,32.9,12.8,12.7,12.8,11.8,89.4,218.1,1.7,218.1,1.6,994.2,4,10.2
6069,24-05-2022,18,1,0,138.2,12.8,12.7,12.8,11.8,93.5,188.8,1.1,188.8,1.2,994.5,72.3,9.3
6069,24-05-2022,19,0,0,13,12.9,12.2,12.9,11.9,93.5,189.2,2.5,189.2,2.2,994.8,-10,8.2
6069,24-05-2022,20,0,0,4.9,12.3,11.3,12.9,11.9,88.5,202.1,2.6,202.1,2.3,995.5,-16.5,7.3
6069,24-05-2022,21,0,0,0.1,11.4,10.4,12.8,11.9,90.5,209.8,3.4,209.8,2.9,995.7,-34.1,6.3
6069,24-05-2022,22,0,0,0,10.7,9.7,12.8,11.9,92.4,201.4,2.5,201.4,2.1,995.8,-35.1,5
6069,24-05-2022,23,0,0,0,10.8,10.1,12.7,11.9,92.6,201,3.2,201,2.7,996.1,-26.3,3.6
6069,25-05-2022,0,0.1,0,0,10.8,10.3,12.6,11.9,93.8,206.6,3.7,206.6,3.1,996.4,-14.6,2.6
6069,25-05-2022,1,0,0,0.2,10.6,10.2,12.5,11.9,93.8,229.8,3.5,229.8,2.9,997.1,-14.1,2.1
6069,25-05-2022,2,0.1,0,0.1,10.2,9.8,12.4,11.9,93.8,236.3,3.8,236.3,3.1,997.9,-12.9,1.7
6069,25-05-2022,3,0,0,1,10,9.3,12.4,11.9,93.8,238.1,3.7,238.1,3.2,998.4,-19.3,1.3
6069,25-05-2022,4,0,0,23.3,9.5,8.7,12.3,11.9,93.8,235.5,3.2,235.5,2.7,998.7,-16.6,0.9
6069,25-05-2022,5,0,0,137.1,10.1,9.7,12.2,11.9,93.8,224.2,3,224.2,2.7,999.3,62.5,0.3
6069,25-05-2022,6,0,0,205.5,10.7,10.6,12.2,11.8,93,234,4,234,3.4,999.8,107.7,0.1
6069,25-05-2022,7,0,0,236.5,11.2,11.3,12.1,11.8,85.8,248,4,248,3.3,1000,126.9,0.6
6069,25-05-2022,8,0,0,487.6,12.5,13.8,12.1,11.8,72.3,236,4.8,236,3.9,1000.7,263.8,1.4
6069,25-05-2022,9,0,0,506.6,13.2,14.7,12.1,11.8,68.2,245.9,3.9,245.9,3.4,1000.9,297.4,2.8
6069,25-05-2022,10,0,0,485.2,13.8,15.8,12.1,11.7,67.4,218.1,4.4,218.1,3.7,1000.9,298.7,4.6
6069,25-05-2022,11,0,0,749.2,13.4,15.6,12.2,11.7,76.8,202.5,3.7,202.5,3.2,1000.6,485.9,7.1
6069,25-05-2022,12,0,0,483,14.7,16.7,12.4,11.7,67,223.3,4.6,223.3,3.9,1000.4,291.7,9.7
6069,25-05-2022,13,0,0,514,15.1,16.4,12.6,11.7,57.2,242.6,5.9,242.6,5,1000.5,308.3,12.2
6069,25-05-2022,14,0,0,516.3,15.4,16.9,12.8,11.7,56.7,243.2,5.7,243.2,4.8,1000.6,302.8,12.5
6069,25-05-2022,15,0,0,457.6,15.5,16.9,12.9,11.8,54.6,243.2,6,243.2,4.9,1000.6,244.7,12.6
6069,25-05-2022,16,0,0,331.5,15.3,16,13,11.8,52.3,238.5,4.9,238.5,4.2,1000.4,149.7,12.4
6069,25-05-2022,17,0,0,265,15,15.3,13.1,11.9,52.4,235.5,5,235.5,4.3,1000.2,104.1,11.6
6069,25-05-2022,18,0,0,87.8,14.3,13.9,13.1,11.9,56.6,220.2,4.2,220.2,3.6,999.9,9.1,10.3
6069,25-05-2022,19,0,0,105.7,13.8,13.2,13.2,12,60,228.6,4.2,228.6,3.6,999.5,-31.9,8.7
6069,25-05-2022,20,0,0,10.3,12.8,12,13.1,12,68.1,205.1,4.1,205.1,3.4,999.2,-60.6,6.9
6069,25-05-2022,21,0,0,0.2,11.9,11.2,13,12,80.9,199.1,4.5,199.1,3.7,998.7,-47.9,5.3
6069,25-05-2022,22,0.2,0,0.2,11.2,10.6,12.9,12,90.8,188.2,4.4,188.2,3.6,997.8,-19.7,3.9
6069,25-05-2022,23,0.5,0,0.9,10.8,10.5,12.8,12.1,95.2,190.3,4.7,190.3,3.9,997.1,-12.8,2.9
6069,26-05-2022,0,0,0,0.6,11.3,10.9,12.7,12.1,95.4,210.8,4,210.8,3.3,996.8,-16,2.3
6069,26-05-2022,1,0,0,0,11.4,10.6,12.7,12.1,95.4,235.3,4.1,235.3,3.5,996.7,-24.8,2
6069,26-05-2022,2,0,0,0,11.3,10.6,12.5,12.1,95,239.9,4.9,239.9,3.9,996.7,-24.1,1.7
6069,26-05-2022,3,0,0,1.2,11.2,10.5,12.5,12,92.5,255.8,4.9,255.8,3.9,997,-24.6,1.4
6069,26-05-2022,4,0,0,19.9,10.8,10.2,12.4,12,92.4,254.6,4.8,254.6,3.8,997.2,-17.5,1.1
6069,26-05-2022,5,0.1,0,60.2,10.7,10.2,12.4,12,91.8,261.6,5.6,261.6,4.5,997.8,24.2,0.8
6069,26-05-2022,6,0.2,0,229.9,11,10.6,12.3,12,88.2,273.1,5.9,273.1,4.6,998.5,124.1,0.7
6069,26-05-2022,7,0,0,296.6,11.4,11.4,12.2,11.9,80.2,278.9,6.9,278.9,5.4,999.2,156.6,1
6069,26-05-2022,8,0,0,496.5,11.9,12.5,12.2,11.9,71.6,278.6,7.2,278.6,5.8,1000,275.7,1.6
6069,26-05-2022,9,0,0,683.9,12.8,14.2,12.2,11.9,62.2,282.4,8.3,282.4,6.6,1000.9,410.9,2.3
6069,26-05-2022,10,0,0,675,12.9,14.8,12.2,11.8,63.9,281.7,7.7,281.7,6.1,1001.6,426.3,3.7
6069,26-05-2022,11,1.6,0,323.8,10.6,11,12.3,11.8,84,284.8,6,284.8,4.9,1002.1,221.2,5.7
6069,26-05-2022,12,0.3,0,664.1,12.2,12.8,12.3,11.8,71.5,276.3,6.2,276.3,4.9,1002.3,437.1,6.5
6069,26-05-2022,13,0,0,590.6,13.1,13.7,12.4,11.8,58.1,290.5,7,290.5,5.6,1002.4,358.3,7.5
6069,26-05-2022,14,0,0,316.9,12.7,13.1,12.5,11.8,62,279.9,6,279.9,4.7,1002.7,174.9,8.6
6069,26-05-2022,15,0,0,420.6,11.6,12.3,12.6,11.8,74.4,275.8,6.3,275.8,4.9,1002.9,255,8.5
6069,26-05-2022,16,0.4,0,251.5,10,10.2,12.7,11.8,87,297.3,6.4,297.3,5.2,1003,157.6,8.1
6069,26-05-2022,17,0.3,0,286.6,11.2,11.2,12.7,11.9,80.5,281.9,5.4,281.9,4.2,1002.9,144.9,7.3
6069,26-05-2022,18,0,0,240.3,11.9,12,12.7,11.9,66.8,272.8,5.4,272.8,4.2,1002.5,52.4,6.3
6069,26-05-2022,19,0,0,91.5,11.2,10.8,12.7,11.9,68.3,264.7,5.3,264.7,4.2,1001.9,-54.2,5.4
6069,26-05-2022,20,0,0,17.7,10.5,9.5,12.6,11.9,76.6,259.7,3.7,259.7,2.8,1001.3,-81.9,4.1
6069,26-05-2022,21,0,0,0.3,10.3,9.4,12.5,11.9,83,243.2,2.9,243.2,2.4,1000.8,-64.9,2.5
6069,26-05-2022,22,0,0,0,9.3,8.3,12.4,11.9,93.1,219.2,2.7,219.2,2.2,999.8,-92.1,1.3
6069,26-05-2022,23,0,0,0.3,9.1,8.5,12.3,11.9,95.3,207.7,2.5,207.7,2.2,999.2,-44.4,0.2
6069,27-05-2022,0,3.6,0,0.1,8.5,8.1,12.2,11.9,95.8,260.1,3.6,260.1,2.8,998.8,-24.9,-0.9
6069,27-05-2022,1,0,0,0,7.6,6.8,12.1,11.9,95.8,247.3,3.3,247.3,2.7,998.3,-47.6,-1.6
6069,27-05-2022,2,0,0,0,7.9,7.1,12,11.8,95.4,266,4.5,266,3.5,998.3,-39.7,-2.2
6069,27-05-2022,3,0,0,1.5,7.5,6.4,11.9,11.8,93.1,282.6,4.9,282.6,4,998.7,-62.9,-2.8
6069,27-05-2022,4,0,0,26.7,7.4,6.5,11.7,11.8,91.5,274.8,4.4,274.8,3.6,998.9,-44.7,-3.4
6069,27-05-2022,5,0.6,0,96.5,7.4,6.9,11.6,11.7,93,273.4,4.6,273.4,3.6,999.1,30.8,-4
6069,27-05-2022,6,0.5,0,228.1,8.1,7.9,11.5,11.7,92.3,272.8,4.7,272.8,3.7,999.1,121.7,-4.2
6069,27-05-2022,7,0,0,460.2,8.9,9.5,11.4,11.6,90.5,271.6,4.4,271.6,3.5,999.2,250.4,-3.8
6069,27-05-2022,8,0.8,0,411.3,9.9,10.5,11.4,11.6,82.2,288.5,5,288.5,4,999.1,252,-2.6
6069,27-05-2022,9,0,0,485.7,10.6,11.4,11.4,11.5,74.9,296.8,6.3,296.8,4.9,999.1,307.6,-0.9
6069,27-05-2022,10,0.7,0,646.1,10.4,11.1,11.4,11.5,76.8,292.8,6.5,292.8,5.3,999.1,430.2,0.9
6069,27-05-2022,11,0,0,670,10.8,12.2,11.5,11.5,73.8,284.5,6.4,284.5,5,999.2,441,2.6
6069,27-05-2022,12,0.3,0,561.4,10,11.1,11.6,11.4,80,296.2,6.5,296.2,5.2,999.3,385.9,4.4
6069,27-05-2022,13,0,0,701.2,10.4,11.8,11.7,11.4,76.3,295.1,6.8,295.1,5.4,999.3,476.4,5.6
6069,27-05-2022,14,0,0,616.3,11.1,12.1,11.8,11.4,72.4,289.7,7.4,289.7,5.9,999.2,390.6,7
6069,27-05-2022,15,0,0,498.9,11.2,12.4,12,11.4,69.3,287.6,7.6,287.6,6,999,278.6,7.9
6069,27-05-2022,16,0,0,403.4,11.2,12.1,12.1,11.5,63.6,286.8,8.5,286.8,6.8,998.6,203.8,7.8
6069,27-05-2022,17,0,0,301.8,10.4,10.9,12.2,11.5,70.8,290.2,8.7,290.2,7.1,998.4,121.7,6.8
6069,27-05-2022,18,0,0,179.9,10.2,10.5,12.2,11.5,72.2,288.7,8.3,288.7,6.5,998.3,32,5.3
6069,27-05-2022,19,0,0,61.4,9.7,9.4,12.2,11.5,76.6,291.6,7.1,291.6,5.7,998.2,-23.8,3.7
6069,27-05-2022,20,0,0,13.4,9.4,8.7,12.1,11.6,78.4,294,7,294,5.5,998.1,-62.6,2.2
6069,27-05-2022,21,0,0,0,9.3,8.7,12,11.6,76,296,6.7,296,5.3,998.1,-49.8,0.7
6069,27-05-2022,22,0,0,0,9.3,8.8,11.9,11.6,78.3,303.9,6.4,303.9,5,998,-52.9,-0.6
6069,27-05-2022,23,0,0,0,9,8.4,11.8,11.6,82.6,305.8,6.8,305.8,5.3,997.9,-75.8,-1.5
6069,28-05-2022,0,0,0,0,8.7,7.9,11.7,11.5,85.5,303.4,6.5,303.4,5.1,997.8,-90.3,-2.2
6069,28-05-2022,1,0,0,0,8.5,7.8,11.6,11.5,88.6,307.1,5.6,307.1,4.5,997.9,-84.7,-2.8
6069,28-05-2022,2,0,0,0,8.4,7.5,11.4,11.5,91,308.2,5,308.2,3.9,998.1,-93,-3.3
6069,28-05-2022,3,0,0,1.1,8,7,11.4,11.4,93.8,302.6,4,302.6,3.1,998.3,-91.3,-3.7
6069,28-05-2022,4,0,0,21.7,8,7.1,11.3,11.4,94.5,292.4,3.9,292.4,3.1,998.5,-70.9,-4.1
6069,28-05-2022,5,0,0,128.6,8.8,8.6,11.2,11.4,93.6,297.9,4,297.9,3.1,998.9,27.2,-4.4
6069,28-05-2022,6,0,0,270.6,10.1,10.3,11.1,11.3,86.6,306.2,4.7,306.2,3.8,999.6,81.2,-4.1
6069,28-05-2022,7,0,0,355.2,10.9,11.5,11,11.3,76.2,315.4,5.4,315.4,4.4,1000,154.7,-3
6069,28-05-2022,8,0,0,555.5,12,13.4,11,11.2,70.2,314.2,5.3,314.2,4.2,1000.5,304.5,-1.7
6069,28-05-2022,9,0,0,624.1,12.8,14.6,11,11.2,67,309.9,5.4,309.9,4.3,1000.9,366,0.2
6069,28-05-2022,10,0,0,686.8,13.1,15,11.1,11.1,66.5,309.7,5.5,309.7,4.4,1001.2,425.8,2.9
6069,28-05-2022,11,0,0,842,14,16.5,11.3,11.2,64.2,304.2,5.2,304.2,4.3,1001.2,541.6,5.6
6069,28-05-2022,12,0,0,812.3,14.4,17,11.5,11.1,61.3,300.2,5.5,300.2,4.6,1001.3,527.7,8.8
6069,28-05-2022,13,0,0,735.9,14.5,16.9,11.7,11.1,60.7,294.6,5.3,294.6,4.3,1001.5,468.4,11.7
6069,28-05-2022,14,0,0,703.6,15,17.3,12,11.2,61.1,295.6,5,295.6,4,1001.5,424.9,13.6
6069,28-05-2022,15,0,0,538.7,15.4,17.5,12.2,11.2,57.7,296.5,4.3,296.5,3.4,1001.5,290.1,14.8
6069,28-05-2022,16,0,0,490.8,15.9,17.2,12.5,11.3,49.8,314.3,4.1,314.3,3.3,1001.5,246,15.6
6069,28-05-2022,17,0,0,310.2,15.8,16.6,12.6,11.3,47.2,303.2,3.9,303.2,3.2,1001.4,101,15.2
6069,28-05-2022,18,0,0,191.7,15.1,15.3,12.8,11.4,58,298.2,3.7,298.2,3,1001.4,3.9,13.8
6069,28-05-2022,19,0,0,100.5,14,13.8,12.8,11.5,67.5,288.6,3.7,288.6,3.1,1001.6,-57.6,11.7
6069,28-05-2022,20,0,0,22.5,12.2,11.6,12.8,11.5,84.5,269.6,2.8,269.6,2.2,1001.7,-89.4,9.5
6069,28-05-2022,21,0,0,0,10.2,9.5,12.8,11.6,94.5,262.6,2.8,262.6,2.2,1001.8,-84,7.2
6069,28-05-2022,22,0,0,0,9.3,8.4,12.7,11.7,95.2,250,1.8,250,1.7,1001.5,-83.7,5.1
6069,28-05-2022,23,0,0,0,8.5,7.3,12.6,11.7,95.1,224.7,0.7,224.7,1.2,1001.2,-56,3.3
6069,29-05-2022,0,0,0,0,8.3,7.6,12.5,11.7,95.1,228.8,0.2,228.8,1,1000.8,-29.8,1.7
6069,29-05-2022,1,0,0,0,8,7.5,12.3,11.7,95.1,229,0.5,229,1.2,1000.4,-31,0.5
6069,29-05-2022,2,0,0,0,7.3,5.3,12.2,11.7,95.1,235.9,0.2,235.9,0.7,1000.1,-30.7,-0.3
6069,29-05-2022,3,0,0,4.5,6.6,4.1,12.1,11.7,95.1,203.7,0.2,203.7,0.3,999.9,-17.8,-1.4
6069,29-05-2022,4,0,0,39.1,7,6.1,11.9,11.7,95.1,187.1,0.9,187.1,0.3,999.9,7.4,-2.8
6069,29-05-2022,5,0,0,152.6,7.8,7.8,11.7,11.6,95.1,198.7,1.4,198.7,1.1,1000,56.9,-3.6
6069,29-05-2022,6,0,0,208.9,8.9,9.8,11.6,11.6,95.2,198.3,1.7,198.3,1.5,1000.2,95.8,-3.3
6069,29-05-2022,7,0,0,217.2,9.6,11,11.5,11.6,95.2,211.9,1.8,211.9,1.6,1000.2,138.9,-2.1
6069,29-05-2022,8,0,0,372.3,10.5,12.5,11.5,11.5,95.2,215.8,2.1,215.8,1.8,1000.4,219.3,0.1
6069,29-05-2022,9,0,0,689.6,13.5,16.9,11.6,11.5,86.9,204.2,2.2,204.2,1.9,1000.6,396.9,2.7
6069,29-05-2022,10,0,0,779.2,15.2,19.2,11.7,11.5,72.2,235.8,2.7,235.8,2.4,1000.8,479,6.4
6069,29-05-2022,11,0,0,823.8,15.9,19.7,12,11.4,67.3,260,3.4,260,2.8,1000.6,527.5,10.8
6069,29-05-2022,12,0,0,880.4,16.1,19.9,12.3,11.4,63.4,255.5,4,255.5,3.3,1000.3,563.3,14.6
6069,29-05-2022,13,0,0,828.8,15.2,18.5,12.7,11.5,63.1,279.5,4.8,279.5,3.8,1000.2,518.4,17.7
6069,29-05-2022,14,0,0,748.7,14.4,17.3,13,11.5,61.3,278.3,5.2,278.3,4.2,1000,447.6,19.2
6069,29-05-2022,15,0,0,651.7,13.7,16.4,13.3,11.6,59.4,279,5.4,279,4.3,1000,363.5,19.2
6069,29-05-2022,16,0,0,533.8,13,15.5,13.6,11.7,59.9,278.5,5.1,278.5,4.1,1000.1,266.9,18.1
6069,29-05-2022,17,0,0,354.2,11.8,13.7,13.7,11.8,63.4,265,4.6,265,3.7,1000.4,149.9,16.3
6069,29-05-2022,18,0,0,164.4,10.6,11.4,13.7,11.9,65.6,269.2,4.5,269.2,3.6,1000.3,30.9,13.8
6069,29-05-2022,19,0,0,48.2,9.8,9.7,13.7,12,69.5,263.4,4.3,263.4,3.3,1000.1,-21,10.7
6069,29-05-2022,20,0,0,16.3,9.3,9,13.6,12.1,73.4,268.2,4.1,268.2,3.1,999.9,-39.6,7.6
6069,29-05-2022,21,0,0,0.2,9.1,8.8,13.4,12.1,78,251.8,2.9,251.8,2.4,1000.1,-32.6,5.1
6069,29-05-2022,22,0,0,0,8.9,8.6,13.2,12.2,82.3,247.9,2.7,247.9,2.2,1000.2,-34.2,3.2
6069,29-05-2022,23,0,0,0.1,8.6,8.2,13.1,12.2,86.2,250.2,2.7,250.2,2.1,1000.3,-47.1,1.9
6069,30-05-2022,0,0,0,0.1,8.1,7.2,12.9,12.2,89.1,246.9,2.1,246.9,1.4,1000.1,-64.7,0.8
6069,30-05-2022,1,0,0,0,7.9,6.7,12.8,12.2,90.2,247.6,1.7,247.6,1.2,1000.1,-63.6,-0.3
6069,30-05-2022,2,0,0,0.1,7.6,6,12.6,12.2,91.7,216.8,1.3,216.8,0.7,1000.2,-66.5,-1.3
6069,30-05-2022,3,0,0,2,7,4.8,12.5,12.1,93.6,199.5,1.1,199.5,0.6,1000.3,-66.7,-2.3
6069,30-05-2022,4,0,0,27.9,6.7,5.4,12.3,12.1,94.6,164.8,1.3,164.8,0.8,1000.8,-23.6,-3.5
6069,30-05-2022,5,0,0,160.3,8,7.9,12.2,12,94.1,193.9,1.5,193.9,1.2,1001.5,4.4,-4.3
6069,30-05-2022,6,0,0,299.3,9.3,10,12,12,88.5,204,1.7,204,1.4,1002.2,92.1,-3.9
6069,30-05-2022,7,0,0,375.2,10.4,12.1,11.9,11.9,76.2,192.1,1.9,192.1,1.6,1002.6,185.8,-2.6
6069,30-05-2022,8,0,0,498.4,11,13.9,11.9,11.9,75.3,243.6,2.3,243.6,2,1003,283.5,-0.3
6069,30-05-2022,9,0,0,329.8,11.4,13.7,11.9,11.8,70.9,257.7,1.3,257.7,1.1,1003.2,189.8,2.4
6069,30-05-2022,10,0,0,306.3,12.1,14.4,12.1,11.8,66.8,199.7,1.2,199.7,1,1003.5,174.6,4.6
6069,30-05-2022,11,0,0,196.2,12,13.5,12.2,11.8,68.2,300.4,1.3,300.4,1.1,1003.5,99.4,6.8
6069,30-05-2022,12,0,0,141.5,11.9,12.6,12.3,11.8,70.3,302.8,1.4,302.8,1.2,1003.8,67.3,7.9
6069,30-05-2022,13,0,0,129,11.9,12.5,12.5,11.8,70.4,296.4,1.8,296.4,1.5,1004.2,59.3,7.5
6069,30-05-2022,14,0,0,230.6,11.9,12.8,12.5,11.8,70.9,308.4,2.3,308.4,1.9,1004.4,131.3,7
6069,30-05-2022,15,0,0,161.8,12,12.8,12.6,11.8,70.1,314.1,2.6,314.1,2.1,1004.7,80,6.7
6069,30-05-2022,16,0,0,182.7,12,12.5,12.6,11.8,70.9,305.7,2.9,305.7,2.3,1004.8,94.1,6.7
6069,30-05-2022,17,0,0,138.8,12,12.3,12.6,11.8,69,319.8,3,319.8,2.6,1004.9,62.6,6.2
6069,30-05-2022,18,0,0,92,11.9,11.9,12.7,11.9,70.4,308,3,308,2.2,1005,30.6,5.8
6069,30-05-2022,19,0,0,32.8,11.5,11.2,12.7,11.9,76.1,230.7,2.4,230.7,1.7,1005.2,-11.8,5.1
6069,30-05-2022,20,0,0,7.5,10.9,10.5,12.6,11.9,80.5,299,1.7,299,1.2,1005.5,-24.1,4.3
6069,30-05-2022,21,0,0,0.3,10.3,9.7,12.6,11.9,82.6,246.8,1.7,246.8,1.2,1005.7,-41.1,3.3
6069,30-05-2022,22,0,0,0.3,9.6,8.7,12.5,11.9,88.6,325.3,1.6,325.3,1.2,1005.9,-35,2.3
6069,30-05-2022,23,0,0,0.1,9.4,8.9,12.4,11.9,91,333.6,1.6,333.6,1.1,1006,-28.3,1.3
6069,31-05-2022,0,0,0,0.2,9.3,8.7,12.4,11.9,91.4,331,1.4,331,1.1,1005.9,-32.1,0.6
6069,31-05-2022,1,0,0,0.1,9.1,8.6,12.3,11.9,92.3,326.4,1.6,326.4,1.1,1005.9,-29.8,0
6069,31-05-2022,2,0,0,0.2,9.2,8.6,12.2,11.9,92.4,335.4,1.5,335.4,1,1005.9,-27.5,-0.5
6069,31-05-2022,3,0,0,0.1,9.1,8.6,12.1,11.9,93,327.4,1,327.4,0.6,1005.9,-21.6,-0.8
6069,31-05-2022,4,0.2,0,10,9,8.7,12,11.8,94.1,323.4,1.1,323.4,0.7,1006,-8.9,-1
6069,31-05-2022,5,0.3,0,47,9,9,12,11.8,95.4,308.4,1.6,308.4,1.3,1005.8,19.1,-1.1
6069,31-05-2022,6,0,0,101.8,9.6,9.7,11.9,11.8,95.1,323.4,2.1,323.4,1.6,1005.7,56.3,-1
6069,31-05-2022,7,0,0,86.7,9.9,10,11.8,11.7,94.4,310.5,1.7,310.5,1.4,1005.9,44.3,-0.3
6069,31-05-2022,8,0,0,184.2,10.5,10.9,11.8,11.7,93,318.5,2,318.5,1.6,1005.9,111.2,0.3
6069,31-05-2022,9,0,0,324.8,11.5,12.8,11.9,11.7,84.7,313.1,2.3,313.1,1.9,1006,194.7,1.3
6069,31-05-2022,10,0,0,533.8,12.4,14.6,11.9,11.7,80.7,291.4,2.6,291.4,2.1,1006,347,3
6069,31-05-2022,11,0,0,591.6,12.7,15.1,12,11.7,74.2,291.2,3.6,291.2,2.9,1006,386.1,5.6
6069,31-05-2022,12,0,0,795.8,13.3,16.2,12.2,11.7,70.9,296.9,3.7,296.9,3.1,1006,529.1,8
6069,31-05-2022,13,0,0,484.6,13.5,15.8,12.4,11.7,68.8,292.6,3.7,292.6,3,1005.8,295,10.3
6069,31-05-2022,14,0,0,389.3,13.5,14.9,12.6,11.7,68.5,311.2,3.5,311.2,3,1005.7,235.8,11.9
6069,31-05-2022,15,0,0,349.5,13.5,14.8,12.8,11.7,69.7,312.9,3.2,312.9,2.6,1005.5,206.4,11.7
6069,31-05-2022,16,0,0,437.3,13.8,15.7,12.9,11.8,66.9,310.2,3.3,310.2,2.6,1005.3,256.9,11.4
6069,31-05-2022,17,0,0,116.2,13.3,13.7,13,11.8,66.5,316.6,2.8,316.6,2.3,1005,37.8,11.6
6069,31-05-2022,18,0,0,87,12.7,12.5,13.1,11.9,68.9,309.1,3.1,309.1,2.6,1005.1,18.7,10.7
6069,31-05-2022,19,0,0,77,12.2,11.9,13.1,12,70.7,316.8,2.9,316.8,2.2,1005,-6.5,8.7
6069,31-05-2022,20,0,0,22.3,11.3,10.4,13.1,12,73.9,317.4,2.2,317.4,1.8,1005.1,-54.6,7
6069,31-05-2022,21,0,0,0.1,9.7,7.1,13,12,80,316.8,1.2,316.8,0.6,1005.1,-81,5.2
6069,31-05-2022,22,0,0,0.2,8.2,4.4,12.9,12.1,88.6,296.9,0.6,296.9,0,1004.8,-63.5,3
6069,31-05-2022,23,0,0,0.4,7.8,4.3,12.8,12.1,91.2,290.2,1.3,290.2,0.7,1004.7,-59,0.4
6069,01-06-2022,0,0,0,0,7.9,5.6,12.6,12,92.3,270.5,1.3,270.5,0.5,1004.6,-45.6,-1.7
6069,01-06-2022,1,0,0,0.1,7.9,6.3,12.4,12.1,92.9,273.4,1.3,273.4,0.7,1004.5,-48.8,-2.8
6069,01-06-2022,2,0,0,0,7.6,5.9,12.2,12,92.9,264.1,1.1,264.1,0.3,1004.1,-51,-3.2
6069,01-06-2022,3,0,0,1.2,7.2,5.1,12.1,12,93.8,249.7,1.2,249.7,0.4,1003.9,-53.1,-3.5
6069,01-06-2022,4,0,0,29.1,7.5,6.5,11.9,11.9,94.6,261.7,1.6,261.7,0.9,1003.8,-32.7,-4.2
6069,01-06-2022,5,0,0,72.6,8.2,7.9,11.8,11.9,94,232.2,1.3,232.2,0.9,1003.8,11.6,-4.4
6069,01-06-2022,6,0,0,272.8,9.3,10.1,11.7,11.9,92.8,265.9,1.7,265.9,1.4,1004,138.4,-3.8
6069,01-06-2022,7,0,0,407.1,10.7,12.3,11.7,11.8,82.5,273.6,2.5,273.6,2,1004.4,187.4,-2.4
6069,01-06-2022,8,0,0,516.3,11.5,13.6,11.7,11.7,69.7,276.7,2.7,276.7,2.2,1004.7,272,-0.2
6069,01-06-2022,9,0,0,550.2,12.4,14.8,11.8,11.7,66.2,269.9,2.8,269.9,2.3,1004.6,319,2
6069,01-06-2022,10,0,0,642.2,13.1,15.8,11.9,11.7,57.8,265.4,2.7,265.4,2.4,1004.4,382.1,4.2
6069,01-06-2022,11,0,0,387,13.6,15.8,12,11.7,54.6,281.7,2.9,281.7,2.3,1004.2,213.8,6.7
6069,01-06-2022,12,0,0,191.1,13.2,14,12.3,11.6,60.4,273.4,2.9,273.4,2.4,1004,88.5,8.6
6069,01-06-2022,13,0,0,134.1,12.7,12.9,12.4,11.7,64.6,242.8,2.2,242.8,1.9,1004,50.4,8.6
6069,01-06-2022,14,0,0,183.2,13.3,13.6,12.5,11.7,59.9,257,1.9,257,1.5,1003.8,81.3,7.6
6069,01-06-2022,15,0,0,197.4,13.6,13.8,12.6,11.7,58.9,282.5,2.6,282.5,2.1,1003.8,92.2,7
6069,01-06-2022,16,0,0,448.8,13.9,15.2,12.6,11.8,62.1,292,4.3,292,3.6,1004,238.7,6.5
6069,01-06-2022,17,0,0,397,13.3,15,12.6,11.8,65.9,285.8,5,285.8,4.2,1004.2,165,6.7
6069,01-06-2022,18,0,0,141.4,11.9,12.2,12.7,11.8,73.1,272.2,4.4,272.2,3.6,1004.3,0.2,6.8
6069,01-06-2022,19,0,0,72.2,11.2,11.1,12.7,11.9,82.8,264.9,3.9,264.9,3.1,1004.2,-38.4,5.7
6069,01-06-2022,20,0,0,13.8,10.5,9.8,12.7,11.9,87.2,258,3.2,258,2.5,1004.2,-70.6,4.2
6069,01-06-2022,21,0,0,0.3,9.6,8.6,12.6,11.9,92.6,249.6,2.5,249.6,2.1,1004.2,-87.1,2.7
6069,01-06-2022,22,0,0,0,8.7,7.3,12.5,11.9,95.6,234,0.7,234,1.3,1003.9,-73.3,1.3
6069,01-06-2022,23,0,0,0,8.9,8.2,12.4,11.9,95.7,217.8,1,217.8,1.6,1003.8,-43.4,-0.2
6069,02-06-2022,0,0,0,0.2,9.4,9,12.3,11.9,95.7,211.1,1.2,211.1,1.8,1003.8,-26.3,-1.1
6069,02-06-2022,1,0,0,0.2,9.5,9.3,12.1,11.9,95.7,208.8,2,208.8,2.2,1003.5,-18.1,-1.3
6069,02-06-2022,2,0,0,0.1,9.6,9.5,12.1,11.9,95.7,207.8,2.2,207.8,2.3,1003.4,-16,-1.3
6069,02-06-2022,3,0,0,0.6,9.7,9.6,12,11.9,95.7,225.7,2.1,225.7,2.3,1003,-12.1,-1.1
6069,02-06-2022,4,0.6,0,9.3,9.9,9.9,11.9,11.8,95.7,249.6,3.3,249.6,2.8,1003.2,-3.1,-1
6069,02-06-2022,5,0,0,17.9,10.1,9.9,11.9,11.8,95.7,265.7,3.2,265.7,2.5,1003.5,4.1,-0.9
6069,02-06-2022,6,0,0,35,10.1,10,11.8,11.7,95.8,281.1,3.1,281.1,2.5,1004,18,-0.6
6069,02-06-2022,7,0.1,0,55.2,10.2,10.2,11.8,11.7,95.8,279.1,2.8,279.1,2.4,1004.4,32.6,-0.4
6069,02-06-2022,8,0,0,138.3,10.7,10.9,11.8,11.7,95.8,269.8,3.4,269.8,2.7,1004.8,94.6,-0.1
6069,02-06-2022,9,0,0,191.8,11.3,11.5,11.8,11.7,95.5,278,4,278,3.4,1005.4,131.9,0.6
6069,02-06-2022,10,0,0,307.8,12,12.4,11.8,11.7,92.5,280.2,4.6,280.2,3.7,1006,211.6,1.6
6069,02-06-2022,11,0,0,243.9,12.2,12.5,11.9,11.6,89.8,281.5,5.5,281.5,4.2,1006.5,156.8,2.8
6069,02-06-2022,12,0,0,116.8,11.5,11.6,11.9,11.6,93.1,276,4.8,276,3.8,1006.9,68.6,3.8
6069,02-06-2022,13,0,0,86.3,11.4,11.4,12,11.6,93.7,275.2,4.4,275.2,3.6,1007.4,50.5,3.9
6069,02-06-2022,14,0.1,0,96.4,11.2,11.2,12,11.6,94.2,274.1,4.8,274.1,3.7,1008,58.7,3.6
6069,02-06-2022,15,0,0,99.8,11,11.1,12.1,11.6,94.4,276.6,5.1,276.6,4.1,1008.2,61,3.3
6069,02-06-2022,16,0,0,75.1,11.2,11.1,12.1,11.6,91.1,276.9,5.3,276.9,4.2,1008.4,36.9,3
6069,02-06-2022,17,0,0,54.5,10.9,10.9,12.1,11.6,89.8,273.5,5.2,273.5,3.9,1008.6,21.1,2.7
6069,02-06-2022,18,0,0,29.5,10.6,10.5,12,11.6,91.8,269.6,4.9,269.6,3.7,1008.9,3.3,2.3
6069,02-06-2022,19,0,0,11.8,10.4,10.2,12,11.7,92.6,274.2,4.8,274.2,3.7,1009,-7.3,1.9
6069,02-06-2022,20,0,0,2.5,10.4,10.1,12,11.6,91.9,277.2,4.7,277.2,3.6,1009.1,-15.3,1.3
6069,02-06-2022,21,0,0,0.1,10.2,10.1,11.9,11.6,93.5,261.9,4.3,261.9,3.4,1009.4,-15.8,0.9
6069,02-06-2022,22,0,0,0.1,10.1,10,11.9,11.6,93.9,263.3,4.3,263.3,3.5,1009.7,-14.9,0.5
6069,02-06-2022,23,0,0,0.1,10,9.9,11.9,11.6,94.6,267.8,4.1,267.8,3.2,1010,-13.4,0.2
6069,03-06-2022,0,0,0,0.1,10.1,10,11.8,11.6,94.6,268.8,4.1,268.8,3.2,1010.1,-14.3,0
6069,03-06-2022,1,0,0,0.1,10.2,10,11.8,11.6,94.6,266.4,4,266.4,3.3,1010.3,-15,-0.1
6069,03-06-2022,2,0,0,0.1,10.1,9.9,11.7,11.6,94.6,277.4,4,277.4,3.1,1010.5,-15.1,-0.2
6069,03-06-2022,3,0,0,0.2,9.9,9.7,11.7,11.6,94.1,277.7,4.3,277.7,3.4,1010.6,-14,-0.3
6069,03-06-2022,4,0,0,5.3,9.5,9.4,11.6,11.5,94.3,271.7,4.7,271.7,3.6,1010.8,-8.3,-0.4
6069,03-06-2022,5,0,0,15.8,9.3,9.2,11.6,11.5,94.3,268.1,4.3,268.1,3.3,1011,-0.8,-0.6
6069,03-06-2022,6,0,0,38.6,9.4,9.3,11.6,11.5,94.3,262,4.4,262,3.4,1011.1,15.2,-0.7
6069,03-06-2022,7,0,0,73.6,9.7,9.8,11.5,11.5,94.3,258.8,4.4,258.8,3.5,1011.3,37.6,-0.7
6069,03-06-2022,8,0,0,85.2,10,10.1,11.5,11.5,94.3,269.2,4,269.2,3.1,1011.2,45.1,-0.5
6069,03-06-2022,9,0,0,131.7,10.5,10.9,11.5,11.4,93.7,277.2,3.8,277.2,3,1011.2,76.1,-0.2
6069,03-06-2022,10,0,0,191.3,11.2,11.7,11.5,11.4,89,279.8,3.7,279.8,3,1011.6,115.7,0.4
6069,03-06-2022,11,0,0,295.3,12.1,13,11.5,11.4,79.2,269.8,4,269.8,3.3,1011.9,184.3,1.2
6069,03-06-2022,12,0,0,278.7,12.2,13.1,11.5,11.4,76.1,275.4,4.6,275.4,3.8,1011.9,173.7,2.4
6069,03-06-2022,13,0,0,213.5,11.9,12.7,11.6,11.4,78.7,286.1,4.4,286.1,3.7,1011.9,125.9,3.3
6069,03-06-2022,14,0,0,249,12.2,13,11.7,11.4,75.6,275.4,4.4,275.4,3.5,1011.8,150.3,3.8
6069,03-06-2022,15,0,0,185.4,11.9,12.4,11.8,11.4,78.5,277.8,4.8,277.8,3.8,1011.8,106.3,4.1
6069,03-06-2022,16,0,0,179.5,12,12.5,11.8,11.4,76,285.4,4.3,285.4,3.6,1011.7,102.1,4.2
6069,03-06-2022,17,0,0,116.7,12,12.3,11.9,11.4,78.6,274.4,4.6,274.4,3.5,1011.6,58,4.1
6069,03-06-2022,18,0,0,82.7,11.9,12.1,11.9,11.4,84.6,268.1,3.8,268.1,3,1011.5,32,3.8
6069,03-06-2022,19,0,0,34.5,11.4,11.3,11.9,11.4,83.1,286.3,4.1,286.3,3.3,1011.8,-1.2,3.5
6069,03-06-2022,20,0,0,6.6,10.7,10.6,11.9,11.4,87.4,289,4.2,289,3.4,1012,-15.6,2.9
6069,03-06-2022,21,0,0,0.4,10.5,10.2,11.9,11.5,89.3,285.9,4.2,285.9,3.4,1012,-19.4,2.2
6069,03-06-2022,22,0,0,0.1,10.4,10.2,11.8,11.5,90.1,278.8,3,278.8,2.3,1012.1,-18.6,1.4
6069,03-06-2022,23,0,0,0.1,10.5,10.3,11.8,11.5,91.1,284.5,2.9,284.5,2.5,1012.4,-18.6,0.9
6069,04-06-2022,0,0,0,0.1,10.4,10.1,11.7,11.5,91.5,282.8,3.1,282.8,2.4,1012.5,-19.5,0.5
6069,04-06-2022,1,0,0,0.1,10.2,10,11.7,11.5,91.5,273,3,273,2.4,1012.6,-18.5,0.2
6069,04-06-2022,2,0,0,0.1,10.2,9.9,11.6,11.4,90.5,262.8,2.7,262.8,2,1012.4,-20.7,0
6069,04-06-2022,3,0,0,2.1,10.1,9.8,11.6,11.4,90.2,251.8,3.2,251.8,2.6,1012.3,-18.1,-0.2
6069,04-06-2022,4,0,0,25.2,10,9.7,11.6,11.4,90.2,248.7,2.6,248.7,2,1012.3,-13.5,-0.4
6069,04-06-2022,5,0,0,73.8,10.3,10.4,11.5,11.4,90.4,264.9,2.6,264.9,2.1,1012.5,31,-0.5
6069,04-06-2022,6,0,0,125.1,10.5,11.1,11.5,11.4,91.9,261.1,2.7,261.1,2.2,1013.1,68.9,-0.3
6069,04-06-2022,7,0,0,251.2,11.1,12.4,11.5,11.4,91.3,243.5,2.1,243.5,1.9,1013.5,150.6,0.4
6069,04-06-2022,8,0,0,417.9,11.9,14,11.5,11.4,88.4,256.6,2.2,256.6,1.9,1014,232.7,1.7
6069,04-06-2022,9,0,0,686.8,13.3,16.9,11.6,11.3,82,250.6,2.2,250.6,1.9,1014.8,406,3.6
6069,04-06-2022,10,0,0,795.7,14.8,19.6,11.7,11.3,73.3,238.8,1.8,238.8,1.6,1015,482.6,6.9
6069,04-06-2022,11,0,0,857.8,16.4,21.2,11.9,11.3,68.1,252,1.7,252,1.5,1015.1,535.1,11.4
6069,04-06-2022,12,0,0,860.2,17.6,22.4,12.2,11.4,61,245.2,1.6,245.2,1.5,1014.9,533.7,16.1
6069,04-06-2022,13,0,0,823.7,19.1,24,12.6,11.4,55,252.2,1.1,252.2,1.1,1014.6,492,20.3
6069,04-06-2022,14,0,0,744.6,20,24.1,13,11.5,52.1,229.7,1.4,229.7,1.3,1014.4,418.5,23.5
6069,04-06-2022,15,0,0,537.4,20.4,23.8,13.5,11.6,48.9,200.3,1.6,200.3,1.5,1014.2,263.3,25.5
6069,04-06-2022,16,0,0,358.7,20.1,21.8,13.8,11.7,52.9,241.7,1.2,241.7,1.1,1014,153.9,25.8
6069,04-06-2022,17,0,0,429,20.2,22.1,14.1,11.8,55.5,292.2,1.8,292.2,1.4,1013.9,191.4,24
6069,04-06-2022,18,0,0,256.3,19.6,20.7,14.3,12,60.1,297.6,2.6,297.6,2.1,1014,42.9,21.6
6069,04-06-2022,19,0,0,108.5,18.3,18.1,14.4,12.1,66.5,304.8,2.6,304.8,2.1,1014,-53.4,19
6069,04-06-2022,20,0,0,25.4,16,15.2,14.4,12.2,82.2,305.5,2.8,305.5,2.1,1014.3,-91.3,16
6069,04-06-2022,21,0,0,0.6,13.5,12.4,14.3,12.3,92.2,300.2,2.5,300.2,1.9,1014.5,-94.8,12.8
6069,04-06-2022,22,0,0,0,11.7,10.7,14.2,12.4,94.5,292.9,2,292.9,1.6,1014.5,-85.2,9.9
6069,04-06-2022,23,0,0,0,10.5,9.8,14.1,12.5,94.9,267.5,2.2,267.5,1.6,1014.3,-56.4,7.3
6069,05-06-2022,0,0,0,0.1,9.9,10.1,13.9,12.5,95.2,276.3,1.9,276.3,1.5,1014.3,-15.4,5.1
6069,05-06-2022,1,0,0,0.1,9.4,9.7,13.7,12.6,95.2,280.7,1.6,280.7,1.4,1014.1,-12.3,3.8
6069,05-06-2022,2,0,0,0.1,9.1,9.5,13.6,12.6,95.2,267.3,1.3,267.3,1.2,1013.8,-11.1,3
6069,05-06-2022,3,0,0,2.6,9,9.4,13.5,12.6,95.2,245.5,1.4,245.5,1.2,1013.6,-8,2.4
6069,05-06-2022,4,0,0,22.3,8.6,9.2,13.4,12.6,95.2,256.4,1.2,256.4,1,1013.2,7,1.9
6069,05-06-2022,5,0,0,72.2,8.8,9.6,13.2,12.5,95.2,220.9,1.7,220.9,1.5,1013,43.6,1.5
6069,05-06-2022,6,0,0,149.6,9.1,10.1,13.1,12.5,95.6,214.3,2.4,214.3,2.1,1013.2,95,1.5
6069,05-06-2022,7,0,0,273.6,10.1,11.6,13.1,12.5,95.8,215.7,2,215.7,1.8,1013.2,170,1.9
6069,05-06-2022,8,0,0,445.8,11.7,14,13,12.4,95.8,217.8,2.1,217.8,1.9,1013.3,249.7,2.9
6069,05-06-2022,9,0,0,708.8,14.9,18.1,13,12.4,87.9,238.2,2.7,238.2,2.3,1013.5,408.2,4.7
6069,05-06-2022,10,0,0,746.2,16.8,20.3,13.1,12.4,69.4,205.2,3,205.2,2.5,1013,441.1,7.7
6069,05-06-2022,11,0,0,817.3,18.3,22.1,13.3,12.4,60.5,233.1,2.8,233.1,2.4,1012.6,498.5,11.6
6069,05-06-2022,12,0,0,862.1,19.7,24.7,13.6,12.4,52.5,223.4,1.7,223.4,1.5,1012,516.4,15.4
6069,05-06-2022,13,0,0,715.8,20.2,23.4,13.9,12.5,46.6,181.6,2.5,181.6,2.1,1011.2,405.3,19.7
6069,05-06-2022,14,0,0,744.6,21.1,25.2,14.3,12.5,45.7,213.2,1.2,213.2,1.2,1010.8,413.5,22.2
6069,05-06-2022,15,0,0,620.7,21.7,24.6,14.6,12.6,45.1,230.8,1.9,230.8,1.7,1010.3,314.5,23.8
6069,05-06-2022,16,0,0,375.3,21.8,23.5,14.9,12.7,45.5,202.5,1.2,202.5,1.2,1009.5,138,24.2
6069,05-06-2022,17,0,0,254.2,20.7,20.8,15.1,12.8,52.8,154.9,2.7,154.9,2,1009.1,76.5,23.2
6069,05-06-2022,18,0,0,140.1,19.5,18.9,15.2,12.9,60.8,130.4,3.7,130.4,2.9,1009.1,5.3,20.7
6069,05-06-2022,19,0,0,75.5,17.9,16.9,15.3,13,64.7,141.5,3.7,141.5,2.7,1008.9,-30.5,17.7
6069,05-06-2022,20,0,0,21.4,16.7,15.2,15.2,13.1,65.4,130.9,2.7,130.9,2,1008.6,-61.2,14.6
6069,05-06-2022,21,0,0,0.9,15.3,13.5,15.1,13.2,70.5,121.9,1.9,121.9,1.4,1008.4,-70.1,11.8
6069,05-06-2022,22,0,0,0,14.1,11.3,15,13.2,81.8,100.4,1,100.4,0.4,1008.1,-71.8,9.2
6069,05-06-2022,23,0,0,0.3,13.3,10.9,14.8,13.3,88.6,50.7,1,50.7,0.5,1007.8,-67.6,6.7
6069,06-06-2022,0,0,0,0,12.6,11.1,14.7,13.3,91.6,69.6,1.6,69.6,1.1,1007.5,-59.4,4.6
6069,06-06-2022,1,0,0,0,12,10.9,14.5,13.3,91.4,74.3,1.7,74.3,1.1,1007.1,-55.7,3.2
6069,06-06-2022,2,0,0,0,11.9,10.8,14.3,13.3,87,89.5,2.7,89.5,1.5,1006.4,-48.4,2.4
6069,06-06-2022,3,0,0,1.7,12.1,10.9,14.1,13.3,84.8,88.7,2.7,88.7,1.6,1005.6,-47.8,1.7
6069,06-06-2022,4,0,0,29.3,13.1,11.9,14,13.3,78.4,81,3.2,81,2.3,1004.8,-44.6,1.2
6069,06-06-2022,5,0,0,76.4,13.9,13.2,13.8,13.2,81.2,83.7,3.5,83.7,2.5,1004.2,-6.2,0.9
6069,06-06-2022,6,0,0,146.4,14.8,14.4,13.7,13.2,74.7,74.6,3.8,74.6,2.8,1003.6,54.8,1.1
6069,06-06-2022,7,0,0,145,15.6,15.6,13.7,13.2,73.4,87.7,4.3,87.7,3,1003.7,63.3,1.8
6069,06-06-2022,8,0.7,0,91.2,14.7,14.1,13.6,13.1,86.8,90.2,4.2,90.2,2.8,1003.5,46.6,2.6
6069,06-06-2022,9,0.7,0,122.7,14.4,13.8,13.6,13.1,93.5,81.5,3.4,81.5,2.5,1003,72.6,3.2
6069,06-06-2022,10,0,0,101.7,14.5,13.8,13.6,13,92.3,92.7,4.2,92.7,3.2,1002.7,53.8,3.7
6069,06-06-2022,11,0.5,0,98.9,14.1,13.8,13.6,13,94.5,122.6,4.2,122.6,3.3,1003.1,58.9,4.1
6069,06-06-2022,12,0.7,0,98.8,14.2,14.3,13.6,13,95.3,124.2,3.4,124.2,2.6,1003.3,61.7,4.5
6069,06-06-2022,13,0.5,0,203.2,14.7,15.2,13.6,13,95,108.4,2.6,108.4,2,1003.5,143.1,4.9
6069,06-06-2022,14,0,0,218.9,15.7,16.4,13.7,13,94.8,107.8,2.8,107.8,2.2,1003.6,151.7,5.7
6069,06-06-2022,15,0.8,0,241.9,15.8,16.1,13.7,13,94.6,169.8,2.9,169.8,2.4,1003.9,166.2,7.4
6069,06-06-2022,16,0,0,301,16.9,16.5,13.8,13,85,177.8,2.3,177.8,1.9,1003.9,187.1,8.7
6069,06-06-2022,17,0,0,306.1,17.5,17.3,13.9,13,75.2,162.2,2.1,162.2,1.8,1003.5,134.8,10.1
6069,06-06-2022,18,0,0,83.3,17.3,16.5,14.1,13,79.9,116.3,1.8,116.3,1.4,1003.5,5.5,11.2
6069,06-06-2022,19,0,0,46.6,16.6,15.8,14.2,13,89.9,103,1.1,103,0.8,1003.5,-21.1,11.3
6069,06-06-2022,20,0.2,0,4.6,14.2,13.5,14.2,13,87,160.1,2.8,160.1,2.3,1003.6,-24.9,10.5
6069,06-06-2022,21,0,0,1,13,12,14.2,13.1,93.1,73.1,2.1,73.1,1.4,1003.3,-32.5,9.1
6069,06-06-2022,22,0,0,0,12.5,11.3,14.2,13.1,94.6,81,2.1,81,1.3,1003,-40.6,7.3
6069,06-06-2022,23,0,0,0.2,11.9,10.4,14.2,13.1,94.2,110.6,1,110.6,0.7,1002.8,-22.5,5.4
6069,07-06-2022,0,3.7,0,0.2,12,11.6,14,13.1,94.7,171.4,3.8,171.4,3.1,1002.8,-15.5,3.7
6069,07-06-2022,1,4.5,0,0.5,11.7,11.5,13.9,13.2,95.5,101.3,2.1,101.3,1.6,1002.1,-15.7,2.2
6069,07-06-2022,2,0.5,0,0.2,11.5,11.3,13.8,13.2,95.5,110.2,1.9,110.2,1.2,1001.6,-13.3,1.4
6069,07-06-2022,3,0.6,0,0.1,11.4,11.3,13.7,13.1,95.5,106.3,2.9,106.3,2,1001,-12.4,1.3
6069,07-06-2022,4,1.1,0,6.1,11.5,11.3,13.6,13.1,95.5,134.1,3.1,134.1,2.3,1000.7,-8.2,1.2
6069,07-06-2022,5,0.9,0,22.6,10.9,10.7,13.5,13.1,95.5,175.9,2.9,175.9,2.5,1000.8,2.7,1.1
6069,07-06-2022,6,0.1,0,128.3,10.6,10.6,13.4,13.1,95.4,155.5,3,155.5,2.5,1000.8,74.2,1
6069,07-06-2022,7,0,0,219.9,11.1,11.3,13.3,13,95.4,141.7,3.8,141.7,2.9,1000.8,140.8,1.4
6069,07-06-2022,8,0,0,253.7,12.2,12.6,13.3,13,94.4,135.5,4.1,135.5,3.2,1000.6,156.9,2.1
6069,07-06-2022,9,0,0,337.6,13,13.7,13.3,13,90.8,137,4.9,137,3.9,1000.3,209.1,3.3
6069,07-06-2022,10,0,0,234,13.7,14.2,13.3,12.9,85.6,137.5,5.1,137.5,4,999.8,138.4,4.8
6069,07-06-2022,11,0,0,336.8,13.8,14.7,13.4,12.9,88.4,128.9,4.9,128.9,3.9,999.2,220.4,6.1
6069,07-06-2022,12,0.8,0,180.5,13.2,13.4,13.5,12.9,93.4,126.9,5.3,126.9,3.9,998.9,119.9,7.1
6069,07-06-2022,13,0,0,156,13.3,13.4,13.5,12.9,94.4,121.8,5,121.8,3.9,998.5,96.5,7.5
6069,07-06-2022,14,0.1,0,129.7,13.1,13.2,13.6,12.9,93.9,123.9,5.2,123.9,4,997.9,81.2,7.6
6069,07-06-2022,15,0.1,0,249.3,13.1,13.6,13.6,12.9,93.8,126.4,3.8,126.4,3,997.3,172.3,7.3
6069,07-06-2022,16,0,0,167.7,13.5,13.7,13.6,12.9,90.8,130.1,5,130.1,3.9,996.6,102.6,7.4
6069,07-06-2022,17,1,0,72.5,12.3,12.3,13.7,12.9,92.7,142,4.8,142,3.9,995.9,43.1,7.9
6069,07-06-2022,18,0.3,0,22.7,12.2,12,13.7,12.9,93,138.2,4.4,138.2,3.4,995.5,4.5,7.3
6069,07-06-2022,19,0.4,0,22.8,12.1,12,13.7,12.9,93,133.6,3.3,133.6,2.4,994.9,5.5,6.3
6069,07-06-2022,20,0,0,8.3,12.2,12.1,13.7,12.9,94.2,195.6,1.2,195.6,1.4,995.1,-5.2,5.4
6069,07-06-2022,21,1,0,0.3,12.2,12,13.6,12.9,94.7,249.9,3,249.9,2.3,995.7,-13,4.9
6069,07-06-2022,22,0,0,0,12.2,12,13.6,12.9,94.7,243.3,3.5,243.3,2.8,996.1,-13.1,4.3
6069,07-06-2022,23,0,0,0.3,12,11.7,13.5,12.9,94.7,231,3.1,231,2.7,996.2,-12.6,3.8
6069,08-06-2022,0,0,0,0.1,11.9,11.7,13.5,12.9,94.7,230.3,3.4,230.3,3,996.3,-15,3.4
6069,08-06-2022,1,0.1,0,0,11.8,11.5,13.4,12.9,94.7,232,3.2,232,2.8,996.4,-14.5,3.1
6069,08-06-2022,2,0.8,0,0,11.7,11.4,13.3,12.9,94.7,236.5,3.5,236.5,3,996.4,-13.8,2.7
6069,08-06-2022,3,0,0,0.5,11.4,11.2,13.3,12.9,94.7,231.2,3.4,231.2,3,996.3,-12.4,2.4
6069,08-06-2022,4,0,0,11.2,11.2,11.1,13.2,12.9,94.7,233.7,3.4,233.7,2.9,996.5,-3.5,2.2
6069,08-06-2022,5,0,0,31.6,11.2,11,13.2,12.9,94.7,234.3,3.4,234.3,3,996.8,11.9,1.9
6069,08-06-2022,6,0,0,93.2,11.6,11.6,13.1,12.8,94.7,231.1,3.3,231.1,2.9,997.1,55.1,1.9
6069,08-06-2022,7,0,0,157.8,12.1,12.3,13.1,12.8,94.6,227.3,3.1,227.3,2.7,997.4,102.1,2.1
6069,08-06-2022,8,0,0,143.9,12.5,12.8,13.1,12.8,91.9,226.2,3.3,226.2,2.9,997.9,84.2,2.9
6069,08-06-2022,9,0,0,415.8,13.8,14.8,13.1,12.8,87.9,241.9,3.7,241.9,3.2,998,272.7,3.8
6069,08-06-2022,10,0,0,664.6,14.8,17,13.1,12.7,78.4,234.5,4.1,234.5,3.6,998.1,436.2,5.2
6069,08-06-2022,11,0,0,605.1,15,17.2,13.2,12.7,80,228.5,2.2,228.5,3.3,998.2,400.1,8
6069,08-06-2022,12,0,0,639.7,15.5,18.2,13.4,12.7,76.4,221.5,3.9,221.5,3.5,998.3,420.7,10.9
6069,08-06-2022,13,0,0,450.6,15.2,16.8,13.6,12.8,77,219.9,3.6,219.9,3.2,998.4,282.5,13.6
6069,08-06-2022,14,0,0,551.4,15.6,18,13.8,12.8,72.9,210.5,3.8,210.5,3.4,998.6,342.6,15.1
6069,08-06-2022,15,0,0,243.8,14.8,15.8,14,12.8,78.4,217.9,3.6,217.9,3.1,998.8,139,16.4
6069,08-06-2022,16,0,0,332.8,15.1,16.6,14.2,12.9,74.9,227.6,2.9,227.6,2.6,998.6,183.4,16
6069,08-06-2022,17,0,0,183.8,15.1,15.9,14.3,12.9,74,219.2,1.9,219.2,1.9,998.5,80.5,15
6069,08-06-2022,18,0,0,174.6,15.2,16.4,14.4,13,75,241,1.4,241,1.4,998.4,53.7,14.1
6069,08-06-2022,19,0,0,53.6,14.9,15,14.4,13.1,79,212.3,0.9,212.3,1,998.4,4.8,13
6069,08-06-2022,20,0,0,11.5,14.5,14.4,14.5,13.1,84.1,205.2,0.6,205.2,0.7,998.7,-22.5,11.8
6069,08-06-2022,21,0,0,1.9,14,13.1,14.5,13.2,88.9,140.2,0.1,140.2,0.7,998.8,-42,10.4
6069,08-06-2022,22,0,0,0.7,13.7,12.8,14.4,13.2,90.4,127.2,0,127.2,0,999,-27.8,8.8
6069,08-06-2022,23,0,0,0,13.4,12.8,14.4,13.2,92.3,103.9,0.1,103.9,0.6,998.9,-35.2,7.3
6069,09-06-2022,0,0,0,0.1,13.1,12.6,14.3,13.3,92.4,44,0.1,44,0.3,998.8,-24.5,6.2
6069,09-06-2022,1,0,0,0.1,13,12.8,14.2,13.3,92.4,74.9,0.5,74.9,0.9,998.8,-19.7,5.3
6069,09-06-2022,2,0.6,0,0.1,12.8,12.6,14.2,13.3,92.4,80.2,0.9,80.2,0.9,998.8,-16.4,4.7
6069,09-06-2022,3,0,0,1.2,12.5,12.4,14.1,13.3,92.4,64.9,0.9,64.9,1.2,998.6,-15,4.3
6069,09-06-2022,4,0,0,9.2,12.6,12.4,14,13.3,92.4,54,1.1,54,1.1,998.7,-8.8,3.9
6069,09-06-2022,5,0,0,18.4,12.7,12.6,14,13.3,92.4,75.7,1.4,75.7,1.1,999.1,-0.4,3.6
6069,09-06-2022,6,0.1,0,47.2,13,13,13.9,13.3,92.4,70.6,1.3,70.6,1.3,999.3,22,3.5
6069,09-06-2022,7,0.2,0,114.5,13.5,13.8,13.9,13.3,92.5,86,0.6,86,1.1,999.8,72.3,3.6
6069,09-06-2022,8,0.2,0,176,14.3,14.9,13.8,13.2,92.5,93.2,1.1,93.2,1.3,1000.1,115,4.2
6069,09-06-2022,9,0,0,94,14.5,14.9,13.9,13.2,92.5,98.4,1.2,98.4,1.6,1000.5,50.9,5.5
6069,09-06-2022,10,0.4,0,142.1,14.6,15,13.9,13.2,92.5,115.7,1.4,115.7,1.8,1001,92.3,6.7
6069,09-06-2022,11,0,0,222.9,14.9,15.6,14,13.2,92.5,132,3.2,132,2.6,1001.2,148.5,7.3
6069,09-06-2022,12,0,0,385.9,15.8,17.1,14,13.2,92.5,120.8,3.2,120.8,2.6,1001.5,262.8,8.4
6069,09-06-2022,13,0,0,465.7,16.9,18.8,14.1,13.2,88.2,154.9,2.7,154.9,2.4,1001.9,306.5,10.2
6069,09-06-2022,14,0,0,355.1,17.5,19,14.2,13.2,83.7,171.4,2.9,171.4,2.4,1002.1,218.4,12.9
6069,09-06-2022,15,0,0,505.6,18.2,20.7,14.4,13.3,81.3,182.1,2.2,182.1,2.1,1002.4,317.1,15
6069,09-06-2022,16,1.1,0,227.2,17.2,18.1,14.6,13.3,87.6,221.2,2.4,221.2,2.1,1002.9,143.2,17.1
6069,09-06-2022,17,0,0,137,16.9,17.4,14.8,13.3,91.1,252.7,1.4,252.7,1.9,1003.2,71.9,17.9
6069,09-06-2022,18,0,0,94.9,15.7,16.1,15,13.4,92.6,240.8,2.4,240.8,2.6,1004,45.9,17.2
6069,09-06-2022,19,0.1,0,15.9,14.7,14.8,15.1,13.5,93.6,246.2,2,246.2,2.3,1004.7,-4.3,15.6
6069,09-06-2022,20,1,0,5.8,14.4,14.3,15.1,13.5,93.6,250.3,1,250.3,1.8,1005.2,-11.2,13.5
6069,09-06-2022,21,0,0,0.7,13.4,13.3,15.1,13.6,93.6,284.4,3,284.4,3.1,1006,-14,11.6
6069,09-06-2022,22,0,0,0.1,12.8,12.6,15,13.7,93.6,277.8,3,277.8,2.9,1006.5,-14.3,9.8
6069,09-06-2022,23,0,0,0.1,12.6,12.3,14.9,13.7,93.5,262.9,2.8,262.9,2.5,1007.1,-15.4,8.2
6069,10-06-2022,0,0,0,0,12.4,12.1,14.9,13.7,93.5,260.6,2,260.6,2.2,1007.6,-16,6.8
6069,10-06-2022,1,0,0,0.2,12,11.7,14.8,13.7,92.7,272.3,1.2,272.3,2.1,1007.9,-20.9,5.7
6069,10-06-2022,2,0,0,0.1,11.6,11.4,14.6,13.7,92.3,273.6,2.6,273.6,2.4,1008.3,-18.9,4.8
6069,10-06-2022,3,0,0,0.4,11.5,11.4,14.6,13.7,93,265.5,1.3,265.5,1.6,1008.6,-17.9,3.8
6069,10-06-2022,4,0,0,8,11.7,11.6,14.5,13.7,93.8,245.2,0.5,245.2,1.2,1008.8,-11.3,3.1
6069,10-06-2022,5,0,0,40.2,12,12,14.4,13.7,93.8,243.6,1.1,243.6,1.8,1009.1,8.8,2.7
6069,10-06-2022,6,0,0,97.6,12.4,12.8,14.3,13.7,93.8,236.5,1,236.5,1.9,1009.4,47.2,2.6
6069,10-06-2022,7,0,0,177.1,13,13.8,14.2,13.6,92,231.8,2.2,231.8,2.2,1009.8,101.1,2.9
6069,10-06-2022,8,0,0,448.5,14.1,15.8,14.2,13.6,79.9,235.9,2.2,235.9,2.1,1010,264.3,3.8
6069,10-06-2022,9,0,0,628.7,15.7,18.6,14.2,13.6,73.8,237.2,2.9,237.2,2.6,1010.4,372.2,5.5
6069,10-06-2022,10,0,0,659.1,16.9,19.4,14.3,13.6,69.2,219.6,3.4,219.6,3,1010.5,408.9,8.6
6069,10-06-2022,11,0,0,582.4,17.5,19.6,14.5,13.6,67.9,215.6,3.8,215.6,3.3,1010.4,374.5,12.1
6069,10-06-2022,12,0,0,201.5,17.2,17.8,14.7,13.6,71.6,220,3.4,220,2.9,1010.2,108,14.6
6069,10-06-2022,13,0,0,205.4,16.1,16.5,14.9,13.6,86.8,219.5,3,219.5,2.7,1010.2,132.5,15
6069,10-06-2022,14,0,0,244.6,16.4,16.9,15,13.6,84,234.8,3,234.8,2.7,1010.1,149.2,14.1
6069,10-06-2022,15,0,0,340.5,17.8,18.9,15.1,13.7,75.7,218.7,3.4,218.7,3,1010,207.6,13.4
6069,10-06-2022,16,0,0,297.1,18.3,19,15.1,13.7,69.2,214.2,3.8,214.2,3.2,1009.8,167.4,13.8
6069,10-06-2022,17,0,0,180.4,17.8,18,15.2,13.8,72.8,215.1,4.2,215.1,3.5,1009.8,85.7,14.1
6069,10-06-2022,18,0,0,146.9,17.2,17.4,15.3,13.8,81,211,3.6,211,3.1,1009.7,43.5,13.5
6069,10-06-2022,19,0,0,56.8,16.5,16.3,15.3,13.9,86.2,213.5,2.8,213.5,2.4,1009.6,-1.8,12.6
6069,10-06-2022,20,0,0,10.9,15.8,15.5,15.3,13.9,91.3,208.2,2.4,208.2,2.3,1009.7,-28.2,11.4
6069,10-06-2022,21,0,0,1.1,15,14.5,15.3,14,92.6,224.4,2.2,224.4,2.3,1009.7,-59.2,10.1
6069,10-06-2022,22,0,0,0,14.2,13.6,15.2,14,93.6,211,0.9,211,1.5,1009.6,-50.4,8.6
6069,10-06-2022,23,0,0,0.1,13.5,12.6,15.2,14,93.5,205.6,0.4,205.6,1.2,1009.5,-52.1,7.2
6069,11-06-2022,0,0,0,0,13,12.4,15.1,14,93.5,230.3,0.9,230.3,1.9,1009.6,-71.5,5.8
6069,11-06-2022,1,0,0,0,11.7,10.8,15,14,93.5,214.8,0.6,214.8,1.7,1009.6,-76.2,4.6
6069,11-06-2022,2,0,0,0,10.8,9.8,14.9,14,93.5,205.4,0.2,205.4,1.4,1009.3,-41.9,3.3
6069,11-06-2022,3,0,0,3.3,10.8,10.2,14.7,14,93.5,197,0.4,197,1.6,1009,-26,1.9
6069,11-06-2022,4,0,0,27.5,10.6,10.1,14.6,14,93.5,190.8,0.5,190.8,1.7,1009,-0.6,1
6069,11-06-2022,5,0.1,0,92.5,11.2,11.4,14.5,14,93.5,209.5,0.5,209.5,2,1009.1,39.4,0.4
6069,11-06-2022,6,0,0,149.9,11.9,12.5,14.4,13.9,93.5,206.9,1.9,206.9,2.6,1009.2,82.4,0.6
6069,11-06-2022,7,0,0,289,13.1,14.2,14.3,13.9,93.5,200.1,2.1,200.1,3,1009.4,172.1,1.5
6069,11-06-2022,8,0,0,492.3,15,16.9,14.3,13.8,90.8,201.8,3.3,201.8,2.9,1009.4,267.6,3
6069,11-06-2022,9,0,0,655.9,17.5,19.8,14.3,13.8,77.3,200.9,4.2,200.9,3.5,1009.3,387.4,5.4
6069,11-06-2022,10,0,0,567.1,18.5,20,14.4,13.8,67,207.5,4.8,207.5,4,1009.3,346.3,8.8
6069,11-06-2022,11,0,0,722,19.5,21.4,14.6,13.8,62.4,206.6,4.6,206.6,3.9,1009.2,461,11.7
6069,11-06-2022,12,0,0,716,19.7,21.2,14.8,13.8,59.7,198.6,5.1,198.6,4.2,1009.1,451.8,14.6
6069,11-06-2022,13,0.5,0,594.9,19,20.2,15.1,13.8,67.5,212.2,5.8,212.2,4.8,1009,395.5,16.7
6069,11-06-2022,14,0,0,794.8,18.9,20.7,15.3,13.8,70.3,246.9,5.8,246.9,4.8,1009.5,497.9,18.2
6069,11-06-2022,15,0,0,635.6,19,20.6,15.5,13.9,55.6,265,5.8,265,4.5,1009.6,364.3,18.9
6069,11-06-2022,16,0,0,494.1,18.6,19.9,15.7,14,52.8,252.7,5.6,252.7,4.5,1009.7,251.3,18.8
6069,11-06-2022,17,0,0,356.4,17.7,18.6,15.9,14,56.3,247.6,5.8,247.6,4.7,1010,139,17.4
6069,11-06-2022,18,0,0,274.4,16.8,17.2,15.9,14.1,62.7,238.4,4.8,238.4,4,1010.2,71.5,15.2
6069,11-06-2022,19,0,0,138.6,15.8,15.9,15.9,14.2,68.7,247.3,4.7,247.3,3.8,1010.2,-28.5,12.7
6069,11-06-2022,20,0,0,48.4,14.3,13.9,15.9,14.3,79.9,234.9,4.2,234.9,3.4,1010.4,-73,10.3
6069,11-06-2022,21,0,0,2.8,13,12.1,15.7,14.3,89.3,236.5,3.3,236.5,2.8,1010.5,-88.5,7.9
6069,11-06-2022,22,0,0,0,12.2,11.3,15.6,14.3,92,233.3,2.5,233.3,2.2,1010.4,-84.4,5.8
6069,11-06-2022,23,0,0,0,11.3,10.2,15.4,14.3,94.6,200.4,2,200.4,1.6,1010.1,-80.8,3.9
6069,12-06-2022,0,0,0,0,10.7,10,15.3,14.3,94.9,200.6,2.5,200.6,2.1,1009.7,-48.3,2.5
6069,12-06-2022,1,0,0,0,10.6,9.9,15.1,14.3,94.7,199.4,2.9,199.4,2.3,1009.5,-33.6,1.2
6069,12-06-2022,2,0,0,0.2,10.6,10.1,14.9,14.3,94.7,196.4,2.3,196.4,2,1009.4,-22.4,0.3
6069,12-06-2022,3,0,0,2.6,11.2,10.8,14.8,14.3,94.7,193.5,2.3,193.5,2.4,1009.1,-20,-0.4
6069,12-06-2022,4,0.3,0,26.5,11.5,11.2,14.6,14.2,94.7,192.9,3.1,192.9,2.9,1008.9,2.7,-0.6
6069,12-06-2022,5,0,0,70.9,12.1,12.1,14.5,14.2,94.7,198.3,2.9,198.3,2.9,1008.8,34.3,-0.4
6069,12-06-2022,6,0,0,221,13.1,13.4,14.4,14.1,94.7,204.4,2.6,204.4,2.7,1008.8,128.2,0
6069,12-06-2022,7,0,0,314.5,14.3,15.2,14.4,14.1,91.4,216.2,3.9,216.2,3.3,1008.9,165,1.1
6069,12-06-2022,8,0,0,539.6,15.5,17.2,14.4,14,81.2,226.9,4.2,226.9,3.6,1009.1,306,2.7
6069,12-06-2022,9,0,0,456.5,16.5,18.2,14.4,14,71.4,233.8,4.1,233.8,3.5,1008.8,274.7,4.9
6069,12-06-2022,10,0.2,0,304.5,16,16.5,14.5,14,70.5,238.5,4.6,238.5,3.8,1008.4,187.1,7.2
6069,12-06-2022,11,0,0,484.6,16.4,17.4,14.6,13.9,66.1,254.8,5.2,254.8,4.1,1008.4,309.7,8
6069,12-06-2022,12,0,0,647.5,16.8,18.6,14.7,13.9,64.4,251.5,6.1,251.5,4.9,1008.2,428.5,8.7
6069,12-06-2022,13,0,0,546,16.5,18,14.8,13.9,65.2,263.2,5.8,263.2,4.6,1008,348.8,10.2
6069,12-06-2022,14,0,0,569.2,16.8,18.2,15,13.9,63.7,265.2,5.5,265.2,4.4,1007.7,345.4,11.1
6069,12-06-2022,15,0,0,523.8,16.9,18.5,15.1,14,58.9,256.5,6,256.5,4.6,1007.5,310.3,11.7
6069,12-06-2022,16,0,0,348.7,16.3,17.2,15.2,14,59.7,260.5,6.1,260.5,4.8,1007.3,175.6,12.2
6069,12-06-2022,17,0,0,188.8,15.2,15.5,15.3,14,65.9,262.8,5.7,262.8,4.5,1007.1,87.9,11.4
6069,12-06-2022,18,0,0,121.5,14.3,14.4,15.3,14.1,70.1,265.7,5.5,265.7,4.2,1007.1,42.7,9.7
6069,12-06-2022,19,0,0,49.3,13.6,13.4,15.3,14.1,77,265.4,4.5,265.4,3.4,1006.9,-4.5,7.9
6069,12-06-2022,20,0,0,16.1,13.1,12.7,15.2,14.2,81.2,253.4,4.3,253.4,3.3,1006.7,-35.9,6.2
6069,12-06-2022,21,0,0,0.6,12.5,12.1,15.1,14.2,86.6,253.7,4,253.7,3.2,1006.7,-41.3,4.6
6069,12-06-2022,22,0,0,0.1,11.6,11.1,15,14.2,88,267.6,4.2,267.6,3.3,1006.5,-67.7,3.2
6069,12-06-2022,23,0,0,0,10.4,9.5,14.9,14.2,92.9,245.3,2,245.3,2.2,1006.1,-87,2
6069,13-06-2022,0,0,0,0,9.6,8.6,14.7,14.1,93.2,231.3,1,231.3,2,1005.5,-89.2,0.6
6069,13-06-2022,1,0,0,0,9.3,8.5,14.6,14.1,93.7,233,1.8,233,2.3,1005.4,-76.5,-0.8
6069,13-06-2022,2,0,0,0.2,9.8,9.2,14.4,14.1,92.8,251.7,2.1,251.7,2.4,1005.2,-48.5,-1.8
6069,13-06-2022,3,0,0,3.4,9.2,8.5,14.3,14.1,93.7,249.7,2,249.7,2.2,1005,-83,-2.4
6069,13-06-2022,4,0,0,39.1,9.4,8.9,14.1,14,93.7,252.4,2,252.4,2.2,1004.9,-42.8,-2.8
6069,13-06-2022,5,0,0,165,10,10.1,14,13.9,93.7,248.6,1.8,248.6,2.2,1005.4,5.2,-3.2
6069,13-06-2022,6,0,0,328.3,11.3,12,13.9,13.9,91.7,261.2,3.1,261.2,2.7,1005.9,121.5,-2.9
6069,13-06-2022,7,0,0,431.3,12.8,14.6,13.8,13.8,81.7,286.1,3.8,286.1,3.1,1006.2,216.8,-1.9
6069,13-06-2022,8,0,0,411,13.2,14.6,13.8,13.8,74.8,279.5,4.4,279.5,3.4,1006.2,221.7,0
6069,13-06-2022,9,0,0,472.5,13.9,15.2,13.8,13.7,65.8,284,4.9,284,4,1006.3,270.8,1.8
6069,13-06-2022,10,0,0,695.5,14.4,16.2,13.9,13.7,63.2,297.2,5.9,297.2,4.7,1006.6,439.6,3.4
6069,13-06-2022,11,0,0,774.9,14.1,16.3,14,13.7,65.9,298.6,6.5,298.6,5.3,1007,512.9,5.3
6069,13-06-2022,12,0,0,718.4,14.5,16.3,14.1,13.6,60.6,294.4,6.6,294.4,5.4,1007.1,466.8,7.3
6069,13-06-2022,13,0,0,605.2,14.3,16,14.3,13.6,65.4,293.3,6.9,293.3,5.5,1007.2,383.5,8.5
6069,13-06-2022,14,0.1,0,522.9,14.1,15.1,14.4,13.6,70.8,296.8,7,296.8,5.6,1007.4,327.4,9.2
6069,13-06-2022,15,0,0,505.3,14.3,15.4,14.6,13.7,68.7,296,7.4,296,5.9,1007.6,302.6,9
6069,13-06-2022,16,0,0,485.5,14.4,15.9,14.6,13.7,65.2,291.4,7.3,291.4,5.9,1007.8,279.5,8.4
6069,13-06-2022,17,0,0,160.5,13,13.2,14.7,13.7,74,299.9,7,299.9,5.5,1007.9,72.5,8
6069,13-06-2022,18,0,0,241.9,13.4,13.8,14.7,13.7,68.7,287.1,6.3,287.1,4.8,1007.9,71.9,6.7
6069,13-06-2022,19,0,0,110.3,12.7,12.6,14.7,13.8,73.2,287,5.5,287,4.4,1008.2,-27.8,5.1
6069,13-06-2022,20,0,0,17.5,11.9,11.3,14.6,13.8,82.6,283.6,4.8,283.6,3.8,1008.4,-60.7,3.6
6069,13-06-2022,21,0,0,0.6,11.4,11,14.5,13.8,91.1,286.6,4.8,286.6,3.9,1008.6,-38.9,2.1
6069,13-06-2022,22,0,0,0,11.3,10.8,14.3,13.8,87.4,285.8,4.7,285.8,3.6,1008.6,-56.2,0.9
6069,13-06-2022,23,0,0,0,11.1,10.5,14.2,13.8,84.3,285,4.6,285,3.9,1008.6,-72.7,0
6069,14-06-2022,0,0,0,0,10.4,9.6,14.1,13.8,89.7,282.3,3.6,282.3,2.8,1008.6,-81,-0.8
6069,14-06-2022,1,0,0,0.1,10.5,9.8,14,13.8,92.9,272.2,3.2,272.2,2.4,1008.7,-46.9,-1.7
6069,14-06-2022,2,0,0,0,10.8,10.2,13.9,13.7,92.1,281.1,3.4,281.1,2.7,1008.7,-49.1,-2.2
6069,14-06-2022,3,0,0,7.3,11.2,10.7,13.7,13.7,89.6,284.6,3.8,284.6,3.1,1008.7,-23.9,-2.4
6069,14-06-2022,4,0,0,19.5,11.6,11.3,13.6,13.6,87.4,288.3,4.1,288.3,3.1,1008.8,-15.6,-2.4
6069,14-06-2022,5,0,0,26.2,11.9,11.6,13.6,13.6,88.6,283.1,3.7,283.1,2.9,1009,-5.4,-2.2
6069,14-06-2022,6,0,0,51.1,12,11.8,13.5,13.5,92.7,285.6,3.9,285.6,3.2,1009.3,15.3,-1.9
6069,14-06-2022,7,0,0,154.7,12.8,13,13.4,13.5,89.8,290.3,4.4,290.3,3.5,1009.7,81.9,-1.4
6069,14-06-2022,8,0,0,431.4,14.1,15.1,13.4,13.4,81.3,298.2,4.8,298.2,4,1010.1,247.2,-0.5
6069,14-06-2022,9,0,0,509.3,14.8,16.3,13.4,13.4,77.7,294.8,5.6,294.8,4.5,1010.4,314.3,1.2
6069,14-06-2022,10,0,0,756.6,15.6,17.5,13.5,13.4,72.7,297.6,6.4,297.6,5.1,1010.7,492.9,3.3
6069,14-06-2022,11,0,0,636.2,15.7,17.5,13.6,13.3,70.6,300.2,6.3,300.2,5,1010.9,410.1,5.9
6069,14-06-2022,12,0,0,551,15.9,17.6,13.8,13.3,68.8,294.2,5.9,294.2,4.7,1011.1,344.3,8.1
6069,14-06-2022,13,0,0,565.2,16,17.4,14,13.3,68.9,295.3,5.4,295.3,4.4,1011.1,350.6,9.4
6069,14-06-2022,14,0,0,472.7,16.2,17.6,14.1,13.3,69.2,299.5,5.3,299.5,4.3,1011,290.1,10
6069,14-06-2022,15,0,0,355.1,15.9,16.7,14.3,13.4,73.2,291.5,5.3,291.5,4.3,1011.1,210.1,10.5
6069,14-06-2022,16,0,0,303.9,15.6,16.6,14.4,13.4,75.2,286.6,5.5,286.6,4.3,1011,165.6,10.1
6069,14-06-2022,17,0,0,239.1,15.3,15.8,14.5,13.5,73.6,283.2,4.7,283.2,3.9,1010.7,108.9,9.5
6069,14-06-2022,18,0,0,202.3,15,15.4,14.5,13.5,70.6,276.8,4.8,276.8,3.8,1010.6,64.1,8.6
6069,14-06-2022,19,0,0,62.2,14.3,14.1,14.6,13.5,78.6,282,3.4,282,2.7,1010.6,-6.3,7.5
6069,14-06-2022,20,0,0,24,13.6,13.3,14.5,13.6,82.6,284.4,3.7,284.4,2.9,1010.8,-28,6.1
6069,14-06-2022,21,0,0,1.2,12.8,12.3,14.5,13.6,88.7,271.9,2.3,271.9,1.8,1010.8,-44.9,4.7
6069,14-06-2022,22,0,0,0,12.3,11.7,14.4,13.6,92.4,253.4,2.5,253.4,1.9,1010.6,-53.1,3.5
6069,14-06-2022,23,0,0,0,11.9,11.4,14.3,13.6,94.6,246.9,2.5,246.9,2,1010.6,-53.3,2.4
6069,15-06-2022,0,0,0,0,11.7,11.3,14.2,13.6,94.6,248,2.6,248,2.1,1010.7,-43.3,1.5
6069,15-06-2022,1,0,0,0,11.3,10.8,14.1,13.6,94.6,257.8,2.4,257.8,1.9,1010.7,-63,0.9
6069,15-06-2022,2,0,0,0,10.3,9.4,14,13.6,94.6,253,2.1,253,1.6,1010.4,-78.5,0.3
6069,15-06-2022,3,0,0,4.2,9.7,8.7,13.9,13.6,94.6,248.7,2,248.7,1.6,1010.2,-50.3,-0.6
6069,15-06-2022,4,0,0,32.4,9.4,8.6,13.8,13.6,94.6,213.3,1.3,213.3,1.1,1010.2,-7.7,-1.7
6069,15-06-2022,5,0,0,104.2,10.3,10.5,13.7,13.5,94.6,216.3,1.8,216.3,1.6,1010.2,37.9,-2.4
6069,15-06-2022,6,0,0,159.1,11.6,12.1,13.6,13.5,94.4,230.3,2.2,230.3,1.9,1010.4,66.3,-2
6069,15-06-2022,7,0,0,230.8,12.6,13.4,13.5,13.4,92.9,259.5,3.1,259.5,2.5,1010.5,124.1,-0.8
6069,15-06-2022,8,0,0,212,13.5,14.6,13.5,13.4,85.4,263.4,2.8,263.4,2.3,1010.8,114.4,0.7
6069,15-06-2022,9,0,0,572.2,14.8,16.6,13.6,13.4,72.1,270.9,3.2,270.9,2.5,1011.2,347.7,2.3
6069,15-06-2022,10,0,0,571.4,15.3,17.3,13.6,13.3,69.5,290.6,3.9,290.6,3.1,1011.4,351.9,4.3
6069,15-06-2022,11,0,0,624.8,15.4,17.6,13.7,13.3,68.9,297.3,4.8,297.3,3.8,1011.6,405.4,6.6
6069,15-06-2022,12,0,0,696.7,15.9,18.4,13.9,13.3,66.7,292.3,4.4,292.3,3.6,1011.5,445.3,8.8
6069,15-06-2022,13,0,0,528.7,16,17.8,14.1,13.3,66.7,302.4,4,302.4,3.3,1011.4,327.9,10.8
6069,15-06-2022,14,0,0,614.1,15.9,17.7,14.3,13.4,67.5,311.1,5,311.1,3.9,1011.7,389.2,11.9
6069,15-06-2022,15,0,0,553.3,15.7,17.5,14.5,13.4,66.4,307.1,4.9,307.1,4.1,1011.6,328.6,12
6069,15-06-2022,16,0,0,390.7,15.5,16.8,14.6,13.4,66.3,298.6,4.6,298.6,3.6,1011.4,208.8,11.9
6069,15-06-2022,17,0,0,380.9,15.4,16.6,14.7,13.5,69.1,299.8,4.4,299.8,3.5,1011.2,199,11.4
6069,15-06-2022,18,0,0,222.2,15,15.7,14.8,13.6,66.8,286.8,3.7,286.8,3,1011,52.2,10.4
6069,15-06-2022,19,0,0,108.7,14.2,14.1,14.8,13.6,70.4,288.5,3.3,288.5,2.7,1010.9,-23.4,9.1
6069,15-06-2022,20,0,0,29.4,13,12.3,14.8,13.7,80.4,285.8,2.8,285.8,2.3,1010.9,-73.7,7.1
6069,15-06-2022,21,0,0,2.5,11.8,10.5,14.7,13.7,90,268.4,1.9,268.4,1.4,1010.8,-88.7,4.9
6069,15-06-2022,22,0,0,0,11.1,9.9,14.6,13.7,92.1,256.6,2.2,256.6,1.5,1010.6,-86.8,2.9
6069,15-06-2022,23,0,0,0,10.6,9.6,14.5,13.8,93.8,247.9,2.5,247.9,1.8,1010.5,-86.4,1.3
6069,16-06-2022,0,0,0,0,10.5,9.7,14.3,13.8,94.3,251,2.8,251,2.1,1010.3,-78.3,-0.1
6069,16-06-2022,1,0,0,0,10.4,9.7,14.2,13.7,94.3,246.5,2.8,246.5,2.1,1009.9,-74.7,-1
6069,16-06-2022,2,0,0,0,10.4,9.6,14,13.7,94.3,250.7,3,250.7,2.2,1009.9,-79.6,-1.6
6069,16-06-2022,3,0,0,6.1,10.2,9.6,13.9,13.7,94.3,253.2,3.1,253.2,2.3,1009.9,-68.8,-2.1
6069,16-06-2022,4,0,0,48.9,10.2,9.7,13.8,13.6,94.3,256.5,3.2,256.5,2.4,1009.8,-47.7,-2.4
6069,16-06-2022,5,0,0,169.4,11.1,11.2,13.7,13.6,94.3,262,3.5,262,2.8,1010,10.9,-2.6
6069,16-06-2022,6,0,0,315.3,12.7,13,13.6,13.5,93.1,266.4,3.8,266.4,3,1010.2,116.3,-2.3
6069,16-06-2022,7,0,0,463.7,14.7,16,13.5,13.5,81.5,278.4,4.5,278.4,3.4,1010.6,231,-1.2
6069,16-06-2022,8,0,0,573.5,15.8,17.1,13.5,13.5,68.6,284.7,5.7,284.7,4.4,1010.6,316.9,0.7
6069,16-06-2022,9,0,0,699.1,16.6,18.2,13.6,13.4,64.2,293.2,6.5,293.2,5.4,1010.9,417.6,2.4
6069,16-06-2022,10,0,0,791.6,17.2,19,13.7,13.4,62,298.5,7,298.5,5.6,1011.2,495.8,4.3
6069,16-06-2022,11,0,0,849.3,17.7,19.6,13.8,13.4,59.4,306.9,6.8,306.9,5.4,1011.4,545.1,6.7
6069,16-06-2022,12,0,0,892.7,17.9,20,14,13.4,60.3,293,6.9,293,5.5,1011.7,580,9
6069,16-06-2022,13,0,0,865.7,18.3,20.6,14.2,13.4,56.9,293.3,6,293.3,4.9,1011.9,551.2,11.2
6069,16-06-2022,14,0,0,802.8,18.6,20.7,14.5,13.4,56.2,294.6,6.2,294.6,4.8,1012,494.3,13.1
6069,16-06-2022,15,0,0,700,18.7,20.6,14.7,13.5,56.4,293.2,5.6,293.2,4.5,1012.2,406.1,14.5
6069,16-06-2022,16,0,0,576.7,18.6,20.2,14.9,13.5,56.2,299.4,6.1,299.4,5,1012.4,305.3,14.8
6069,16-06-2022,17,0,0,448.5,18.1,19.2,15.1,13.6,55.8,298.5,5.9,298.5,4.9,1012.4,202.5,14.2
6069,16-06-2022,18,0,0,286.6,17.5,17.9,15.1,13.7,57.1,296.2,5.9,296.2,4.8,1012.6,77.4,12.7
6069,16-06-2022,19,0,0,127.2,16.5,16.4,15.2,13.7,61.7,297.5,4.2,297.5,3.3,1012.5,-31.9,10.7
6069,16-06-2022,20,0,0,41.1,15.1,14.4,15.1,13.8,70.7,288.9,3.9,288.9,3,1012.6,-73.9,8.5
6069,16-06-2022,21,0,0,3.7,13.9,12.7,15,13.8,80.5,282.6,3,282.6,2.3,1013,-92.8,6.4
6069,16-06-2022,22,0,0,0,12.8,11.6,14.9,13.9,89.8,274,2.6,274,1.8,1012.8,-88.4,4.4
6069,16-06-2022,23,0,0,0,12.1,11.2,14.8,13.9,92.8,263.7,2.9,263.7,2,1012.9,-90.4,2.7
6069,17-06-2022,0,0,0,0,11.8,10.9,14.6,13.9,94.1,253.1,2.4,253.1,1.7,1013,-87.2,1.5
6069,17-06-2022,1,0,0,0,11.4,10.2,14.5,13.9,94.1,242.8,2.1,242.8,1.6,1012.7,-68.7,0.5
6069,17-06-2022,2,0,0,0,11.1,10.1,14.3,13.8,94.1,239,1.5,239,1.3,1012.8,-52.2,-0.5
6069,17-06-2022,3,0,0,2.5,11.1,10.2,14.2,13.8,94.1,247,2.4,247,1.9,1012.8,-39.1,-1.2
6069,17-06-2022,4,0,0,28.8,11.3,10.6,14.1,13.8,94.1,245.4,2.2,245.4,1.6,1012.9,-14.5,-1.8
6069,17-06-2022,5,0,0,144.6,12.1,12.1,14,13.8,94.1,245.1,2.5,245.1,2.1,1013.2,12.6,-2
6069,17-06-2022,6,0,0,271.3,13.1,13.4,13.9,13.7,92.9,258,2.8,258,2.5,1013.7,87,-1.7
6069,17-06-2022,7,0,0,426.2,14.9,16.7,13.8,13.7,81,256.6,2.7,256.6,2.3,1013.8,206.1,-0.6
6069,17-06-2022,8,0,0,502.2,16.5,18.7,13.8,13.6,68.4,248.6,2.7,248.6,2.4,1013.8,273.3,1.3
6069,17-06-2022,9,0,0,466,17.7,19.8,13.9,13.6,64.3,250.2,2.7,250.2,2.3,1013.7,268.2,3.8
6069,17-06-2022,10,0,0,412.1,18.2,19.9,14.1,13.6,62.7,233.5,3.1,233.5,2.6,1013.4,233.7,6.5
6069,17-06-2022,11,0,0,310.7,18,18.9,14.2,13.5,61,233.7,3.4,233.7,2.9,1013.2,167.9,8.5
6069,17-06-2022,12,0,0,225,17.4,17.7,14.4,13.5,72.3,231.6,3.7,231.6,3.1,1013.3,121.4,9.1
6069,17-06-2022,13,0,0,268.3,17.3,18,14.5,13.6,74.5,232.9,3.1,232.9,2.7,1013.3,153.7,9
6069,17-06-2022,14,0.3,0,158.8,16.4,16.5,14.6,13.6,86.7,195.7,2.7,195.7,2.4,1013,97.3,9
6069,17-06-2022,15,0.2,0,145.6,15.9,15.9,14.7,13.6,91.7,175.3,3.9,175.3,3.2,1012.1,91.3,8.8
6069,17-06-2022,16,0.3,0,159.1,16.1,16.2,14.7,13.7,93,183.1,4.1,183.1,3.5,1011.5,101.6,8.4
6069,17-06-2022,17,0.2,0,104.7,16.3,16.2,14.8,13.7,92.5,180,4.5,180,3.8,1010.4,59,8.1
6069,17-06-2022,18,0.3,0,32.6,15.8,15.5,14.7,13.7,94.1,165.6,4.9,165.6,4.1,1009.1,8.3,7.8
6069,17-06-2022,19,0,0,23.7,15.7,15.4,14.8,13.8,94.4,166.2,4.6,166.2,3.7,1008.5,0,7.1
6069,17-06-2022,20,0,0,16.5,16,15.3,14.7,13.8,93.7,173.4,5.4,173.4,4.5,1007.6,-12.7,6.4
6069,17-06-2022,21,0,0,1.1,15.9,15.1,14.7,13.8,92.9,173.6,4.7,173.6,3.8,1006.9,-33.9,5.8
6069,17-06-2022,22,0,0,0.1,16.3,15.4,14.7,13.8,88.6,183.9,4,183.9,3.3,1006.4,-34.3,5.3
6069,17-06-2022,23,0,0,0.1,16.6,15.7,14.6,13.8,85.1,212.7,2.6,212.7,2.2,1006.1,-35.4,4.8
6069,18-06-2022,0,0,0,0.4,16.6,15.6,14.6,13.8,85.7,233.3,3,233.3,2.4,1005.4,-34.5,4.4
6069,18-06-2022,1,0,0,0.1,16.3,15.5,14.6,13.8,84.9,224.8,3.2,224.8,2.6,1005,-27.7,4.2
6069,18-06-2022,2,0,0,0.1,15.9,15.1,14.5,13.8,87.7,233.4,3,233.4,2.5,1004.6,-36.3,4
6069,18-06-2022,3,0,0,2.5,15.2,14.2,14.5,13.8,90.3,261.3,2.2,261.3,1.8,1004.2,-63.8,3.7
6069,18-06-2022,4,0,0,28.7,14.5,13.6,14.4,13.8,91.5,263.1,1.8,263.1,1.4,1004,-34,3.3
6069,18-06-2022,5,0,0,68.9,14.5,13.9,14.4,13.8,92.7,264.6,2.9,264.6,2.1,1004.1,-37.3,2.7
6069,18-06-2022,6,0,0,118.6,14.5,14.3,14.3,13.8,92.2,282.3,4,282.3,3.2,1004.3,29.7,2.5
6069,18-06-2022,7,0,0,216,14.9,15.1,14.3,13.8,88.6,283.6,4,283.6,3.5,1004.6,113.8,2.6
6069,18-06-2022,8,0,0,109.7,14.5,14.8,14.3,13.8,90.6,286.2,4,286.2,3.4,1004.9,54.6,3.1
6069,18-06-2022,9,0,0,378.4,15.3,16.4,14.3,13.8,87.9,291.7,4.2,291.7,3.4,1005.1,234.6,3.7
6069,18-06-2022,10,0,0,499.9,16.5,17.8,14.4,13.8,73.5,306.3,4.4,306.3,3.5,1005.3,312.3,4.8
6069,18-06-2022,11,0,0,750.7,17.1,19.3,14.4,13.8,56.1,309.2,4.8,309.2,3.8,1006,491.9,6.5
6069,18-06-2022,12,0,0,718,17.1,19,14.6,13.8,54.9,302.2,4.7,302.2,3.8,1006,456.3,8.8
6069,18-06-2022,13,0,0,856.3,17.3,19.7,14.7,13.8,52.3,307.5,5.4,307.5,4.4,1006.1,547.4,10.5
6069,18-06-2022,14,0,0,778.2,17.4,19.8,14.9,13.8,51.4,305.1,5.1,305.1,4.1,1006.1,477.7,12.1
6069,18-06-2022,15,0,0,626.5,17,19.1,15.1,13.8,53.1,306.1,5.3,306.1,4.3,1006.1,370.5,13.3
6069,18-06-2022,16,0,0,515.4,16.5,18,15.3,13.9,54.2,306.4,5.4,306.4,4.3,1006,274.7,13.3
6069,18-06-2022,17,0,0,342.7,15.9,16.8,15.4,13.9,56,299.7,4.5,299.7,3.6,1005.9,147.4,12.3
6069,18-06-2022,18,0,0,197.1,15.2,15.6,15.4,14,57,286.4,4,286.4,3.3,1005.7,55,10.6
6069,18-06-2022,19,0,0,116.4,14.4,14.3,15.4,14.1,62.4,294.8,3.5,294.8,2.7,1005.3,-19.8,8.7
6069,18-06-2022,20,0,0,31.4,13.3,12.6,15.3,14.1,71.8,297.2,2.8,297.2,2.1,1005.4,-54.7,6.6
6069,18-06-2022,21,0,0,2.3,12.6,11.6,15.2,14.1,75.2,294,2,294,1.6,1005,-59,4.6
6069,18-06-2022,22,0,0,0,11.9,10.7,15.1,14.1,82.6,253.4,0.4,253.4,0.4,1004.5,-51.1,2.9
6069,18-06-2022,23,0,0,0.3,11.6,10.5,15,14.2,87.9,210.4,0.6,210.4,0.5,1004.6,-34.8,1.6
6069,19-06-2022,0,0.1,0,0.1,11.6,11,14.8,14.2,90.3,228.9,1.2,228.9,1.2,1004.7,-30.1,0.6
6069,19-06-2022,1,0.1,0,0,11.5,11,14.7,14.1,93.8,239.4,1.3,239.4,1.1,1004.3,-17,0
6069,19-06-2022,2,0,0,0.1,11.3,10.9,14.5,14.1,94.1,199,0.4,199,0.3,1003.1,-16,-0.3
6069,19-06-2022,3,0,0,1.3,11.2,10.7,14.4,14.1,94.1,217.4,0.9,217.4,1,1003.2,-17.8,-0.5
6069,19-06-2022,4,0,0,12,10.9,10.6,14.4,14,94.1,218.8,1.2,218.8,1.2,1003,-7.8,-0.7
6069,19-06-2022,5,0,0,27.5,10.9,10.6,14.3,14,94.1,236.4,0.3,236.4,0.3,1002.2,5.2,-0.9
6069,19-06-2022,6,0,0,53.8,11.1,11,14.1,14,94.1,226,0.6,226,1,1002.2,23.2,-0.9
6069,19-06-2022,7,0,0,102.4,11.3,11.5,14.1,13.9,94.1,197.5,2.6,197.5,2.3,1002.6,57.4,-0.8
6069,19-06-2022,8,0,0,351.7,11.7,12.9,14.1,13.9,92.6,213.8,3.2,213.8,2.8,1002.3,187.7,-0.4
6069,19-06-2022,9,0,0,632.5,13.4,16.3,14,13.8,81.1,223.5,2.8,223.5,2.5,1002.5,376.7,0.7
6069,19-06-2022,10,0,0,321.5,14.1,15.9,14.1,13.8,71.2,222.6,2.6,222.6,2.4,1002.8,182.1,3.2
6069,19-06-2022,11,0,0,650.4,15,17.4,14.2,13.8,69.6,220.2,3,220.2,2.9,1002.7,411.5,5.4
6069,19-06-2022,12,0,0,726.5,15.8,18.6,14.4,13.8,66.3,232.9,3.9,232.9,3.3,1002.6,470.4,7.3
6069,19-06-2022,13,0,0,685.7,16.3,19.2,14.6,13.8,62,236.7,4.1,236.7,3.4,1002.2,428.9,9.7
6069,19-06-2022,14,0,0,505.3,16.4,18.5,14.8,13.8,60,261.5,4,261.5,3.3,1002.3,304.6,11.9
6069,19-06-2022,15,0,0,315.8,16,17.1,15,13.8,59.1,274.6,4.1,274.6,3.2,1002.4,174.6,12.2
6069,19-06-2022,16,0,0,278.4,15.6,16.4,15.1,13.9,59.2,269.1,3.5,269.1,2.8,1002.5,142.4,11.2
6069,19-06-2022,17,0,0,320.1,15.5,16.9,15.2,13.9,60.4,281.7,4.2,281.7,3.4,1002.4,137.4,9.7
6069,19-06-2022,18,0,0,88.5,14.3,14.2,15.2,14,65,268.2,3.4,268.2,2.6,1002.7,16.3,8.7
6069,19-06-2022,19,0,0,64.7,14,13.8,15.2,14,68.3,260.1,2.7,260.1,2.1,1002.6,1.7,7
6069,19-06-2022,20,0,0,27.3,13.5,13.1,15.1,14.1,70.6,261.2,2.5,261.2,2,1002.8,-40.3,5.4
6069,19-06-2022,21,0,0,2.9,12.3,11,15,14.1,82.2,217.2,0.9,217.2,0.7,1003,-68.1,3.9
6069,19-06-2022,22,0,0,0.2,11,8.2,14.9,14.1,90.6,227.3,0.3,227.3,0.3,1003,-60.7,2.4
6069,19-06-2022,23,0,0,0.4,10.5,8.4,14.7,14.1,93.2,176.4,0,176.4,0,1003.1,-36.2,0.5
6069,20-06-2022,0,0,0,0.1,10.5,9.3,14.6,14.1,94.5,204.9,0.4,204.9,0.8,1003,-42,-1
6069,20-06-2022,1,0,0,0,10.2,9,14.4,14,94.6,180.7,0.1,180.7,0.1,1002.8,-28.4,-1.8
6069,20-06-2022,2,0,0,0.6,10.3,9.2,14.3,14,94.6,171.8,0.3,171.8,0.2,1002.5,-25.8,-2.3
6069,20-06-2022,3,0,0,2.3,10.1,9.3,14.1,14,94.6,161.5,0.4,161.5,0.6,1002.6,-24.5,-2.5
6069,20-06-2022,4,0,0,28.3,10,9.5,14,13.9,94.6,183,0.3,183,0.6,1002.7,-11.8,-2.7
6069,20-06-2022,5,0,0,67.1,10.1,9.6,13.9,13.9,94.6,241.7,0,241.7,0.3,1003,-0.2,-2.7
6069,20-06-2022,6,0,0,292.7,11.6,12.4,13.9,13.8,93.2,271,0.3,271,0.6,1003.4,112.5,-2.6
6069,20-06-2022,7,0,0,351.7,13.1,15.3,13.8,13.8,75.7,238.9,1.5,238.9,1.3,1003.6,170.6,-1.5
6069,20-06-2022,8,0,0,431.8,13.8,15.9,13.8,13.7,71.3,202.1,1.3,202.1,1.2,1003.4,227.7,0.8
6069,20-06-2022,9,0,0,325.9,14.4,17,13.9,13.7,64.8,153.3,1.5,153.3,1.3,1003.5,163,3.1
6069,20-06-2022,10,1.1,0,258.9,13.5,14.8,14.1,13.7,82.9,294.8,2,294.8,1.8,1003.4,151.3,5.3
6069,20-06-2022,11,0.3,0,302.9,13.9,15,14.2,13.7,81.2,281.8,0.8,281.8,0.9,1003.5,214.1,6
6069,20-06-2022,12,0.1,0,273.5,14.6,16,14.3,13.7,76.6,230.2,0.9,230.2,1.2,1003.5,186.3,6.9
6069,20-06-2022,13,0.6,0,387.3,15.2,16.8,14.5,13.7,74,225.4,1.2,225.4,1.3,1003.4,254.6,8.3
6069,20-06-2022,14,0.8,0,319.1,14.4,15.4,14.6,13.7,78.4,259.1,2.3,259.1,1.9,1003.5,194.5,9.8
6069,20-06-2022,15,0,0,261.8,14.4,15.2,14.8,13.7,83.6,190.8,0.6,190.8,0.9,1003.7,166.4,10.5
6069,20-06-2022,16,0,0,252.2,15.3,16.4,14.9,13.8,82.7,216.6,1.3,216.6,1.4,1003.6,129.4,10.5
6069,20-06-2022,17,0,0,409.2,16.8,18,15,13.8,63.2,294.2,3,294.2,2.5,1003.4,191.8,10.7
6069,20-06-2022,18,0,0,306,16.7,17.3,15.1,13.9,62.5,314,4.1,314,3.2,1003.3,84.1,10.8
6069,20-06-2022,19,0,0,160.5,15.8,16,15.1,13.9,66.3,315.1,3.8,315.1,3.1,1003.6,-22.8,10
6069,20-06-2022,20,0,0,51.4,14.7,14,15.1,14,68,308.6,2.5,308.6,2,1003.6,-88.1,8.2
6069,20-06-2022,21,0,0,1.8,12.8,10.2,15.1,14,74.7,276,1.5,276,0.9,1003.3,-97.2,6.1
6069,20-06-2022,22,0,0,0,11.7,9.6,14.9,14,87.3,275.2,1.9,275.2,1.3,1003.3,-92.4,3.7
6069,20-06-2022,23,0,0,0,11.3,9.7,14.8,14,94.1,275.3,1.8,275.3,1.4,1003.2,-91.9,1.5
6069,21-06-2022,0,0,0,0,10.8,9.8,14.6,14,94.1,284.8,2.4,284.8,1.8,1003,-91.4,-0.1
6069,21-06-2022,1,0,0,0,10.6,9.7,14.4,14,94.7,283.6,2.5,283.6,1.9,1002.9,-63.9,-1.2
6069,21-06-2022,2,0.1,0,0,10.7,9.9,14.3,14,95.4,286.3,3.5,286.3,2.6,1002.8,-48.8,-2
6069,21-06-2022,3,0,0,3.1,11,10.4,14.1,14,95.4,289.5,4.1,289.5,3.2,1002.8,-37.7,-2.5
6069,21-06-2022,4,0,0,27.6,11.2,10.8,14,13.9,95,286.6,4.5,286.6,3.7,1003,-41.7,-2.7
6069,21-06-2022,5,0,0,92.9,11.4,11.2,13.9,13.9,92.9,288.6,4.5,288.6,3.6,1003.4,2.3,-2.6
6069,21-06-2022,6,0,0,292.6,12.2,12.3,13.8,13.8,87.7,284.3,4.6,284.3,3.7,1003.9,101,-2.4
6069,21-06-2022,7,0,0,419.2,12.9,13.9,13.7,13.8,80.5,287.7,4.7,287.7,3.9,1004.3,203.2,-1.8
6069,21-06-2022,8,0,0,584.8,13.9,15.7,13.7,13.7,76.7,272.6,4.6,272.6,3.7,1004.7,321.9,-0.7
6069,21-06-2022,9,0,0,673,15,17.4,13.8,13.7,71.4,264.4,4.7,264.4,3.8,1004.9,396.9,1.2
6069,21-06-2022,10,0,0,750.3,16.1,18.6,13.9,13.7,67,271,4.7,271,3.7,1004.8,483.6,3.6
6069,21-06-2022,11,0,0,883.8,16.9,19.8,14.1,13.6,63.8,274,4.8,274,3.8,1004.7,595.3,6.5
6069,21-06-2022,12,0,0,910.4,17.3,20.5,14.3,13.6,64.3,269.5,5,269.5,4,1004.7,608.1,9.4
6069,21-06-2022,13,0,0,781.5,17.7,20.3,14.7,13.6,62.6,266,5.3,266,4.2,1004.7,505.1,12.4
6069,21-06-2022,14,0.1,0,692.4,17.8,20.3,14.9,13.7,60.2,260.6,5.4,260.6,4.2,1004.7,436.7,14.2
6069,21-06-2022,15,0,0,453.5,17.1,18.5,15.2,13.7,58.9,268.9,5,268.9,4.1,1004.6,276.9,14.8
6069,21-06-2022,16,0,0,403.1,17.4,18.6,15.4,13.8,58.6,273.9,4.5,273.9,3.4,1004.4,228.4,13.8
6069,21-06-2022,17,0,0,444.8,17.8,19.5,15.5,13.9,59.7,273.2,4.6,273.2,3.5,1004.2,224,12.4
6069,21-06-2022,18,0,0,286.6,17.3,18.2,15.5,14,62.5,283.8,4.3,283.8,3.5,1003.9,89.6,11.6
6069,21-06-2022,19,0,0,109.9,15.8,16.2,15.5,14,78.6,274.4,3.8,274.4,3.1,1003.8,4.9,10.4
6069,21-06-2022,20,0,0,42.2,14.8,14.6,15.5,14.1,83.6,250.2,3.2,250.2,2.5,1003.7,-42.5,8.8
6069,21-06-2022,21,0,0,2.4,13.7,12.9,15.4,14.2,89.7,236.4,2,236.4,1.7,1003.5,-80.8,7
6069,21-06-2022,22,0,0,0.5,13.3,12.8,15.3,14.2,91.9,225.4,2,225.4,1.8,1003.4,-34.7,5.1
6069,21-06-2022,23,0,0,0,13.4,13.1,15.2,14.2,92.3,246.3,3.8,246.3,3.1,1003.5,-22.8,3.6
6069,22-06-2022,0,0,0,0,13.3,13.1,15.1,14.2,93.4,245.2,3.5,245.2,2.8,1003.5,-19.9,2.8
6069,22-06-2022,1,0,0,0,13.2,13.1,15,14.2,94.1,237.4,2.7,237.4,2.3,1003.2,-18.7,2.3
6069,22-06-2022,2,0,0,0,13,12.9,14.9,14.2,94.1,264.9,3.2,264.9,2.5,1003.1,-16.8,2
6069,22-06-2022,3,0,0,0.2,13.1,12.8,14.8,14.2,94.1,275.9,2.5,275.9,1.9,1003.1,-19.7,1.8
6069,22-06-2022,4,0,0,10.2,12.7,12.6,14.7,14.2,94.1,271.4,2.6,271.4,2.1,1003,-8.3,1.5
6069,22-06-2022,5,0.1,0,52.1,12.5,12.6,14.6,14.2,94.1,265.8,2.5,265.8,1.9,1003,27,1.3
6069,22-06-2022,6,0,0,95.8,12.6,12.8,14.6,14.1,94.1,271.1,3.3,271.1,2.6,1003.2,58.3,1.3
6069,22-06-2022,7,0,0,151.6,12.8,13.2,14.5,14.1,94.1,272.5,3.2,272.5,2.5,1003.6,97.8,1.6
6069,22-06-2022,8,0,0,268.7,13.5,14.2,14.5,14.1,92.8,261,3.8,261,3,1003.8,183.4,2.1
6069,22-06-2022,9,0,0,307,13.9,14.9,14.5,14,91.4,275.4,4.3,275.4,3.2,1004,201.9,2.9
6069,22-06-2022,10,0,0,185,14,14.5,14.5,14,86.1,281.8,4.1,281.8,3.2,1004.1,107.3,3.8
6069,22-06-2022,11,0,0,265.8,14.1,14.9,14.6,14,82,277.1,4.4,277.1,3.5,1004.3,163,4.1
6069,22-06-2022,12,0,0,342.5,14.5,15.6,14.6,14,79.9,276.3,4,276.3,3.3,1004.8,216.8,4.3
6069,22-06-2022,13,0,0,539,15.4,17.4,14.7,14,74.3,273.3,4.6,273.3,3.7,1004.8,358.1,4.8
6069,22-06-2022,14,0,0,673.1,16,18.4,14.7,14,71.1,279.8,4.7,279.8,3.7,1004.6,423.1,6.1
6069,22-06-2022,15,0,0,640.4,16.5,18.7,14.9,14,65.4,296.6,4.9,296.6,4,1004.6,370.3,8
6069,22-06-2022,16,0,0,561.6,16.8,19.2,15,14,65.5,278,4.5,278,3.5,1004.5,298.1,9.4
6069,22-06-2022,17,0,0,417.4,16.2,17.9,15.2,14,67.5,296.1,4.9,296.1,3.8,1004.7,189.8,10.2
6069,22-06-2022,18,0,0,322.4,15.6,16.9,15.3,14.1,71.6,290.1,4,290.1,3.3,1005,124.2,9.8
6069,22-06-2022,19,0,0,108.4,14.5,14.7,15.3,14.1,78,275,4.2,275,3.3,1005.2,-9.9,8.7
6069,22-06-2022,20,0,0,39.9,13.5,13.4,15.3,14.2,85,271.9,3,271.9,2.4,1005.5,-22.5,7.1
6069,22-06-2022,21,0,0,3.7,13.4,13.2,15.3,14.2,88,293,3.4,293,2.8,1005.7,-26.2,5.3
6069,22-06-2022,22,0,0,0.1,13.3,12.9,15.2,14.2,90,282,2.4,282,1.9,1005.7,-47.6,3.8
6069,22-06-2022,23,0,0,0.2,12.5,11.4,15,14.2,92.8,262.6,1.5,262.6,1.2,1005.6,-66.5,2.8
6069,23-06-2022,0,0,0,1,13,12.6,14.9,14.2,93.8,265.7,1.8,265.7,1.4,1005.6,-19.2,1.7
6069,23-06-2022,1,0,0,0.1,13.4,13.1,14.8,14.2,93.8,278.8,2.4,278.8,2,1005.7,-20,1.1
6069,23-06-2022,2,0,0,0.3,13.4,13.3,14.7,14.2,93.8,277.7,2.8,277.7,2.2,1006,-18.9,0.9
6069,23-06-2022,3,0,0,0.7,13.3,13.1,14.6,14.2,93.8,275.5,2.8,275.5,2.2,1006.3,-18.3,0.9
6069,23-06-2022,4,0,0,8.2,13,12.9,14.5,14.2,93.8,268.9,2.6,268.9,2,1006.6,-13.3,0.9
6069,23-06-2022,5,0,0,23,12.9,12.9,14.5,14.1,93.8,270.4,2.3,270.4,1.9,1006.8,0.1,0.8
6069,23-06-2022,6,0,0,50.4,12.8,13,14.5,14.1,93.8,273.2,2.4,273.2,2,1007.2,18.4,0.8
6069,23-06-2022,7,0,0,83.8,13,13.5,14.4,14.1,93.8,267.9,2,267.9,1.6,1007.3,42.4,1.1
6069,23-06-2022,8,0,0,158.6,13.3,14.3,14.4,14,93.8,227.5,1.9,227.5,1.7,1007.6,92.6,1.5
6069,23-06-2022,9,0,0,192.6,13.7,15,14.4,14,93.8,234.2,1.1,234.2,1.5,1007.9,114.2,2.3
6069,23-06-2022,10,0,0,304.8,14.4,16.4,14.4,14,92,214,1.4,214,1.3,1008.1,191.8,3.5
6069,23-06-2022,11,0,0,537.4,15.6,18.6,14.5,14,85.5,205.4,1.2,205.4,1.2,1008.1,332.7,5.2
6069,23-06-2022,12,0,0,859,18,21.9,14.7,14,74.5,203.1,1.6,203.1,1.6,1007.9,541.5,8.1
6069,23-06-2022,13,0,0,815.1,19.9,24,14.9,14,65.9,196.5,1.5,196.5,1.4,1007.7,496.6,12.9
6069,23-06-2022,14,0,0,650.5,21.2,24.5,15.3,14,60.4,173.7,1.7,173.7,1.7,1007.3,367.7,18
6069,23-06-2022,15,0,0,631,22.4,25.3,15.8,14.1,56.4,190.1,1.6,190.1,1.6,1006.9,342.3,20.9
6069,23-06-2022,16,0,0,562.8,23.2,25.8,16.1,14.1,54.4,162.6,2,162.6,1.8,1006.4,279,22
6069,23-06-2022,17,0,0,434.1,23.3,25.2,16.4,14.2,53.8,167.8,2.2,167.8,1.9,1006.2,177.9,22.1
6069,23-06-2022,18,0,0,292.7,22.7,23.6,16.6,14.4,59.4,138.6,3.1,138.6,2.4,1005.8,70.7,20.7
6069,23-06-2022,19,0,0,152.6,21.6,21.7,16.7,14.5,66.3,122.8,3.6,122.8,2.6,1005.6,-28.6,18.4
6069,23-06-2022,20,0,0,49.3,19.7,19.1,16.7,14.6,77.4,137.8,3.8,137.8,2.8,1005.6,-85.4,15.7
6069,23-06-2022,21,0,0,3.1,17.7,16.7,16.7,14.7,88.2,146.5,3.8,146.5,3,1005.7,-97.9,12.9
6069,23-06-2022,22,0,0,0,16.1,15,16.6,14.7,91.1,141.3,3.2,141.3,2.4,1005.6,-94.6,10.3
6069,23-06-2022,23,0,0,0,14.9,13.7,16.5,14.8,92.5,137.8,2.8,137.8,1.9,1005.4,-92.5,8.1
6069,24-06-2022,0,0,0,0,14,12.6,16.3,14.9,94.5,140.8,2.1,140.8,1.5,1005.2,-82.4,6
6069,24-06-2022,1,0,0,0,13.5,12.1,16.1,14.9,94.7,111.7,1.5,111.7,1.1,1005,-64.4,4.2
6069,24-06-2022,2,0,0,0,12.9,11.6,15.9,14.9,94.8,98.5,1.3,98.5,0.9,1004.6,-46.7,2.8
6069,24-06-2022,3,0,0,2.5,12.8,11.8,15.7,14.9,94.8,102.3,1.5,102.3,1.1,1004.2,-37.3,1.6
6069,24-06-2022,4,0.1,0,28.6,13.6,12.8,15.5,14.8,94.8,119.7,2.7,119.7,1.9,1003.9,-12.3,0.8
6069,24-06-2022,5,0,0,151.4,14.8,14.5,15.4,14.8,94,118.4,3,118.4,2.4,1003.6,19.9,0.3
6069,24-06-2022,6,0,0,291.2,16.1,16.1,15.2,14.8,85.1,130,4.2,130,3.2,1003.4,93.1,0.5
6069,24-06-2022,7,0,0,438.3,18.2,19.2,15.2,14.7,71.2,131.7,5,131.7,4,1003.2,207.6,1.6
6069,24-06-2022,8,0,0,562.8,20.5,21.9,15.2,14.7,56.8,130.8,5.4,130.8,4.1,1003.1,298.5,3.1
6069,24-06-2022,9,0,0,673.8,22.7,24.8,15.2,14.6,47.8,120.1,4.9,120.1,3.7,1002.7,380.9,5.2
6069,24-06-2022,10,0,0,778.8,24,26.3,15.3,14.6,42,122.7,5.8,122.7,4.5,1002.1,463.1,7.8
6069,24-06-2022,11,0,0,850.4,25.3,27.5,15.5,14.6,42.1,120.5,5.8,120.5,4.3,1001.5,525,10.5
6069,24-06-2022,12,0,0,878.3,26.2,28.5,15.8,14.6,38.3,110.4,6.7,110.4,4.9,1001,545.4,13.2
6069,24-06-2022,13,0,0,845.2,26.2,28.4,16.1,14.6,38.8,111.6,6.6,111.6,4.9,1000.6,522.5,15.4
6069,24-06-2022,14,0,0,777.4,26.2,28.1,16.3,14.7,45,123.2,7.4,123.2,5.7,999.8,469.7,16.7
6069,24-06-2022,15,0,0,676.4,26.2,27.9,16.5,14.7,50.4,116.2,6.7,116.2,5.1,999.4,385,17.4
6069,24-06-2022,16,0,0,556.8,26.2,27.6,16.8,14.8,52.5,136.7,6.5,136.7,5,999.2,284.6,17.7
6069,24-06-2022,17,0,0,427.5,25.8,26.5,16.9,14.9,53.2,141.3,7.4,141.3,5.7,999.1,182.1,17.4
6069,24-06-2022,18,0,0,228.9,25,24.9,17,15,51.5,143.6,7,143.6,5.4,999.3,58.1,16.5
6069,24-06-2022,19,0,0,112.9,23.7,22.9,17,15,54.4,135.5,4.7,135.5,3.6,999.5,-26.3,14.9
6069,24-06-2022,20,0,0,44.4,22.2,21.4,17,15.1,59.1,115.5,4,115.5,2.9,999.5,-67.7,13
6069,24-06-2022,21,0,0,1.8,20.6,19.6,17,15.2,69.1,123.2,3.7,123.2,2.7,999.8,-67.1,11.2
6069,24-06-2022,22,0,0,0,19.6,18.8,16.9,15.2,77.9,117.4,2.8,117.4,1.9,999.9,-45.6,9.5
6069,24-06-2022,23,0,0,0.2,19.2,18.4,16.8,15.3,82.2,140,2.8,140,2.1,999.9,-42.6,8.1
6069,25-06-2022,0,0,0,0,18.7,17.6,16.7,15.3,86.8,183.5,1.3,183.5,1.1,1000.2,-46.3,7.1
6069,25-06-2022,1,0,0,0,18.2,16.4,16.6,15.3,89.5,257.6,1.1,257.6,0.8,1000.3,-69.8,6.3
6069,25-06-2022,2,0,0,0,17.1,14.2,16.5,15.3,93.6,286.9,0.2,286.9,0.6,1000.7,-75,5.3
6069,25-06-2022,3,0,0,2.2,16.2,14.2,16.4,15.3,94.1,273.6,1,273.6,0.9,1001.1,-48.9,3.9
6069,25-06-2022,4,0.1,0,22,16,15.5,16.2,15.3,94.1,285,1.1,285,1.3,1001.6,-20.7,2.8
6069,25-06-2022,5,0,0,81.3,15.8,15.7,16.1,15.3,94.1,296.4,1.2,296.4,1.5,1002.1,6.2,2.5
6069,25-06-2022,6,0,0,240.5,16.5,17.3,16,15.2,94.1,244,0.1,244,0.7,1002.9,106.2,2.7
6069,25-06-2022,7,0,0,371.8,18.1,20.5,15.9,15.2,91.3,217.2,0.4,217.2,0.7,1003.8,156.9,3.9
6069,25-06-2022,8,0,0,261.1,19,20.6,16,15.2,82.8,281.8,0.7,281.8,0.9,1004.3,97,6.1
6069,25-06-2022,9,0,0,590.1,20.4,23.1,16.1,15.2,74.5,213,0.5,213,0.6,1004.6,327.6,8
6069,25-06-2022,10,0,0,772.7,22.3,26,16.3,15.1,57.6,239.6,1,239.6,1.1,1004.9,456.2,10.6
6069,25-06-2022,11,0,0,816.7,23.6,27,16.5,15.1,56.7,210,1.3,210,1.3,1005,499.2,14.8
6069,25-06-2022,12,0,0,818.5,24.8,28.7,16.9,15.2,50.6,148.7,1.5,148.7,1.4,1005,503,19.2
6069,25-06-2022,13,0,0,836.5,25.4,29.3,17.3,15.2,49.1,212.2,1.5,212.2,1.5,1005.3,505.6,22.9
6069,25-06-2022,14,0,0,699.5,26.1,29.6,17.8,15.3,47.1,172.7,1.5,172.7,1.4,1005.2,403.3,25.6
6069,25-06-2022,15,0,0,396.4,25.7,27.6,18.1,15.4,47.6,149.1,0.9,149.1,0.9,1005.1,188.6,26.9
6069,25-06-2022,16,0,0,315.3,26,27.6,18.4,15.5,47.2,184.3,1.1,184.3,1.1,1004.9,120.6,25.7
6069,25-06-2022,17,0,0,370.5,25.9,27.4,18.6,15.7,47.4,171,1,171,0.9,1005,135.4,24
6069,25-06-2022,18,0.1,0,62.5,24.3,24.6,18.7,15.8,57.8,204.5,2,204.5,1.6,1005.2,-21.1,22.2
6069,25-06-2022,19,1.8,0,17.7,20,19.2,18.7,15.9,89.2,287.2,1.9,287.2,1.4,1005.7,-9.7,19.9
6069,25-06-2022,20,0,0,20.5,19.1,17.6,18.6,16,92.5,257,0.6,257,0.5,1005.9,-11.3,16.6
6069,25-06-2022,21,0,0,2.8,18.4,16.1,18.5,16.1,93.4,158.4,0.1,158.4,0.3,1006.3,-23.9,13.6
6069,25-06-2022,22,0,0,0,17.7,14.9,18.3,16.2,93.6,165,0,165,0,1006.4,-22.9,10.8
6069,25-06-2022,23,0,0,0.4,17,14.4,18.1,16.2,93.6,80.4,0,80.4,0,1006.3,-20.5,8.3
6069,26-06-2022,0,0,0,0.5,16.6,13.6,17.9,16.3,93.6,230.7,0,230.7,0,1006.4,-18.6,6.1
6069,26-06-2022,1,0,0,0,16.2,14.1,17.7,16.2,93.6,118,0,118,0.2,1006.4,-18,4.2
6069,26-06-2022,2,0,0,0,15.9,14.6,17.5,16.2,93.6,60.8,0.2,60.8,0.5,1006.2,-17.5,3
6069,26-06-2022,3,0,0,2.1,15.8,14.4,17.3,16.2,93.6,220.8,0,220.8,0.3,1006,-16,2.3
6069,26-06-2022,4,0,0,21.5,16,15.6,17.1,16.2,93.6,80.7,0.6,80.7,0.7,1005.7,0.3,2
6069,26-06-2022,5,0,0,70.4,16.6,16.4,17,16.1,93.6,98.8,1.3,98.8,0.8,1005.8,37.1,2.1
6069,26-06-2022,6,0,0,163,18.2,17.9,16.9,16.1,93.6,103,1.6,103,1.3,1006,94.9,2.6
6069,26-06-2022,7,0,0,233.5,19.4,19.6,16.8,16,91,100.5,2.7,100.5,1.9,1005.9,101,3.8
6069,26-06-2022,8,0,0,313.7,20.7,21.2,16.8,16,87.9,118.4,2.8,118.4,2.1,1006,174.3,5.5
6069,26-06-2022,9,0,0,466.2,22.8,24,16.9,15.9,76.4,136.8,4.4,136.8,3.4,1005.9,265.6,7.3
6069,26-06-2022,10,0,0,539.2,23,24.6,17,15.9,74.4,132.4,4.1,132.4,3.2,1006,325.4,9.9
6069,26-06-2022,11,0,0,650.6,24.5,26.2,17.2,15.9,68,145,4.1,145,3.3,1006.2,411.3,12.3
6069,26-06-2022,12,0,0,774.6,25.8,27.7,17.4,15.9,60.2,158.3,5.4,158.3,4.4,1006.1,492.3,14.7
6069,26-06-2022,13,0,0,771.7,26.6,28.6,17.6,15.9,56.7,160.1,5.4,160.1,4.4,1005.8,484.9,17.2
6069,26-06-2022,14,0,0,229.9,24.7,25.4,17.9,15.9,66.2,191,5.1,191,4.1,1006,106.3,19.1
6069,26-06-2022,15,1.7,0,144,20,20.1,18.1,16,92.5,273,3.1,273,2.3,1007.4,85.7,18.9
6069,26-06-2022,16,0,0,274,20.3,20.7,18.3,16.1,92.5,317.8,2.8,317.8,2.2,1008.1,154.8,16.6
6069,26-06-2022,17,0,0,280,20.6,21.2,18.3,16.1,88.4,317.6,2.6,317.6,2.1,1008.6,126.8,15.4
6069,26-06-2022,18,0,0,77.5,20.3,20.3,18.3,16.2,86.4,315.9,1.4,315.9,1.4,1008.6,9,15
6069,26-06-2022,19,0,0,57.9,18.4,18,18.3,16.3,86.5,290.7,3.3,290.7,2.6,1008.7,-19.9,14.2
6069,26-06-2022,20,0,0,17.9,17,16.4,18.3,16.3,87.1,301.2,2.1,301.2,1.7,1009.2,-37.6,12.5
6069,26-06-2022,21,0,0,1.4,16.6,15.5,18.2,16.4,89,264.8,0.5,264.8,0.6,1009.6,-46.7,10.2
6069,26-06-2022,22,0,0,0.3,16.1,14.8,18.1,16.4,91.2,232.1,0.5,232.1,0.6,1009.6,-49.1,8.3
6069,26-06-2022,23,0,0,0.2,15.8,15,17.9,16.4,92.2,246,0.4,246,0.7,1009.6,-33.9,6.6
6069,27-06-2022,0,0,0,0,15.5,14.9,17.8,16.4,93.7,264.6,0.7,264.6,0.8,1009.9,-34.8,5.3
6069,27-06-2022,1,4.3,0,0,15,14.6,17.7,16.4,94.2,208.7,1.5,208.7,1.2,1009.9,-16.6,4
6069,27-06-2022,2,0,0,0.9,14.6,14.2,17.5,16.4,94.2,197.7,1.3,197.7,0.9,1009.3,-16.1,3.2
6069,27-06-2022,3,0,0,3.1,14.3,13.9,17.3,16.4,94.1,182.7,0.8,182.7,1.1,1009.4,-14.9,2.8
6069,27-06-2022,4,0,0,6.8,14.3,13.9,17.2,16.4,94.1,130.3,1.2,130.3,0.9,1008.6,-12.9,2.6
6069,27-06-2022,5,0,0,7.4,14.5,14.2,17.1,16.3,94.1,290.2,2,290.2,1.6,1008.6,-13.1,2.4
6069,27-06-2022,6,0,0,20.1,14,13.8,17,16.3,94.1,308.4,3.1,308.4,2.5,1009.1,-1.9,2.3
6069,27-06-2022,7,1.9,0,27.9,13.7,13.5,16.9,16.2,94.1,315.2,3,315.2,2.2,1009.1,7.6,2.2
6069,27-06-2022,8,1.2,0,95.7,13.5,13.6,16.8,16.2,94.4,96.1,2.1,96.1,1.7,1008.7,61.2,1.9
6069,27-06-2022,9,0,0,118.1,13.9,14.2,16.7,16.1,94.7,273.6,2,273.6,1.4,1008.3,75.1,1.9
6069,27-06-2022,10,0,0,213.1,14.3,15,16.6,16.1,94.7,320.6,2.3,320.6,1.8,1008.4,146.4,2.4
6069,27-06-2022,11,0,0,184.7,14.6,15.3,16.6,16,94.7,216.7,2.4,216.7,1.9,1007.8,114.3,3.5
6069,27-06-2022,12,1.6,0,67,14.8,15.1,16.6,16,94.7,131.9,1.5,131.9,1.1,1008,35,4.9
6069,27-06-2022,13,3.4,0,85.5,14.8,15.1,16.7,16,94.8,120,1.7,120,1.2,1007.5,53.1,5.7
6069,27-06-2022,14,3.7,0,52.4,14.8,14.9,16.7,15.9,94.8,168,1.2,168,0.9,1007.7,28.2,6.6
6069,27-06-2022,15,4,0,38.5,14.8,14.8,16.7,15.9,94.8,311.8,1.7,311.8,1.3,1007.8,17.9,6.8
6069,27-06-2022,16,1.6,0,35.2,14.5,14.6,16.6,15.9,94.8,310.9,3,310.9,2.5,1007.6,14.1,6.5
6069,27-06-2022,17,0.1,0,40.8,14.4,14.3,16.6,15.9,94.8,319.6,3.5,319.6,2.9,1007.7,16.9,5.7
6069,27-06-2022,18,0.8,0,19,14.1,14.1,16.5,15.9,94.8,315,4.1,315,3.2,1008.1,1,4.9
6069,27-06-2022,19,0,0,9.7,13.3,13.2,16.5,15.9,94.7,314.9,4.7,314.9,3.7,1008.3,-6.6,4.2
6069,27-06-2022,20,0.2,0,5.8,12.8,12.6,16.4,15.9,94.7,183.1,2.4,183.1,1.7,1008.6,-10.9,3.3
6069,27-06-2022,21,0.1,0,1.1,12.5,12.2,16.3,15.8,94.7,179.2,1.4,179.2,0.9,1008.4,-13.8,2.4
6069,27-06-2022,22,0,0,0,12.4,12.1,16.2,15.8,94.7,293.2,1.3,293.2,1.3,1009.3,-13.4,1.7
6069,27-06-2022,23,0,0,0,12,10.5,16.1,15.8,94.8,227.4,0.4,227.4,0.4,1009.3,-14.7,1
6069,28-06-2022,0,0,0,0,11.4,9.7,16,15.7,95.2,254.5,1.3,254.5,1,1009.1,-14.9,0.1
6069,28-06-2022,1,0,0,0,11,10.2,15.9,15.7,95.2,258.5,1.8,258.5,1.3,1009.1,-14.6,-1.4
6069,28-06-2022,2,0,0,0,10.7,9.7,15.8,15.6,95.2,253.3,1.6,253.3,1.1,1009.6,-13.9,-2.6
6069,28-06-2022,3,0,0,1.5,10.7,10.1,15.6,15.6,95.2,253.7,1.8,253.7,1.2,1010.1,-11.8,-3.4
6069,28-06-2022,4,0,0,9.9,10.7,10.4,15.5,15.5,95.2,241.4,1.8,241.4,1.3,1010.2,-5.6,-3.9
6069,28-06-2022,5,0,0,69.2,11.3,11.1,15.4,15.5,95.2,256.4,2.1,256.4,1.5,1010.6,41.1,-3.9
6069,28-06-2022,6,0,0,157,12.2,12.3,15.3,15.4,95.2,241.3,1.6,241.3,1.3,1011.2,99.1,-3.4
6069,28-06-2022,7,0,0,431.2,14.1,15.1,15.2,15.4,93.6,243.2,1.8,243.2,1.5,1011.9,217.4,-2.3
6069,28-06-2022,8,0,0,557,16.2,18,15.2,15.3,76.7,250.4,2.5,250.4,2,1011.9,305.2,0.1
6069,28-06-2022,9,0,0,647.4,17.4,19.7,15.4,15.2,71.7,257.2,3,257.2,2.5,1012.2,380.7,3.7
6069,28-06-2022,10,0,0,654.4,18,20.6,15.5,15.2,71.1,240,3.4,240,2.9,1012.4,397.5,7.7
6069,28-06-2022,11,0,0,636.4,18.7,21,15.8,15.2,66.7,243.7,3.4,243.7,2.8,1012.1,395.8,11.6
6069,28-06-2022,12,0,0,839.3,18.9,21.9,16.1,15.2,66.8,255.1,3.5,255.1,2.8,1012.4,549.6,14.3
6069,28-06-2022,13,0,0,520.1,19.1,21.2,16.4,15.2,66.7,276.6,3.1,276.6,2.5,1012.6,311.1,17.2
6069,28-06-2022,14,0,0,505.4,19.4,21.1,16.7,15.3,63.9,279.2,3.2,279.2,2.5,1012.6,290.1,18.7
6069,28-06-2022,15,0,0,466.4,19.7,21.4,17,15.3,60.4,289.4,2.7,289.4,2.2,1012.8,255.7,18.9
6069,28-06-2022,16,0,0,302.6,19.6,20.9,17.2,15.4,61.5,281.6,1.7,281.6,1.5,1012.8,132,18.6
6069,28-06-2022,17,0,0,374,20.1,21.7,17.3,15.5,61.3,319.8,1.4,319.8,1.3,1012.4,145.4,18
6069,28-06-2022,18,0,0,182.2,19.7,20.7,17.4,15.6,58.3,265.4,1.3,265.4,1,1012.3,3.8,17.4
6069,28-06-2022,19,0,0,80.2,19.1,18.7,17.5,15.7,62.7,288.2,0.2,288.2,0.1,1012.2,-59.4,15.8
6069,28-06-2022,20,0,0,39.2,18.7,17,17.5,15.8,63.9,289.2,0.3,289.2,0.3,1012.5,-86.3,13
6069,28-06-2022,21,0,0,2.3,16.6,12.6,17.4,15.8,75.1,305,0.1,305,0.1,1012.8,-88.8,10.1
6069,28-06-2022,22,0,0,0.1,15.1,10.8,17.3,15.9,85,280.5,0.3,280.5,0.5,1012.9,-84.5,6.8
6069,28-06-2022,23,0,0,0,13.8,10.1,17.1,15.9,91.3,285.5,0.1,285.5,0.1,1012.8,-73.3,3.7
6069,29-06-2022,0,0,0,0.5,12.9,9.4,16.9,15.9,92.7,280.2,0,280.2,0,1012.5,-42.6,1.3
6069,29-06-2022,1,0,0,0.4,12.2,8.7,16.7,15.9,93.6,280.2,0,280.2,0,1012.1,-35.4,-0.7
6069,29-06-2022,2,0,0,0.2,11.5,8.1,16.4,15.9,93.6,242.6,0,242.6,0,1011.9,-32.6,-2.3
6069,29-06-2022,3,0,0,3.5,11,7.8,16.2,15.9,93.8,170.7,0,170.7,0.1,1011.9,-27.2,-3.7
6069,29-06-2022,4,0.1,0,24.1,10.5,8.4,16,15.8,94.3,181,0,181,0,1011.9,-7.4,-4.9
6069,29-06-2022,5,0,0,128.6,12.1,12.1,15.8,15.7,94.3,156.5,0,156.5,0.3,1012.2,45.9,-5.8
6069,29-06-2022,6,0,0,281.5,14.2,14.6,15.6,15.7,94.4,146.1,0.1,146.1,0.4,1012.2,116.3,-5.7
6069,29-06-2022,7,0,0,427.3,16.8,18.6,15.6,15.6,82.7,154.7,1.1,154.7,1.2,1012.4,186.5,-3.4
6069,29-06-2022,8,0,0,548,18.6,21.2,15.5,15.5,63.5,144.4,0.8,144.4,1.1,1012.8,270.3,0.4
6069,29-06-2022,9,0,0,654.1,20,23,15.7,15.5,53.7,151.2,2,151.2,1.8,1012.7,353,5.1
6069,29-06-2022,10,0,0,540.3,20.4,22.5,16,15.4,53,177.4,2.5,177.4,2.2,1012.5,292.4,10.4
6069,29-06-2022,11,0,0,798.6,21.3,23.9,16.2,15.4,51.5,175,2.3,175,2.2,1012.2,480.9,14.4
6069,29-06-2022,12,0,0,685.9,21.7,24.2,16.6,15.4,49.7,150,2.3,150,2.1,1011.7,400.3,18
6069,29-06-2022,13,0,0,710.5,22.2,24.5,16.9,15.5,49.8,139.5,2.8,139.5,2.4,1011.2,426.7,21.2
6069,29-06-2022,14,0,0,504.6,22.1,23.4,17.3,15.5,51.5,138.4,2.9,138.4,2.3,1010.8,277.7,22.9
6069,29-06-2022,15,0,0,459.1,21.9,22.9,17.5,15.6,52.9,115.6,3.7,115.6,2.9,1010.5,249.6,22.4
6069,29-06-2022,16,0,0,535.8,22.1,23.4,17.7,15.7,52.8,124.4,3.6,124.4,2.8,1010.1,285,21
6069,29-06-2022,17,0,0,423.6,21.7,22.5,17.8,15.8,51.7,130.6,3.8,130.6,3,1009.8,188.8,19.7
6069,29-06-2022,18,0,0,274.2,21.4,21.5,17.9,15.9,51,130,3.5,130,2.6,1009.5,60.1,18.1
6069,29-06-2022,19,0,0,144.4,20.5,20.1,17.9,16,53.2,128.2,2.8,128.2,2.2,1009.4,-32.7,15.7
6069,29-06-2022,20,0,0,44.7,19.2,18,17.9,16.1,61.3,103,1.6,103,1.1,1009.6,-87.2,13
6069,29-06-2022,21,0,0,1.5,17.3,15,17.7,16.1,74.4,107,1.7,107,1,1009.8,-95,10.2
6069,29-06-2022,22,0,0,0,15.8,13.2,17.6,16.2,84.9,113.3,1.3,113.3,0.6,1009.6,-87.1,7.4
6069,29-06-2022,23,0,0,0,15.3,12.8,17.4,16.2,87.2,120.1,1.6,120.1,0.8,1009.3,-84.9,4.8
6069,30-06-2022,0,0,0,0,14.3,12.2,17.3,16.2,91,75.3,1,75.3,0.6,1009.2,-80.8,2.9
6069,30-06-2022,1,0,0,0,13.6,11.2,17.1,16.2,92,43,0.5,43,0.3,1009.1,-74.9,1.4
6069,30-06-2022,2,0,0,0,13.2,11.3,16.9,16.2,92.9,62.7,0.7,62.7,1.1,1008.9,-65.5,0
6069,30-06-2022,3,0.1,0,2.6,13.3,12.3,16.7,16.2,93.8,78.3,2.1,78.3,1.4,1009,-76.4,-1.2
6069,30-06-2022,4,0,0,27.7,13.4,12.9,16.5,16.1,94.2,68.5,1.6,68.5,1.2,1008.8,-45.6,-1.7
6069,30-06-2022,5,0,0,135.8,14.7,14.9,16.3,16,94.2,102.1,1.2,102.1,0.9,1008.9,-10.2,-1.7
6069,30-06-2022,6,0,0,278,16.9,17,16.2,16,92.4,83.3,2.1,83.3,1.7,1009,81,-1.2
6069,30-06-2022,7,0,0,424.1,18.9,20.5,16.2,15.9,74.9,91.4,2.6,91.4,1.9,1009.1,189.4,0.6
6069,30-06-2022,8,0,0,546.9,20.3,22.4,16.2,15.9,60.2,91.2,3,91.2,2.2,1009.2,280.2,3.5
6069,30-06-2022,9,0,0,657.4,21.6,24.5,16.3,15.8,55.9,93.2,3,93.2,2.3,1009.1,367.1,6.8
6069,30-06-2022,10,0,0,755,22.5,25.3,16.5,15.8,53.5,90.7,3,90.7,2.4,1008.7,447.7,10.6
6069,30-06-2022,11,0,0,797.8,23.2,26.1,16.8,15.8,50.9,93.9,2.6,93.9,2.1,1008.4,490.9,14.9
6069,30-06-2022,12,0,0,602.6,23.3,25.6,17.2,15.8,51.7,103.5,2.4,103.5,2,1008,352.3,19
6069,30-06-2022,13,0,0,694.2,23.9,26.3,17.5,15.9,52.6,110.8,2.1,110.8,1.8,1007.5,420.1,21.6
6069,30-06-2022,14,0,0,588.1,24.3,26.4,17.8,15.9,50.7,103.3,2.6,103.3,2,1007,333.1,23.5
6069,30-06-2022,15,0,0,418,24,24.8,18.1,16,52.7,92.4,3.3,92.4,2.4,1006.9,209.3,24.3
6069,30-06-2022,16,0,0,533,24.4,25.8,18.3,16.1,50.8,95.5,3.8,95.5,2.6,1006.7,274,22.5
6069,30-06-2022,17,0,0,380.3,23.8,24.7,18.4,16.2,52,81.9,3.1,81.9,2.2,1006.4,154.8,20.9
6069,30-06-2022,18,0,0,234.4,23.1,23.6,18.5,16.3,53.9,87.8,2.7,87.8,1.9,1006,42.5,19
6069,30-06-2022,19,0,0,176.1,22.6,22.9,18.5,16.4,57.7,84.4,2.2,84.4,1.5,1005.9,-6.8,16.6
6069,30-06-2022,20,0,0,51.6,21.1,20.9,18.5,16.5,64.2,79.7,1.7,79.7,1.2,1005.7,-82,14.3
6069,30-06-2022,21,0,0,2.7,18.9,17.6,18.4,16.6,79.6,82.2,1.7,82.2,1.1,1005.5,-96.6,11.8
6069,30-06-2022,22,0,0,0,17.4,15.8,18.3,16.6,86.9,83.2,1,83.2,0.8,1005.2,-91.3,9.1
6069,30-06-2022,23,0,0,0,16.4,14.5,18.1,16.7,91.1,83.6,0.6,83.6,0.7,1005.2,-86.3,6.7
6069,01-07-2022,0,0,0,0,15.7,13.2,17.9,16.7,92.8,80,0.3,80,0.3,1005.1,-75.6,4.6
6069,01-07-2022,1,0,0,0,15.1,12.7,17.7,16.7,93.8,79.4,0.3,79.4,0.4,1004.6,-49.2,2.8
6069,01-07-2022,2,0,0,0.1,14.8,12.5,17.5,16.7,93.8,107.3,0.6,107.3,0.3,1004.3,-38.9,1.1
6069,01-07-2022,3,0,0,2.4,14.4,12.1,17.3,16.6,93.8,98.1,0.3,98.1,0.5,1003.9,-33.1,-0.2
6069,01-07-2022,4,0.1,0,25.3,14.3,13.1,17.1,16.6,93.8,96.6,1,96.6,0.7,1003.8,-13.7,-1.1
6069,01-07-2022,5,0,0,135.1,15.4,15.1,17,16.5,93.8,129.6,1.9,129.6,1.4,1004,28.9,-1.5
6069,01-07-2022,6,0,0,324.8,17.5,17.8,16.8,16.5,92.6,131.5,3,131.5,2.3,1003.8,134,-0.9
6069,01-07-2022,7,0,0,283.9,19,20,16.8,16.4,89.6,143,3.2,143,2.8,1003.8,142.5,1.3
6069,01-07-2022,8,0.5,0,109,19.3,19.4,16.8,16.3,90.7,169.4,3.2,169.4,2.7,1004,49.7,4.2
6069,01-07-2022,9,0,0,259.8,19.1,19.5,16.9,16.3,92.5,157.6,3.7,157.6,3,1004.1,162.2,5.9
6069,01-07-2022,10,0,0,401.3,20.5,21.7,16.9,16.3,87.5,171.3,4.5,171.3,3.8,1004.2,253.1,7.1
6069,01-07-2022,11,0,0,321.9,20.8,21.6,17,16.2,84,190.3,4.5,190.3,3.8,1004.4,194.8,9.6
6069,01-07-2022,12,0,0,103,18.2,18.5,17.2,16.2,92.2,229.3,3.8,229.3,3.2,1004.9,49.7,11.2
6069,01-07-2022,13,0,0,161.8,18.1,18.5,17.3,16.3,89.8,240.9,3.5,240.9,2.8,1005.3,88.4,10.4
6069,01-07-2022,14,0,0,174.5,17.7,18.2,17.4,16.3,84.9,250.2,3.9,250.2,3.1,1005.7,96,9.4
6069,01-07-2022,15,0,0,165.5,17.5,17.9,17.4,16.3,82,250.8,4.3,250.8,3.5,1006.2,88.5,8.7
6069,01-07-2022,16,0,0,99.1,16.7,16.9,17.4,16.3,85.5,246.1,3.7,246.1,2.9,1006.6,41.2,8
6069,01-07-2022,17,0,0,43.8,15.5,15.5,17.3,16.3,92.6,253.9,3,253.9,2.2,1007.1,12.7,7
6069,01-07-2022,18,0.4,0,90.2,15.6,15.8,17.3,16.3,93.8,248.3,1.8,248.3,1.5,1007.3,51.5,5.9
6069,01-07-2022,19,0,0,38.8,15.7,15.7,17.2,16.3,93.8,253.3,1.5,253.3,1.3,1007.4,8.8,5.4
6069,01-07-2022,20,0,0,9.8,15.5,15.1,17.2,16.3,93.6,248.8,1.8,248.8,1.4,1007.7,-33.6,5.2
6069,01-07-2022,21,0,0,1.2,15.2,14.6,17.1,16.3,92.1,227.5,1,227.5,1.2,1008.3,-43.3,4.5
6069,01-07-2022,22,0,0,0,14.8,14.2,17.1,16.3,92.7,212.8,0.6,212.8,1,1008.5,-39.4,3.5
6069,01-07-2022,23,0,0,0,14.6,14.1,17,16.3,93.6,218.1,1.8,218.1,1.7,1009,-43.1,2.7
6069,02-07-2022,0,0,0,0,14.2,13.8,16.9,16.3,93.6,221.4,1.6,221.4,1.6,1009,-46.4,2
6069,02-07-2022,1,0,0,0,13.7,13.2,16.8,16.2,93.5,205.6,1.4,205.6,1.5,1009.1,-49.2,1.4
6069,02-07-2022,2,0,0,0,13.2,12.7,16.7,16.2,93.5,215.6,1.9,215.6,1.7,1008.8,-50.6,0.7
6069,02-07-2022,3,0,0,0.7,12.8,12.2,16.6,16.2,93.5,203.4,1.2,203.4,1.3,1008.7,-61.3,0
6069,02-07-2022,4,0,0,10.1,12.1,11.2,16.5,16.1,94,194.1,1.6,194.1,1.4,1009.2,-72.4,-0.7
6069,02-07-2022,5,0,0,130.1,12.2,12,16.4,16.1,95.4,205.1,2.2,205.1,1.9,1009.9,-10.2,-1.6
6069,02-07-2022,6,0,0,257.1,13.6,14.1,16.2,16.1,94.2,209.2,2.3,209.2,2,1010.4,75,-2
6069,02-07-2022,7,0,0,420.7,15.6,16.9,16.2,16,85.4,230.9,3.3,230.9,2.9,1011,197.5,-1.3
6069,02-07-2022,8,0,0,508.5,16.9,18.5,16.1,16,78.6,223,3.7,223,3.2,1011.5,283.5,0.6
6069,02-07-2022,9,0,0,469.8,17.9,19.3,16.2,15.9,72.1,218.3,3.8,218.3,3.2,1011.6,271.7,3
6069,02-07-2022,10,0,0,735.8,19.3,21,16.3,15.9,60.6,223.7,4.5,223.7,3.8,1011.6,458.2,5.3
6069,02-07-2022,11,0,0,706.1,19.9,21.8,16.5,15.9,55.5,241.7,4.5,241.7,3.7,1011.7,435.3,7.9
6069,02-07-2022,12,0,0,805.9,20.6,23,16.7,15.8,53.7,237.2,4.1,237.2,3.4,1011.7,516.3,10.5
6069,02-07-2022,13,0,0,608.9,20.3,22.1,16.9,15.8,55.2,230.2,4.4,230.2,3.6,1011.6,373.2,12.9
6069,02-07-2022,14,0,0,485.1,20.5,21.8,17.2,15.9,55.6,217.1,4.3,217.1,3.6,1011.4,276.4,13.8
6069,02-07-2022,15,0,0,662.1,20.7,22,17.3,15.9,51.1,206.3,5.4,206.3,4.6,1011.3,382.9,14
6069,02-07-2022,16,0,0,499.5,20.3,21.3,17.5,16,49.9,210.4,5.1,210.4,4.2,1011.5,255,13.7
6069,02-07-2022,17,0,0,319.1,19.1,19.6,17.6,16.1,57.3,223.4,4.5,223.4,3.6,1011.5,137,12.7
6069,02-07-2022,18,0,0,263.1,18.8,19.2,17.6,16.1,60.1,203.4,4.3,203.4,3.6,1011.3,84.5,10.9
6069,02-07-2022,19,0,0,116.8,17.7,17.2,17.6,16.1,60.7,202.8,3.9,202.8,3.3,1011.2,-40.8,9.2
6069,02-07-2022,20,0,0,61,16.7,16,17.5,16.2,65.5,198.6,2.9,198.6,2.3,1011.2,-72.5,7.1
6069,02-07-2022,21,0,0,3.1,15.4,13.9,17.4,16.2,72.3,191.7,2.4,191.7,1.8,1011.2,-91.1,4.9
6069,02-07-2022,22,0,0,0,14.4,12.7,17.2,16.3,80.4,180.8,1.6,180.8,1.6,1011.2,-74.7,2.9
6069,02-07-2022,23,0,0,0,13.9,12.5,17,16.3,83.2,180.4,2.6,180.4,1.9,1011.1,-84.3,1.3
6069,03-07-2022,0,0,0,0.2,13.4,11.7,16.8,16.2,85.6,181.1,1.9,181.1,1.4,1010.8,-75,-0.1
6069,03-07-2022,1,0,0,0.1,13.1,12.1,16.7,16.2,87.4,157.2,2.7,157.2,2,1010.4,-55.4,-1.2
6069,03-07-2022,2,0,0,0.3,14.2,13.5,16.5,16.2,82.2,157.9,3.6,157.9,2.7,1010.1,-30.3,-1.9
6069,03-07-2022,3,0,0,0.2,14.3,13.6,16.4,16.1,83.8,152.6,2.6,152.6,2.1,1009.8,-26.1,-2
6069,03-07-2022,4,0,0,10.3,14.7,13.9,16.3,16,81.4,139,2.5,139,2,1009.3,-28.1,-1.8
6069,03-07-2022,5,0,0,42.8,14.6,14.1,16.2,16,84.1,108,1.8,108,1.1,1008.7,-15.6,-1.7
6069,03-07-2022,6,0,0,90.4,15.1,14.9,16.1,16,89.8,138.3,3,138.3,2.3,1008.3,2.2,-1.3
6069,03-07-2022,7,0,0,251.9,16.6,17.1,16,15.9,92,153.4,3.7,153.4,2.9,1008.2,97.3,-0.7
6069,03-07-2022,8,0,0,549.4,18.6,20.1,16,15.9,84.7,166.3,4.7,166.3,3.9,1008.4,292.6,0.8
6069,03-07-2022,9,0,0,444.7,20,21.7,16.1,15.8,73.6,171.3,3.1,171.3,2.5,1008.5,237.1,3.4
6069,03-07-2022,10,0,0,617.3,20.9,22.9,16.2,15.8,62.3,206.6,2.2,206.6,1.9,1008.5,370,6.6
6069,03-07-2022,11,0,0,569.5,21.4,23.2,16.5,15.8,58.4,239.9,3.2,239.9,2.6,1008.5,341.9,9.9
6069,03-07-2022,12,0.1,0,472.9,20.2,21.7,16.7,15.8,69.9,240,2.9,240,2.3,1008.4,299.7,12.1
6069,03-07-2022,13,0,0,670.1,21.9,24.2,16.9,15.8,59.1,246.8,3.3,246.8,2.7,1008.1,408.3,13.5
6069,03-07-2022,14,0,0,632.2,22.2,23.7,17.2,15.8,50.9,255.5,4.4,255.5,3.5,1008,374.2,15.3
6069,03-07-2022,15,0,0,503.1,22.2,23.4,17.4,15.9,50.5,252.6,3.9,252.6,3,1008,278.6,15.6
6069,03-07-2022,16,0,0,339.9,21.8,22.6,17.5,15.9,51.8,241.1,2.7,241.1,2.2,1007.9,171.9,15.1
6069,03-07-2022,17,0,0,361.9,21.4,22.6,17.6,16,60.3,299.2,3.2,299.2,2.5,1007.8,171,14.3
6069,03-07-2022,18,0,0,208.1,19.6,19.9,17.7,16.1,72.2,312.8,3.5,312.8,2.8,1007.6,57.3,13.7
6069,03-07-2022,19,0,0,114.2,18.5,18.5,17.8,16.1,77.8,311.9,2.9,311.9,2.2,1007.4,8.4,12.3
6069,03-07-2022,20,0,0,22.4,17.4,17,17.7,16.2,81.4,298.9,2.4,298.9,1.7,1007.3,-32.4,10.4
6069,03-07-2022,21,0,0,6.6,16.5,16,17.7,16.3,86.4,284,2.2,284,1.6,1007.5,-49.8,8.4
6069,03-07-2022,22,0,0,0,15.4,14.8,17.6,16.3,92.6,272.4,2,272.4,1.5,1007.4,-63.2,6.4
6069,03-07-2022,23,0,0,0,14.6,13.3,17.5,16.3,93.2,266.4,0.7,266.4,0.6,1007.1,-63,4.7
6069,04-07-2022,0,0,0,0,13.9,12.9,17.3,16.3,94.5,266.5,0.9,266.5,0.9,1006.8,-64.9,3
6069,04-07-2022,1,0,0,0,13.6,12.7,17.2,16.3,94.7,255.6,0.9,255.6,0.8,1006.7,-50.8,1.7
6069,04-07-2022,2,0,0,0,13.5,12.9,17,16.3,94.7,261.8,1.6,261.8,1.2,1006.5,-54.6,0.6
6069,04-07-2022,3,0,0,1,12.6,11.4,16.9,16.3,94.7,245.8,1.5,245.8,1,1006.4,-74.7,0
6069,04-07-2022,4,0,0,17.6,12.1,10.8,16.7,16.3,94.7,229.4,1.5,229.4,1,1006.4,-38.6,-0.9
6069,04-07-2022,5,0,0,136.2,13,12.8,16.6,16.2,94.7,227.8,1.5,227.8,1.4,1006.7,10.5,-2.1
6069,04-07-2022,6,0,0,251.2,14.5,14.8,16.4,16.2,92.4,235.3,2.2,235.3,1.9,1007,82.4,-2.3
6069,04-07-2022,7,0,0,200.4,15.2,15.8,16.3,16.1,87.3,218.5,2.9,218.5,2.5,1006.9,97.8,-1.1
6069,04-07-2022,8,0,0,441.1,15.8,17.3,16.3,16.1,84.7,212.5,3.2,212.5,2.7,1006.8,249.9,0.6
6069,04-07-2022,9,0,0,344.8,16.5,18,16.3,16,77.9,223.9,3.3,223.9,2.8,1006.8,192.6,2.5
6069,04-07-2022,10,0.9,0,410.1,16.2,17.3,16.4,16,81.6,217.5,4,217.5,3.3,1006.7,262.6,4.4
6069,04-07-2022,11,0,0,539.9,16.2,17.2,16.5,15.9,84.7,233.3,3.7,233.3,3,1006.6,390.1,5.4
6069,04-07-2022,12,0,0,610.2,17.6,19.3,16.6,15.9,67.5,246.9,4,246.9,3.2,1006.4,379.7,6.7
6069,04-07-2022,13,0,0,363.4,17.4,18.3,16.7,15.9,66,243.7,4.6,243.7,3.5,1006,207.4,8.5
6069,04-07-2022,14,0,0,473.6,16.9,17.9,16.8,15.9,69.5,254.1,5,254.1,3.8,1006,289.5,8.7
6069,04-07-2022,15,0,0,304.2,17.1,17.9,16.9,15.9,65.2,258.5,5.5,258.5,4.2,1006,170.9,8.2
6069,04-07-2022,16,0.4,0,193,14.5,15.3,17,16,86.9,273.7,4.7,273.7,3.6,1006.1,104.1,7.5
6069,04-07-2022,17,0.3,0,194.3,13.5,13.9,17,16,94.1,236.4,3,236.4,2.5,1005.8,128.2,6.1
6069,04-07-2022,18,2.1,0,138.7,14.2,14.3,16.9,16,93.9,244,3.1,244,2.5,1005.7,66.2,5
6069,04-07-2022,19,0,0,65.7,13.7,13.1,16.9,16,87.6,259.8,3.8,259.8,2.8,1005.8,-0.4,4.1
6069,04-07-2022,20,0.3,0,33.3,12.9,12.1,16.8,16,90.3,248.3,3.4,248.3,2.6,1005.9,-7.8,3
6069,04-07-2022,21,0,0,2.6,12.3,11.4,16.7,16,93.1,226.4,2.7,226.4,2.3,1006.2,-48.3,1.5
6069,04-07-2022,22,0,0,0,12,11.2,16.6,16,94.3,231.4,2.7,231.4,2.2,1006.5,-83.7,0
6069,04-07-2022,23,0,0,0,11.7,10.9,16.4,16,94.3,225.2,2.4,225.2,1.9,1006.6,-80.9,-1.3
6069,05-07-2022,0,0,0,0,11.3,10.5,16.2,16,94.3,224.3,2.3,224.3,1.9,1006.5,-84.9,-2.3
6069,05-07-2022,1,0,0,0,10.7,10,16.1,16,94.9,223.7,2.3,223.7,1.9,1006.4,-65,-3
6069,05-07-2022,2,0,0,0,10.7,9.9,16,15.9,95.8,220.2,2.4,220.2,1.9,1006.5,-52.6,-3.8
6069,05-07-2022,3,0,0,1.4,10.5,9.8,15.8,15.8,95.8,207.4,2.3,207.4,1.8,1006.5,-44.3,-4.4
6069,05-07-2022,4,0,0,24.2,11,10.5,15.6,15.8,95.8,230.7,2.5,230.7,2,1006.5,-21,-4.9
6069,05-07-2022,5,0,0,128,11.7,11.6,15.5,15.7,95.8,222.4,2.4,222.4,2,1006.9,16.6,-5
6069,05-07-2022,6,0,0,236.3,13.1,13.2,15.4,15.6,93.8,232.7,2.8,232.7,2.3,1007.5,65.2,-4.7
6069,05-07-2022,7,0,0,399.4,14.4,15.4,15.4,15.6,84,251,4.2,251,3.3,1008,190.4,-3.5
6069,05-07-2022,8,0,0,522.9,15.1,16.2,15.3,15.5,69.8,267.8,5.6,267.8,4.3,1008.2,297.7,-1.9
6069,05-07-2022,9,0,0,543.1,15.6,17,15.4,15.4,65.3,272,5,272,3.7,1008.4,313.7,0
6069,05-07-2022,10,0,0,562.9,16,17.7,15.4,15.4,61.4,257.1,5.3,257.1,4.1,1008.6,360.8,1.7
6069,05-07-2022,11,0,0,578.2,16.4,18,15.6,15.4,62.7,262.3,4.8,262.3,3.8,1008.8,379.3,3.2
6069,05-07-2022,12,0,0,458.8,16.2,17.7,15.7,15.3,60.6,279.5,4.8,279.5,3.7,1009,289,4.7
6069,05-07-2022,13,0,0,373.4,15.7,16.6,15.9,15.4,64.8,284,5.3,284,3.9,1009.1,225.9,5.8
6069,05-07-2022,14,0,0,464.3,15.8,17.1,16,15.4,65.7,275.7,5.3,275.7,4.1,1009.2,294,5.9
6069,05-07-2022,15,0,0,516.7,15.8,17.6,16.1,15.3,68.4,272.8,5.1,272.8,3.9,1009.4,316.9,6.2
6069,05-07-2022,16,0,0,455.3,15,16.1,16.2,15.4,73.1,280.3,4.8,280.3,3.7,1009.4,262.7,6.8
6069,05-07-2022,17,0,0,337.3,15.3,16.5,16.3,15.4,71.4,279.1,4.8,279.1,3.6,1009.3,163.5,6.7
6069,05-07-2022,18,0,0,111.6,13.9,14.2,16.3,15.4,81.8,280.1,3.7,280.1,2.9,1009.4,40,6.1
6069,05-07-2022,19,0.2,0,159.9,13.2,13.6,16.3,15.5,91.4,264.1,3.5,264.1,2.7,1009.4,75.1,4.7
6069,05-07-2022,20,0,0,42.5,12.9,12.9,16.2,15.5,89.8,263.3,2.9,263.3,2.1,1009.3,-66.5,3.3
6069,05-07-2022,21,0,0,2.1,11.9,11.3,16.1,15.5,93.6,252.6,2.6,252.6,1.8,1009.6,-91.4,2
6069,05-07-2022,22,0,0,0,11.3,10.5,16,15.5,94.6,258.6,2.5,258.6,1.8,1009.7,-88,0.4
6069,05-07-2022,23,0,0,0,11,10.3,15.9,15.5,94.6,254.2,2.9,254.2,2,1009.7,-85.1,-1.2
6069,06-07-2022,0,0,0,0,10.6,9.9,15.7,15.5,94.6,249.1,2.7,249.1,1.9,1009.7,-83.2,-2.3
6069,06-07-2022,1,0,0,0,10.3,9.5,15.6,15.4,94.6,257.2,2.7,257.2,2,1009.6,-87.1,-3.2
6069,06-07-2022,2,0,0,0,9.9,9,15.4,15.4,94.3,270.4,2.9,270.4,2.1,1009.6,-90.7,-4
6069,06-07-2022,3,0,0,0.7,9.9,8.8,15.3,15.4,92.7,272.4,2.8,272.4,1.9,1009.5,-89.4,-4.8
6069,06-07-2022,4,0,0,15,9.9,8.9,15.1,15.3,92.1,271,2.8,271,2,1009.4,-77.3,-5.5
6069,06-07-2022,5,0,0,71.4,10.7,10.1,15,15.3,93.4,271.9,2.7,271.9,1.9,1009.6,-25.8,-6
6069,06-07-2022,6,0,0,227.9,12.7,12.4,14.8,15.2,85.8,290.1,4.4,290.1,3.3,1009.9,66.4,-5.9
6069,06-07-2022,7,0,0,279.3,13.8,14.1,14.8,15.1,76,299.1,5.3,299.1,4.2,1010.4,131.8,-5
6069,06-07-2022,8,0,0,381.8,14.5,15.2,14.7,15,69.1,303.3,5.8,303.3,4.5,1010.8,204.7,-3.5
6069,06-07-2022,9,0,0,525.7,14.9,15.9,14.8,15,68,302,6.2,302,4.8,1011,306.8,-2
6069,06-07-2022,10,0,0,618,15.5,17.1,14.8,15,64.6,294.6,5.5,294.6,4.4,1011.1,380.6,-0.3
6069,06-07-2022,11,0,0,759.3,16,18.2,15,14.9,61.1,285.7,5.3,285.7,4.1,1011.1,484.5,1.8
6069,06-07-2022,12,0,0,851.3,16.6,19.1,15.1,14.9,55,283.6,5.1,283.6,3.9,1011,547.1,4.3
6069,06-07-2022,13,0,0,704.8,16.9,19.3,15.4,14.9,54,274.2,5,274.2,3.9,1010.5,439.7,6.9
6069,06-07-2022,14,0,0,705,17.3,19.5,15.7,14.9,52.7,264,5,264,3.9,1009.9,444.1,8.8
6069,06-07-2022,15,0,0,427.5,17,18.5,15.9,14.9,53.7,248.6,5.1,248.6,4,1009.3,252.7,9.5
6069,06-07-2022,16,0,0,348.4,16.3,17.2,16,15,61.2,236.2,5.2,236.2,4.2,1008.6,197.9,9.3
6069,06-07-2022,17,0,0,150.7,16,16.4,16.1,15,69.6,224.9,4.2,224.9,3.5,1007.5,71.8,8
6069,06-07-2022,18,0.2,0,50.4,14.9,14.7,16.1,15.1,84.8,216.8,4.1,216.8,3.4,1006.6,14.3,6.8
6069,06-07-2022,19,0.5,0,32,13.8,13.6,16,15.1,94.4,208,3.7,208,3,1005.8,11.3,5.2
6069,06-07-2022,20,1.2,0,9.3,13.8,13.6,16,15.2,94.8,196,3.4,196,2.9,1004.9,-7.6,3.9
6069,06-07-2022,21,2.8,0,0.4,14.1,13.9,15.9,15.2,94.8,216.7,2.9,216.7,2.4,1004.2,-14.9,2.9
6069,06-07-2022,22,1,0,0.1,14.3,14.1,15.8,15.2,95.8,228.5,2.4,228.5,2.1,1003.7,-14.5,2.1
6069,06-07-2022,23,0.6,0,0.1,14.4,14.3,15.8,15.2,95.8,235.8,2.6,235.8,2.1,1003.2,-14.5,1.7
6069,07-07-2022,0,0.3,0,0.6,14.5,14.3,15.6,15.2,95.8,255,2.8,255,2.3,1002.7,-14.6,1.6
6069,07-07-2022,1,0,0,0.1,14.5,14.3,15.6,15.2,95.8,258.5,3.1,258.5,2.2,1002.3,-15,1.6
6069,07-07-2022,2,0,0,0.3,14.3,14,15.6,15.2,95.8,285.7,3.4,285.7,2.5,1002,-15.5,1.5
6069,07-07-2022,3,0,0,1,14,13.5,15.5,15.2,95.8,301.6,4.2,301.6,3.3,1002.2,-14.9,1.5
6069,07-07-2022,4,0,0,8.4,13.6,13.1,15.4,15.2,95.8,292.7,4.4,292.7,3.4,1002.3,-9,1.2
6069,07-07-2022,5,0,0,63.6,13.4,13,15.4,15.1,94.9,281.5,3.3,281.5,2.7,1002.3,25.8,0.8
6069,07-07-2022,6,0,0,87.8,13.7,13.7,15.4,15.1,94.7,272.4,3.3,272.4,2.4,1002.4,48.9,0.6
6069,07-07-2022,7,0.2,0,193.4,14.3,14.5,15.3,15.1,94.7,290.2,4.2,290.2,3.2,1002.8,127.8,0.8
6069,07-07-2022,8,0,0,166.9,14.6,14.8,15.3,15.1,94.2,291.5,4.2,291.5,3.2,1003.2,104.9,1.6
6069,07-07-2022,9,0,0,293.6,15.4,15.9,15.4,15.1,91.9,302,3.9,302,2.9,1003.8,188.8,2.5
6069,07-07-2022,10,0,0,494.5,16.9,18,15.4,15,82.1,310.2,4.8,310.2,3.8,1004.5,314.9,3.6
6069,07-07-2022,11,0,0,479.1,17.8,19.1,15.5,15,78.9,308,4.9,308,3.8,1005.2,300.2,5.5
6069,07-07-2022,12,0,0,526.8,18.3,19.4,15.7,15,76,313.4,5.1,313.4,3.9,1006,332.7,7.8
6069,07-07-2022,13,0,0,716.7,19.4,20.8,15.8,15,68,318,5.5,318,4.1,1006.7,458.4,9.4
6069,07-07-2022,14,0,0,678.3,19.7,21.1,16,15.1,65.1,313.6,5.5,313.6,4.1,1007.6,412.7,11.5
6069,07-07-2022,15,0,0,685.5,19.8,21.1,16.2,15.1,59.8,316.6,5.6,316.6,4,1008.6,394.9,13.4
6069,07-07-2022,16,0,0,576.7,20.1,21.3,16.4,15.2,56.7,323.2,4.7,323.2,3.6,1009.3,298.3,14.4
6069,07-07-2022,17,0,0,445.1,19.6,20.4,16.6,15.2,59.3,313.8,5,313.8,3.9,1009.8,193.8,14.6
6069,07-07-2022,18,0,0,299.7,19,19.4,16.7,15.3,60.8,318.4,4.6,318.4,3.6,1010.6,78.6,13.6
6069,07-07-2022,19,0,0,152.7,18.2,18.2,16.7,15.3,66.8,307.4,4.2,307.4,3.3,1011.2,-28.1,11.7
6069,07-07-2022,20,0,0,45.8,16.3,16,16.7,15.4,79.1,283.4,3.4,283.4,2.4,1012,-87.2,9.5
6069,07-07-2022,21,0,0,2.4,14.3,13.6,16.6,15.5,91.2,285.1,3.7,285.1,2.7,1012.6,-99.2,7.1
6069,07-07-2022,22,0,0,0,13,12.4,16.5,15.5,93.1,276.2,3.1,276.2,2.3,1012.9,-93.9,4.8
6069,07-07-2022,23,0,0,0,12.3,11.6,16.4,15.5,93.5,262.9,2.4,262.9,1.7,1013.1,-86.3,2.8
6069,08-07-2022,0,0,0,0,11.8,11,16.2,15.5,93.5,273,2.9,273,2.2,1013.1,-89.6,1.2
6069,08-07-2022,1,0,0,0,11.7,11,16.1,15.5,93.5,285.3,3.8,285.3,3,1013.1,-90.4,-0.2
6069,08-07-2022,2,0,0,0,11.7,11.1,15.9,15.5,93.5,286.7,4.3,286.7,3.3,1013.2,-79.1,-1.4
6069,08-07-2022,3,0,0,0.4,12,11.4,15.8,15.5,92.6,300.5,5.1,300.5,3.9,1013.2,-75.6,-2.3
6069,08-07-2022,4,0,0,12,12.4,11.9,15.6,15.4,91.9,294.6,4.7,294.6,3.4,1013.4,-38.5,-2.8
6069,08-07-2022,5,0.1,0,51.6,13.4,13.1,15.5,15.4,90.5,303.1,5.4,303.1,4.1,1013.8,7.7,-3
6069,08-07-2022,6,0,0,97.5,13.8,13.8,15.4,15.3,89.9,301.6,5.4,301.6,4.1,1014.2,45,-2.7
6069,08-07-2022,7,0,0,134,14.3,14.4,15.3,15.3,85.8,299.8,5.8,299.8,4.6,1014.5,69.1,-2
6069,08-07-2022,8,0,0,307.3,14.8,15.4,15.2,15.2,81.7,297.1,5.8,297.1,4.5,1014.7,188.1,-1.2
6069,08-07-2022,9,0,0,561.6,15.8,17.1,15.3,15.2,78.3,295.1,6.3,295.1,4.7,1014.9,347.1,-0.1
6069,08-07-2022,10,0,0,667.9,16.1,17.7,15.3,15.1,73,299.1,7,299.1,5.3,1015.2,426.7,1.9
6069,08-07-2022,11,0,0,704.8,16.3,18,15.4,15.1,72.1,301.8,7.2,301.8,5.7,1015.3,461.5,3.8
6069,08-07-2022,12,0,0,655.3,16.4,17.9,15.6,15.1,72.3,297.8,7.2,297.8,5.4,1015.6,428.6,5.7
6069,08-07-2022,13,0,0,854.4,17.2,19.2,15.7,15.1,69.7,300.8,6.5,300.8,5.1,1015.4,541.6,7
6069,08-07-2022,14,0,0,672.3,17,18.6,15.9,15.1,69.7,293.2,7.3,293.2,5.6,1015.4,404.7,8.7
6069,08-07-2022,15,0,0,677.7,16.7,18.2,16.1,15.1,71.1,294.9,7.5,294.9,5.7,1015.4,395.9,9.6
6069,08-07-2022,16,0,0,450,16.2,17.3,16.2,15.2,72.2,298.4,7.2,298.4,5.6,1015.5,231.6,9.7
6069,08-07-2022,17,0,0,253.5,15.6,16.1,16.3,15.2,76.5,289.6,5.1,289.6,4,1015.3,99.7,8.8
6069,08-07-2022,18,0,0,235.8,15.2,15.8,16.3,15.3,77.8,277.4,5.5,277.4,4.3,1015.2,86.8,7.3
6069,08-07-2022,19,0,0,94.3,14.6,14.6,16.3,15.3,79.7,294.8,5.6,294.8,4.3,1015,20.7,6.1
6069,08-07-2022,20,0,0,21.8,14.2,14.1,16.3,15.3,84.8,291.3,4.9,291.3,3.7,1014.8,-16.2,4.5
6069,08-07-2022,21,0,0,0.8,14.1,13.8,16.2,15.4,88.3,294,4.8,294,3.7,1014.8,-29.9,3.1
6069,08-07-2022,22,0,0,0.2,14.1,13.8,16.1,15.4,91.5,289.6,4.7,289.6,3.7,1014.3,-26.6,2
6069,08-07-2022,23,0,0,0,14.3,14,16,15.4,91.8,290.2,4.6,290.2,3.6,1013.7,-35.2,1.2
6069,09-07-2022,0,0,0,0,14.2,13.9,15.9,15.4,93.5,285.8,4.4,285.8,3.4,1013.3,-31.6,0.7
6069,09-07-2022,1,0,0,0.1,14.1,13.8,15.8,15.4,93.6,294.6,4.9,294.6,3.8,1013.1,-41.7,0.4
6069,09-07-2022,2,0,0,0,14,13.6,15.7,15.3,93.6,289.3,4.8,289.3,3.6,1012.8,-50.1,0.1
6069,09-07-2022,3,0,0,0.8,13.6,13.1,15.6,15.3,93.6,290.9,4.4,290.9,3.4,1012.4,-67.6,-0.1
6069,09-07-2022,4,0,0,16.2,13.4,12.8,15.5,15.3,92.5,297.5,4.9,297.5,3.7,1012.3,-66,-0.5
6069,09-07-2022,5,0,0,102.4,13.3,12.9,15.4,15.2,85.7,297.1,4.1,297.1,3.2,1012.3,-33.2,-1
6069,09-07-2022,6,0,0,256.6,13.9,13.9,15.3,15.2,82.3,298.4,5.3,298.4,4.1,1012.2,86.4,-1.5
6069,09-07-2022,7,0,0,289.3,14.2,14.7,15.3,15.2,73.3,300.1,6.4,300.1,4.9,1012.1,140.1,-1.3
6069,09-07-2022,8,0,0,296.8,13.5,13.9,15.2,15.1,82.1,298.4,6.2,298.4,4.8,1012.1,168.5,-0.8
6069,09-07-2022,9,0,0,530.9,15,15.8,15.2,15.1,61.1,304,7.6,304,5.8,1011.8,313.5,-0.3
6069,09-07-2022,10,0,0,498.9,15.2,16.3,15.2,15.1,66.3,297,7.2,297,5.5,1011.6,312,0.6
6069,09-07-2022,11,0,0,321.9,14.9,15.5,15.3,15,66.7,294.2,7.3,294.2,5.4,1011.6,191.9,1.6
6069,09-07-2022,12,0,0,550,15.2,16.1,15.3,15,63.9,301.3,7.8,301.3,6,1011.4,352.9,2
6069,09-07-2022,13,0.1,0,601.4,15.5,16.7,15.4,15,60.9,298,8.1,298,6,1011.1,386.2,2.4
6069,09-07-2022,14,0,0,486.3,15.3,16.3,15.4,15,62.3,300.2,8.1,300.2,6.1,1011.1,304.4,3.2
6069,09-07-2022,15,0,0,494.9,15.4,16.4,15.5,15,62.2,295.3,8.2,295.3,6.2,1010.8,302,3.6
6069,09-07-2022,16,0,0,319.7,14.9,15.4,15.5,15,63.1,306.7,8.8,306.7,6.5,1010.6,163.4,3.6
6069,09-07-2022,17,0,0,269,14.7,15,15.5,15,65.3,305,7.6,305,5.7,1010.5,120.3,3
6069,09-07-2022,18,0,0,269.6,14.5,14.9,15.5,15,68,301.2,6.9,301.2,5.3,1010.3,97.8,2.3
6069,09-07-2022,19,0,0,109.6,13.6,13.5,15.5,15,71.1,302.2,7.5,302.2,5.8,1010,-12.8,1.6
6069,09-07-2022,20,0,0,19.2,12.7,12,15.4,15,74.5,302.4,6.4,302.4,4.8,1009.8,-80.3,0.5
6069,09-07-2022,21,0,0,2.5,12.1,11.2,15.3,15,79.2,299.6,5.5,299.6,4.2,1009.8,-98,-0.9
6069,09-07-2022,22,0,0,0,11.6,10.8,15.2,15,83.6,297.9,5.3,297.9,4,1009.9,-98.4,-2.2
6069,09-07-2022,23,0,0,0,11.4,10.6,15.1,15,86.3,302,5.2,302,3.9,1009.7,-97.9,-3.2
6069,10-07-2022,0,0,0,0,11.1,10.3,14.9,14.9,88.9,300.6,5.2,300.6,3.8,1009.7,-97.3,-4
6069,10-07-2022,1,0,0,0,10.7,9.8,14.8,14.9,90.7,300,4.4,300,3.3,1009.5,-95.4,-4.5
6069,10-07-2022,2,0,0,0,10.5,9.6,14.7,14.8,93.2,295.3,3.6,295.3,2.7,1009.4,-91.2,-5
6069,10-07-2022,3,0,0,0.9,10.4,9.6,14.5,14.8,94.3,296.6,3.7,296.6,2.8,1009.2,-87.7,-5.4
6069,10-07-2022,4,0,0,22.5,10.8,10.2,14.4,14.8,94.6,292.6,3.3,292.6,2.5,1009.3,-44.8,-5.6
6069,10-07-2022,5,0,0,99.7,11.3,11,14.3,14.7,94.3,294.9,3.1,294.9,2.4,1009.4,-26.7,-5.5
6069,10-07-2022,6,0,0,168.5,12,12,14.2,14.6,91.5,301.9,4.3,301.9,3.3,1009.5,32.8,-5.1
6069,10-07-2022,7,0,0,438.1,13.4,14.5,14.2,14.6,84.6,312.6,4.6,312.6,3.7,1010.1,208.8,-4.4
6069,10-07-2022,8,0,0,519,14.7,16.1,14.2,14.5,76.6,315.1,4.7,315.1,3.7,1010.4,275.3,-3
6069,10-07-2022,9,0,0,637.3,15.8,17.6,14.2,14.5,68.9,309.3,4.5,309.3,3.6,1010.5,365,-1
6069,10-07-2022,10,0,0,780.4,16.9,19.4,14.4,14.4,61.7,308.5,4.5,308.5,3.5,1010.7,476.9,1.6
6069,10-07-2022,11,0,0,856.1,17.5,20.1,14.6,14.4,55.4,307.6,4.8,307.6,3.8,1010.8,537.1,4.8
6069,10-07-2022,12,0,0,882.9,18,20.7,14.8,14.4,56,307.5,4.7,307.5,3.7,1010.7,558.5,7.9
6069,10-07-2022,13,0,0,875.7,18.5,21.3,15.1,14.4,54.1,303.7,4.4,303.7,3.4,1010.9,548.5,10.7
6069,10-07-2022,14,0,0,672.2,18.7,20.8,15.4,14.5,52.9,308.1,4.1,308.1,3.2,1011,391.9,13
6069,10-07-2022,15,0,0,503,18.3,19.8,15.7,14.5,55,317.8,3.9,317.8,3.1,1011.2,271.4,14.2
6069,10-07-2022,16,0,0,343.8,17.6,18.3,15.9,14.6,59.3,324.6,4,324.6,3.2,1011.2,149,13.6
6069,10-07-2022,17,0,0,453.2,18,19.4,16,14.7,58.8,321.5,3.9,321.5,2.9,1011.1,207.9,12
6069,10-07-2022,18,0,0,270.7,17.5,18.2,16,14.8,60.2,307.8,3.9,307.8,3.1,1011.2,68.4,10.8
6069,10-07-2022,19,0,0,156,15.9,16.4,16.1,14.8,70.9,296.3,4.1,296.3,3.2,1011.2,-25.6,9.4
6069,10-07-2022,20,0,0,45.6,14,13.8,16,14.9,82.4,294.1,3.1,294.1,2.3,1011.4,-84.4,7.4
6069,10-07-2022,21,0,0,1.6,12.2,11.2,16,14.9,90.9,292.6,2.5,292.6,1.8,1011.4,-98,5
6069,10-07-2022,22,0,0,0,11.1,10,15.8,15,93.2,283.6,2.3,283.6,1.4,1011.3,-94.3,2.7
6069,10-07-2022,23,0,0,0,10.3,8.4,15.7,15,94.1,275.7,1.3,275.7,0.8,1011.2,-84.4,0.7
6069,11-07-2022,0,0,0,0,9.6,6.8,15.5,15,94,241.4,0.5,241.4,0.2,1011.2,-59.5,-1.2
6069,11-07-2022,1,0,0,0.3,9.4,7.2,15.3,15,94,246,0.5,246,0.6,1011.2,-36.9,-2.9
6069,11-07-2022,2,0,0,0,9.3,7.3,15.1,15,94,258,0.7,258,0.8,1011.1,-39.3,-4.3
6069,11-07-2022,3,0,0,0.8,8.5,5.8,14.9,14.9,94,232.7,0.1,232.7,0.1,1011.1,-30.9,-5.2
6069,11-07-2022,4,0,0,14.7,7.9,5.4,14.7,14.9,95,203.6,0.2,203.6,0,1011.2,-13.4,-6.2
6069,11-07-2022,5,0,0,143.6,9.5,9.3,14.5,14.8,95.2,251,0.8,251,1,1011.5,62,-7.2
6069,11-07-2022,6,0,0,285.8,11.9,12.2,14.3,14.7,94.9,262.2,0.5,262.2,1.4,1012.2,102.6,-7.3
6069,11-07-2022,7,0,0,412.9,13.7,15.5,14.3,14.7,86.7,271.4,1.2,271.4,1.3,1012.8,180.3,-5.4
6069,11-07-2022,8,0,0,545.3,15.5,18.1,14.3,14.6,76.4,263,1.7,263,1.4,1013.4,278.6,-2.7
6069,11-07-2022,9,0,0,662,17.3,20.6,14.4,14.6,64.6,264.4,1.9,264.4,1.7,1013.6,368.8,0.6
6069,11-07-2022,10,0,0,758.8,18.6,22.1,14.6,14.5,58.3,260.6,1.9,260.6,1.6,1013.5,448.3,4.4
6069,11-07-2022,11,0,0,827.3,20,23.8,14.8,14.5,53.5,241.9,1.8,241.9,1.6,1013.4,502.4,8.8
6069,11-07-2022,12,0,0,839.9,21.2,24.8,15.2,14.5,47.2,228.9,2.2,228.9,1.9,1013.4,507.4,13.4
6069,11-07-2022,13,0,0,820.4,21.9,25.5,15.6,14.5,46.8,272.1,2,272.1,1.8,1013.3,492.1,17.4
6069,11-07-2022,14,0,0,737.4,22.6,25.8,16.1,14.6,46.1,261.9,2.3,261.9,2,1013.1,416.8,20.4
6069,11-07-2022,15,0,0,624.5,23.1,25.9,16.4,14.7,45.9,259,2.5,259,2.1,1013,326.1,22
6069,11-07-2022,16,0,0,537.6,22.8,25,16.8,14.8,49.8,281.5,3.3,281.5,2.7,1013.2,258.3,21.9
6069,11-07-2022,17,0,0,424.2,21.4,23,17,14.9,58.9,305.7,4.5,305.7,3.5,1013.4,178.1,20.5
6069,11-07-2022,18,0,0,285.3,19.7,20.7,17.2,15,66.5,295,4,295,3,1013.4,68.3,18.1
6069,11-07-2022,19,0,0,131.4,18.6,18.9,17.2,15.2,69.3,284.5,3.3,284.5,2.6,1013.6,-41.3,15.2
6069,11-07-2022,20,0,0,22.1,16.4,15.8,17.2,15.3,82.3,297.8,2.3,297.8,1.8,1013.8,-69.6,12.2
6069,11-07-2022,21,0,0,1.4,14.9,14.3,17.1,15.4,92.1,282.3,2.2,282.3,1.5,1014,-73,9.2
6069,11-07-2022,22,0,0,0,14.2,14,16.9,15.4,94.6,286.7,3.4,286.7,2.5,1014.3,-27.4,6.7
6069,11-07-2022,23,0,0,0,14,13.6,16.8,15.5,94.7,265.3,2.4,265.3,1.8,1014.3,-66.1,4.9
6069,12-07-2022,0,0,0,0,13.2,12.5,16.6,15.5,94.7,240.6,1.5,240.6,1.5,1014,-71.2,3.6
6069,12-07-2022,1,0,0,0,12.7,12.3,16.5,15.5,94.7,250.5,2,250.5,1.7,1014,-49.2,2.4
6069,12-07-2022,2,0,0,0,12,11.4,16.3,15.5,94.7,242.4,1.1,242.4,1.2,1014,-51.1,1.3
6069,12-07-2022,3,0,0,1.9,11.7,11.1,16.1,15.5,94.6,225.6,1.1,225.6,1.3,1013.8,-33.1,0.3
6069,12-07-2022,4,0,0,32.4,12.1,11.8,16,15.5,94.7,215.2,1.5,215.2,1.3,1014.1,-3.2,-0.6
6069,12-07-2022,5,0,0,108.1,13.2,13.3,15.9,15.4,94.7,230.4,1.4,230.4,1.8,1014.5,25,-1
6069,12-07-2022,6,0,0,137.1,14.3,14.5,15.8,15.4,94.5,235.2,1,235.2,1.6,1014.5,38.5,-0.6
6069,12-07-2022,7,0,0,228.6,15.7,16.3,15.7,15.4,85.8,248.3,2.2,248.3,1.9,1014.7,99.4,0.3
6069,12-07-2022,8,0,0,453.6,17.5,18.9,15.7,15.3,72.1,265.4,3.1,265.4,2.4,1015,236.1,1.6
6069,12-07-2022,9,0,0,666.3,19.5,21.9,15.7,15.3,62.1,260,3.5,260,2.8,1015.3,384.6,3.2
6069,12-07-2022,10,0,0,711.5,21.1,23.9,15.8,15.3,58.4,251.5,3.4,251.5,2.7,1015,421.2,5.7
6069,12-07-2022,11,0,0,749.4,22.5,25,16,15.2,55.3,249.8,3.9,249.8,3.1,1014.6,456.9,8.9
6069,12-07-2022,12,0,0,714.3,23.5,25.7,16.2,15.3,50.8,249.2,4.6,249.2,3.6,1014.2,440,11.8
6069,12-07-2022,13,0,0,443,22.7,23.8,16.5,15.3,51.8,242.5,4.5,242.5,3.6,1013.8,249.2,13.6
6069,12-07-2022,14,0,0,532.3,23,24.3,16.7,15.3,50.3,245.5,4.3,245.5,3.3,1013.6,311.7,13.8
6069,12-07-2022,15,0,0,363.1,22.8,23.5,16.8,15.4,48.4,248.4,4.4,248.4,3.3,1013.4,188,13.4
6069,12-07-2022,16,0,0,230.9,21.4,21.7,17,15.4,50.4,258.3,3.9,258.3,2.9,1013.2,97.8,12.8
6069,12-07-2022,17,0,0,138.2,20.6,20.5,17,15.5,55,240.2,3.3,240.2,2.6,1012.6,38.8,11.5
6069,12-07-2022,18,0,0,105.4,20.4,20.3,17,15.5,63,232.4,2.8,232.4,2.3,1012.3,13.7,10.1
6069,12-07-2022,19,0,0,39.4,19.6,19.2,17,15.6,74.5,227.4,2.2,227.4,1.7,1011.6,-25,8.9
6069,12-07-2022,20,0,0,10.1,18.6,18,17,15.6,85.5,234.2,2.6,234.2,2.1,1011.2,-44.3,7.8
6069,12-07-2022,21,0,0,0.9,17.9,17.4,16.9,15.7,90.1,226.3,1.9,226.3,1.6,1011,-47.6,6.7
6069,12-07-2022,22,0,0,0,17.4,16.8,16.8,15.7,92.4,221.1,1.9,221.1,1.6,1010.4,-44.8,5.7
6069,12-07-2022,23,0,0,0,16.9,16.5,16.7,15.7,92.5,227.2,2.2,227.2,2,1010,-44.8,4.9
6069,13-07-2022,0,0,0,0.1,16.7,16.3,16.7,15.7,92.5,227.2,2.5,227.2,2.1,1009.5,-37.9,4.3
6069,13-07-2022,1,0,0,0,16.5,16.1,16.6,15.7,92.5,239.4,2.6,239.4,2.2,1009.3,-36.4,3.8
6069,13-07-2022,2,0,0,0,16.2,15.8,16.5,15.7,92.5,241.3,2.6,241.3,2,1008.8,-56.6,3.4
6069,13-07-2022,3,0,0,0.8,15.3,14.6,16.5,15.7,92.8,236.8,2.3,236.8,1.8,1008.4,-75.9,3
6069,13-07-2022,4,0.1,0,20.3,15.1,14.6,16.4,15.7,94.7,234.8,2.9,234.8,2.3,1008,-31.6,2.3
6069,13-07-2022,5,0,0,67.8,15.3,15,16.3,15.7,94.7,227.5,2.5,227.5,2.1,1007.7,-20.6,1.8
6069,13-07-2022,6,0,0,244.5,15.8,16,16.2,15.7,94.6,220.8,2.5,220.8,2.2,1007.5,64.9,1.7
6069,13-07-2022,7,0,0,400.8,17.7,18.8,16.2,15.6,84.5,228.8,3.6,228.8,2.9,1007.1,182.5,2.1
6069,13-07-2022,8,0,0,446.3,19.6,21,16.1,15.6,71.9,246.8,4.3,246.8,3.4,1007,239.8,3.1
6069,13-07-2022,9,0,0,500.9,20.2,21.5,16.2,15.6,67.6,244.6,5.2,244.6,4,1006.4,299.2,4.6
6069,13-07-2022,10,0,0,471.5,20.8,21.9,16.3,15.6,62.5,250,6,250,4.6,1006.1,280.5,6.1
6069,13-07-2022,11,0,0,724.9,20.9,22.7,16.4,15.6,67.1,259.7,6.7,259.7,4.9,1006,466.9,7.3
6069,13-07-2022,12,0,0,764.4,20.8,23,16.5,15.6,59,278,7.4,278,5.6,1006.2,480.8,8.7
6069,13-07-2022,13,0,0,696.3,18.6,20.6,16.7,15.6,67.5,296.9,7.2,296.9,5.6,1006.7,427.3,10.3
6069,13-07-2022,14,0,0,754.6,18.7,20.8,16.8,15.6,62.2,294.3,7.6,294.3,5.8,1006.8,462.8,10.8
6069,13-07-2022,15,0,0,556.9,18.2,19.5,16.9,15.7,59.3,298.9,7.3,298.9,5.4,1007,312.6,10.7
6069,13-07-2022,16,0,0,534.3,17.6,19,17,15.7,57.1,302.2,7.3,302.2,5.6,1007.4,278.3,10
6069,13-07-2022,17,0,0,454.1,16.8,18.2,17.1,15.7,59.5,299.8,7.2,299.8,5.5,1007.9,211.3,8.8
6069,13-07-2022,18,0,0,225,15.7,16.1,17,15.8,62.9,293.5,7.3,293.5,5.4,1008,54.6,7.5
6069,13-07-2022,19,0,0,120.6,14.9,14.9,17,15.8,66,294.5,7,294.5,5.3,1008,-26.4,5.7
6069,13-07-2022,20,0,0,27,14.1,13.7,16.8,15.8,72,292.3,5.4,292.3,4,1008,-55.2,3.8
6069,13-07-2022,21,0,0,1.2,13.4,12.9,16.7,15.8,81.1,283.6,4.9,283.6,3.7,1008.2,-79.6,2.1
6069,13-07-2022,22,0,0,0.1,13.1,12.5,16.5,15.8,84.3,287.2,4.3,287.2,3.1,1008.1,-62,0.8
6069,13-07-2022,23,0,0,0.2,12.4,11.7,16.4,15.8,88,275.4,3.4,275.4,2.5,1008.2,-66.8,-0.3
6069,14-07-2022,0,0,0,0,12.5,12,16.2,15.8,90.1,269.3,3.3,269.3,2.3,1008.2,-64.7,-1.2
6069,14-07-2022,1,0,0,0.1,12.6,12,16,15.8,91.6,263.5,3.9,263.5,2.8,1007.9,-43.8,-1.8
6069,14-07-2022,2,0,0,0,12.4,11.9,15.9,15.7,92.2,264.4,3.5,264.4,2.5,1007.4,-31.3,-2.1
6069,14-07-2022,3,0,0,0.5,12,11.4,15.8,15.7,93.1,265.1,2.6,265.1,1.8,1007.2,-62.6,-2.3
6069,14-07-2022,4,0,0,11.5,12.1,11.7,15.7,15.6,93.5,253.5,2.7,253.5,1.9,1007.2,-39.9,-2.5
6069,14-07-2022,5,0,0,82.7,12.6,12.5,15.6,15.6,93.5,264.7,2.9,264.7,2.4,1007.1,-4.1,-2.6
6069,14-07-2022,6,0,0,197.3,13.6,13.8,15.4,15.5,89.2,265.1,3.8,265.1,2.7,1007.2,56.5,-2.5
6069,14-07-2022,7,0,0,316.4,14.5,15.6,15.4,15.4,81.6,269.4,3.7,269.4,2.9,1007.3,158,-1.9
6069,14-07-2022,8,0.6,0,300.4,14.3,15.1,15.4,15.4,81.3,289.1,5.4,289.1,3.9,1007.1,170.7,-0.9
6069,14-07-2022,9,0,0,482.7,14.1,14.8,15.4,15.3,88,280.7,5,280.7,3.7,1006.8,326.2,0.2
6069,14-07-2022,10,0.5,0,334.8,13.6,14.2,15.4,15.3,89,280.8,5.5,280.8,4,1006.6,222.6,1.2
6069,14-07-2022,11,0,0,549.7,14.6,15.5,15.5,15.3,76.2,285,6.5,285,4.8,1006.3,364,2.1
6069,14-07-2022,12,0,0,566,15.6,16.9,15.6,15.3,66.5,285.6,6.5,285.6,4.9,1006,364.8,2.8
6069,14-07-2022,13,0,0,618.2,15.8,17.3,15.6,15.2,65.6,286.2,7,286.2,5.2,1005.6,398.9,3.6
6069,14-07-2022,14,0,0,409.8,15.1,15.9,15.7,15.2,72.3,296.9,6.6,296.9,5,1005.5,258.7,4.4
6069,14-07-2022,15,0,0,562.7,15.9,17.1,15.8,15.2,61.6,289,7.1,289,5.4,1005.5,329.7,4.5
6069,14-07-2022,16,0,0,444.2,15.3,16.2,15.8,15.2,58.1,300.1,8,300.1,6,1005.5,231.1,4.3
6069,14-07-2022,17,0,0,399.1,14.8,15.7,15.9,15.3,56.9,292.1,8.3,292.1,6.3,1005.3,172,3.8
6069,14-07-2022,18,0,0,240.2,14.1,14.5,15.9,15.3,62.1,291.4,7.1,291.4,5.3,1005.1,70.8,2.9
6069,14-07-2022,19,0,0,90.2,13.2,13.1,15.8,15.3,67.7,286.8,6.7,286.8,5,1005,-20.1,1.8
6069,14-07-2022,20,0,0,39.4,12.7,12.3,15.7,15.3,70.6,294.2,7.1,294.2,5.2,1004.9,-64.9,0.5
6069,14-07-2022,21,0,0,1.4,12.5,12,15.6,15.3,73.8,296.1,6.4,296.1,4.7,1005.1,-57.6,-0.8
6069,14-07-2022,22,0,0,0,12.5,12.1,15.5,15.3,75,295.9,6,295.9,4.4,1005.1,-53.5,-1.9
6069,14-07-2022,23,0,0,0,12,11.1,15.3,15.2,77.5,297.5,5.7,297.5,4.2,1005.1,-96.3,-2.5
6069,15-07-2022,0,0,0,0,11.6,10.7,15.2,15.2,82.9,301.2,5.3,301.2,3.9,1005.2,-97.8,-3.2
6069,15-07-2022,1,0,0,0,11.4,10.6,15.1,15.1,86.6,300.7,5.4,300.7,4.1,1005.2,-98.7,-3.8
6069,15-07-2022,2,0,0,0,11.2,10.3,14.9,15.1,88.8,303,4.9,303,3.7,1005.3,-97.3,-4.3
6069,15-07-2022,3,0,0,0.2,11,10.1,14.8,15.1,91.1,294.1,4.6,294.1,3.5,1005.4,-97.1,-4.6
6069,15-07-2022,4,0,0,16.7,10.9,10.1,14.7,15,90.8,297.5,4.3,297.5,3.2,1005.7,-85.8,-4.9
6069,15-07-2022,5,0,0,106.2,11,10.6,14.5,14.9,91.4,286.8,3.4,286.8,2.6,1006.2,-35.8,-5.1
6069,15-07-2022,6,0,0,254.6,12.3,12.2,14.5,14.9,81.8,296.2,4.5,296.2,3.4,1006.7,61.5,-5
6069,15-07-2022,7,0.1,0,385.7,13.3,13.9,14.4,14.8,70.5,305,6.6,305,4.8,1007.1,166.5,-4.5
6069,15-07-2022,8,0,0,520.1,14.4,15.6,14.4,14.8,61.6,302.9,6.4,302.9,4.7,1007.4,270.6,-3.5
6069,15-07-2022,9,0,0,600.5,15.1,16.6,14.4,14.7,57.4,308.8,7.4,308.8,5.6,1007.8,351,-2.3
6069,15-07-2022,10,0,0,629.8,15.5,17.2,14.4,14.7,60,307.8,7,307.8,5.4,1007.8,389.3,-0.8
6069,15-07-2022,11,0,0,419.7,15.1,16.3,14.5,14.6,66.7,297.4,6.5,297.4,5,1008,259.9,0.8
6069,15-07-2022,12,0,0,561.7,15.9,17.5,14.7,14.6,63.9,300.7,6.7,300.7,5.2,1008,359.7,2
6069,15-07-2022,13,0,0,489.4,15.9,17.1,14.7,14.6,62,299.4,7.2,299.4,5.3,1008.1,305.2,3
6069,15-07-2022,14,0,0,653,16.4,18.4,14.9,14.6,64,299.1,7,299.1,5.4,1008.2,410.8,3.6
6069,15-07-2022,15,0,0,296.2,15.3,16.1,15,14.6,68.4,304.7,6.3,304.7,4.8,1008.2,159,4.3
6069,15-07-2022,16,0,0,323.6,15.5,16.3,15.1,14.6,69.1,291.7,6.3,291.7,4.7,1008.1,175.1,4.4
6069,15-07-2022,17,0,0,371.3,15.6,16.1,15.2,14.6,68.1,283.8,5.6,283.8,4.3,1007.9,176.7,4
6069,15-07-2022,18,0,0,115.1,15.1,15.2,15.2,14.7,70.5,282.4,4.7,282.4,3.4,1007.5,9.9,3.5
6069,15-07-2022,19,0,0,73.8,14.7,14.4,15.2,14.7,71.6,268.6,4.2,268.6,3,1007.1,16.9,2.4
6069,15-07-2022,20,0,0,24.7,14,13.3,15.2,14.7,77.4,242.8,2.9,242.8,2.2,1006.4,-7.1,-2.2
6069,15-07-2022,21,0,0,2.4,13.5,12.9,15.1,14.7,86.5,240,3.6,240,2.8,1005.9,-46.8,-7
6069,15-07-2022,22,0,0,0.3,13.1,12.7,15,14.7,92,260,4.8,260,3.5,1005.6,-40.9,-6.2
6069,15-07-2022,23,0,0,0.1,12.5,12.1,14.9,14.7,90.3,297.6,4.5,297.6,3.3,1005.7,-44.1,-5.2
6069,16-07-2022,0,0,0,0,12,11.4,14.8,14.7,88.3,287.8,3.6,287.8,2.7,1005.6,-63,-4.5
6069,16-07-2022,1,0,0,0,11.1,10.4,14.8,14.7,91.7,291,3.9,291,2.8,1005.3,-79.9,-4.3
6069,16-07-2022,2,0,0,0,10.7,9.9,14.7,14.7,90.3,281,3.7,281,2.7,1004.9,-81.3,-4.6
6069,16-07-2022,3,0,0,0.1,10.2,9.4,14.5,14.6,93.3,281.2,3.6,281.2,2.7,1004.6,-91.3,-5.1
6069,16-07-2022,4,0,0,12.2,10.1,9.3,14.4,14.6,94.3,288.1,4,288.1,2.9,1004.5,-84.9,-5.7
6069,16-07-2022,5,0,0,45.4,10.9,10.2,14.3,14.6,89.8,299,5.1,299,3.8,1004.8,-61.3,-6.1
6069,16-07-2022,6,0.1,0,238.2,12.2,12,14.2,14.5,83,307.3,5.9,307.3,4.4,1005.4,58.9,-6.3
6069,16-07-2022,7,0,0,369.6,13.4,14.2,14.1,14.5,77.5,308,5.7,308,4.2,1006.2,171.9,-5.7
6069,16-07-2022,8,0,0,515.6,14.5,15.7,14.1,14.4,68.7,308.4,6.4,308.4,5,1007.2,281.9,-4.1
6069,16-07-2022,9,0,0,655.7,15.7,17.6,14.1,14.4,62.8,311.3,6.2,311.3,4.5,1007.9,379.5,-2
6069,16-07-2022,10,0,0,764.4,16.8,19.2,14.2,14.3,59.2,308.8,5.7,308.8,4.3,1008.5,466.3,0.6
6069,16-07-2022,11,0,0,847,17.3,19.9,14.3,14.3,57.7,304.8,6.3,304.8,4.8,1009.3,534.9,3.6
6069,16-07-2022,12,0,0,833.4,17.6,20.4,14.5,14.3,58.6,303.4,5.8,303.4,4.5,1009.9,528.7,6.8
6069,16-07-2022,13,0,0,835.6,17.7,20.6,14.7,14.3,55.9,293.1,6,293.1,4.7,1010.5,521.4,9.5
6069,16-07-2022,14,0,0,833.3,17.2,20.2,15,14.3,57.2,294.8,6.3,294.8,4.8,1011.1,516.9,11.3
6069,16-07-2022,15,0,0,670.5,16.6,18.9,15.2,14.3,57.8,298.4,6.5,298.4,4.9,1011.3,378.9,12.1
6069,16-07-2022,16,0,0,475.7,16.2,18,15.5,14.4,60,295.5,6.2,295.5,4.8,1011.6,262.4,11.7
6069,16-07-2022,17,0,0,203.8,15,15.5,15.6,14.5,63.3,296.3,6.8,296.3,5.1,1012,85,10.3
6069,16-07-2022,18,0.1,0,208.5,14.7,15.2,15.6,14.5,66.2,296,6.2,296,4.6,1012.4,74.7,7.7
6069,16-07-2022,19,0,0,95.2,13.9,14,15.6,14.6,69.6,292.6,5.7,292.6,4.3,1012.7,2.1,5.4
6069,16-07-2022,20,0,0,24.5,13.2,12.8,15.5,14.6,77.7,292.2,5.1,292.2,3.8,1012.8,-62.4,3.5
6069,16-07-2022,21,0,0,0.2,12.4,11.6,15.4,14.7,83.7,289.2,4.8,289.2,3.5,1012.9,-88.4,1.7
6069,16-07-2022,22,0,0,0,12.2,11.4,15.3,14.7,87.5,284,4.5,284,3.4,1013,-80.9,0
6069,16-07-2022,23,0,0,0,12.3,11.7,15.2,14.7,88.3,292,5,292,3.8,1013.2,-78.8,-1.3
6069,17-07-2022,0,0,0,0,11.8,11,15,14.7,91.7,287.1,4.7,287.1,3.5,1013.1,-96.3,-2.2
6069,17-07-2022,1,0,0,0,11.4,10.7,14.9,14.7,93.4,286.5,4.5,286.5,3.3,1013,-87.5,-2.8
6069,17-07-2022,2,0,0,0.1,11.9,11.3,14.8,14.6,93.3,290,5.3,290,4.2,1013.1,-69.5,-3.4
6069,17-07-2022,3,0,0,0.6,12.2,11.7,14.6,14.6,92.4,290.2,5,290.2,3.9,1013.2,-56.7,-3.6
6069,17-07-2022,4,0,0,10,12.6,12.1,14.5,14.6,89.1,293.2,5.2,293.2,4,1013.6,-42.3,-3.7
6069,17-07-2022,5,0,0,39.3,12.7,12.4,14.4,14.6,88,290.3,4.9,290.3,3.7,1013.9,-15.2,-3.6
6069,17-07-2022,6,0,0,115.3,13,13,14.3,14.5,87.7,291,5,291,3.7,1014.1,19.9,-3.3
6069,17-07-2022,7,0,0,295,13.9,14.4,14.3,14.5,85.7,294.5,5.5,294.5,4.2,1014.6,123.1,-2.7
6069,17-07-2022,8,0,0,511.4,15.3,16.5,14.3,14.4,77.5,300,6.4,300,4.9,1015.3,284.8,-1.9
6069,17-07-2022,9,0,0,585.1,16.2,17.7,14.3,14.4,70.7,294.9,7,294.9,5.4,1016,353.6,-0.1
6069,17-07-2022,10,0,0,450,16.5,18.1,14.4,14.3,75.6,295.9,6.4,295.9,4.9,1016.3,282.2,1.9
6069,17-07-2022,11,0,0,435.2,16.8,18.3,14.5,14.3,77.7,281.6,5.1,281.6,3.9,1016.4,282.7,3.8
6069,17-07-2022,12,0,0,404.2,17.6,19.1,14.6,14.3,71.2,279.6,4.6,279.6,3.3,1016.2,252.8,5.2
6069,17-07-2022,13,0,0,713.1,19.4,21.8,14.8,14.3,62.6,279.9,5.1,279.9,3.8,1016.2,457.1,6.5
6069,17-07-2022,14,0,0,738.6,20,22.5,14.9,14.3,62.1,277.1,5.8,277.1,4.4,1016.1,470.2,8.8
6069,17-07-2022,15,0,0,590.6,20,22.3,15.1,14.4,63.4,279.7,5.3,279.7,4,1015.9,349.7,10.8
6069,17-07-2022,16,0,0,236.6,19.4,20.2,15.4,14.4,67,272.3,4.7,272.3,3.4,1015.7,106.8,11.9
6069,17-07-2022,17,0,0,184.3,18.6,19.1,15.5,14.4,73,258.1,4.9,258.1,3.6,1015.4,77.7,11.2
6069,17-07-2022,18,0,0,107.7,17.6,17.9,15.6,14.5,80.3,253,4.6,253,3.4,1015.2,37.4,9.8
6069,17-07-2022,19,0,0,41.4,17.1,17,15.7,14.6,85.8,255.7,4.5,255.7,3.3,1014.9,-2.1,8.4
6069,17-07-2022,20,0,0,11.2,16.4,16,15.7,14.6,92.7,263.4,3.3,263.4,2.4,1015,-18.1,6.9
6069,17-07-2022,21,0,0,0.8,16,15.6,15.7,14.7,94.4,266.8,3.3,266.8,2.4,1015,-20.9,5.7
6069,17-07-2022,22,0,0,0,15.7,15.4,15.6,14.7,94.8,262.7,3.3,262.7,2.4,1015,-26.4,4.7
6069,17-07-2022,23,0,0,0,15.5,15,15.5,14.7,94.8,254.1,2.9,254.1,2.1,1014.6,-57,4
6069,18-07-2022,0,0,0,0,15.1,14.6,15.5,14.7,94.8,254.2,3,254.2,2.2,1014.4,-56.3,3.3
6069,18-07-2022,1,0,0,0.1,14.9,14.6,15.4,14.7,94.7,236.1,2.7,236.1,2.1,1014.2,-38.8,2.6
6069,18-07-2022,2,0,0,0.1,14.8,14.6,15.3,14.8,94.7,231.7,2.8,231.7,2.3,1014,-31.9,2.2
6069,18-07-2022,3,0,0,0.1,15.2,14.8,15.3,14.7,94.8,227,2.5,227,2.1,1013.6,-33.9,2
6069,18-07-2022,4,0,0,3.6,15.1,14.8,15.2,14.8,94.7,210,1.6,210,1.8,1013.3,-37.9,1.9
6069,18-07-2022,5,0.1,0,11.8,15.1,14.8,15.2,14.8,94.7,211.7,1.8,211.7,1.8,1013.2,-18.8,1.8
6069,18-07-2022,6,0,0,49.5,15.2,15,15.1,14.7,94.7,204.2,2,204.2,2,1013,16.3,1.8
6069,18-07-2022,7,0,0,68.8,15.7,15.6,15.1,14.7,94.8,200.4,2.7,200.4,2.3,1012.7,21.1,1.9
6069,18-07-2022,8,0,0,97.9,16.2,16.2,15.1,14.7,93.7,195,3.6,195,3,1012.4,48.8,2.4
6069,18-07-2022,9,0,0,84.7,16.7,16.6,15.1,14.7,88,196.9,3.1,196.9,2.6,1012.3,31.3,2.8
6069,18-07-2022,10,0,0,111.6,17.5,17.5,15.1,14.7,87.5,180.7,2.6,180.7,2.2,1011.8,41.6,3.3
6069,18-07-2022,11,0,0,214.4,18.6,18.9,15.1,14.7,84.1,167.3,2.6,167.3,2.3,1011.4,112.4,3.9
6069,18-07-2022,12,0,0,308.1,21,22,15.2,14.7,69.9,255.5,2.4,255.5,1.9,1011.4,171.6,5
6069,18-07-2022,13,0,0,607.9,22.2,23.8,15.3,14.7,59.5,232.4,4.4,232.4,3.5,1011.1,384.3,7.3
6069,18-07-2022,14,0,0,581.2,23.6,25.4,15.4,14.7,55.6,228.2,4.8,228.2,4,1010.7,342.8,9.7
6069,18-07-2022,15,0,0,586.5,23.8,25.6,15.6,14.7,55.9,257,4.8,257,3.8,1010.5,335.9,11.7
6069,18-07-2022,16,0,0,514.4,24.1,25.9,15.8,14.7,55.4,253.6,4.9,253.6,3.7,1010.4,264,13
6069,18-07-2022,17,0,0,390.3,23.7,25.2,16.1,14.8,52.4,263,4.5,263,3.3,1010.3,159.9,13.7
6069,18-07-2022,18,0,0,237.5,22.8,23.5,16.2,14.8,56.6,279.1,3.5,279.1,2.6,1010.3,47,13.3
6069,18-07-2022,19,0,0,118.4,21.5,21.7,16.3,14.9,64.6,283.2,3.2,283.2,2.3,1010.4,-40.9,12
6069,18-07-2022,20,0,0,24.3,19.7,19,16.4,15,77.4,268.8,2.1,268.8,1.3,1010.5,-85.5,10.4
6069,18-07-2022,21,0,0,1.2,18.1,16.5,16.3,15,85.2,244.6,1.8,244.6,1.1,1010.6,-88.2,8.4
6069,18-07-2022,22,0,0,0,16.9,15.2,16.3,15.1,91,253.3,2.1,253.3,1.3,1010.6,-86.4,6.3
6069,18-07-2022,23,0,0,0,16,15,16.2,15.1,93.4,256,2.7,256,1.7,1010.6,-85.2,4.5
6069,19-07-2022,0,0,0,0,15.3,14.4,16.1,15.1,93.6,257.3,2.4,257.3,1.7,1010.6,-78.3,3.2
6069,19-07-2022,1,0,0,0,14.7,14,16,15.2,93.6,262.8,1.9,262.8,1.5,1010.7,-59.9,2.4
6069,19-07-2022,2,0,0,0,14.3,13.4,15.9,15.2,93.5,270.3,1.2,270.3,1.2,1010.8,-47.3,1.6
6069,19-07-2022,3,0,0,0.5,13.8,12.3,15.7,15.2,93.5,249.2,0.3,249.2,0.7,1010.7,-40.5,0.8
6069,19-07-2022,4,0,0,15.2,13.1,11.5,15.6,15.1,94.4,204.8,0.6,204.8,0.8,1010.7,-21,-0.1
6069,19-07-2022,5,0.1,0,77.7,12.9,12.7,15.5,15.1,94.8,206.4,0.9,206.4,0.8,1011,22.1,-1.2
6069,19-07-2022,6,0,0,196.7,14,14.5,15.3,15.1,94.8,205.6,0.4,205.6,0.4,1011.5,90.3,-1.3
6069,19-07-2022,7,0,0,294.3,15.6,16.7,15.3,15,94.8,192.2,0.7,192.2,1.6,1011.6,110.7,-0.2
6069,19-07-2022,8,0,0,442.9,18.3,19.9,15.2,15,84.5,211,1.4,211,1.8,1011.9,212.9,1.8
6069,19-07-2022,9,0,0,583.6,21.1,23.8,15.3,15,64.5,230.7,1.7,230.7,1.6,1012.2,314.1,4.5
6069,19-07-2022,10,0,0,679.2,23.1,26.4,15.5,15,57.6,264.5,1.7,264.5,1.5,1012.6,391.2,8.1
6069,19-07-2022,11,0,0,760,24.8,28.1,15.7,14.9,51.6,246.2,2.8,246.2,2.2,1012.4,457.8,12.4
6069,19-07-2022,12,0,0,782.3,26.2,29.7,16.1,15,48.3,268.7,2.1,268.7,1.8,1012.2,472.5,16.3
6069,19-07-2022,13,0,0,769.2,27.4,30.8,16.5,15,42.3,236.6,2.2,236.6,1.7,1012,453.4,20
6069,19-07-2022,14,0,0,687.1,28.5,31.7,16.9,15,34.8,212.4,1.7,212.4,1.5,1011.7,369.6,22.9
6069,19-07-2022,15,0,0,589.7,29.1,31.9,17.3,15.1,34.2,241.5,1.8,241.5,1.5,1011.4,286.9,24.6
6069,19-07-2022,16,0,0,480.2,29.4,31.5,17.7,15.3,34.6,245,1.6,245,1.3,1011.3,203.2,25
6069,19-07-2022,17,0,0,312,29.5,30.6,18,15.4,34,224.7,1,224.7,0.9,1011,77,24
6069,19-07-2022,18,0,0,220,29.4,30,18.1,15.5,36.3,274.6,0.7,274.6,0.5,1010.9,6.4,22.3
6069,19-07-2022,19,0,0,123.4,27.4,27.1,18.3,15.7,46.4,158.1,2.4,158.1,1.6,1010.7,-38.1,20.4
6069,19-07-2022,20,0,0,17.2,24.4,22.5,18.3,15.8,53.6,135,2.5,135,1.8,1010.3,-90.8,18.2
6069,19-07-2022,21,0,0,0.2,22.5,20.8,18.2,15.9,59.8,139.8,3.3,139.8,2.2,1010.3,-94.8,15
6069,19-07-2022,22,0,0,0,20.8,19.3,18.2,16,61.1,143,3.3,143,2.4,1010.1,-93.1,11.9
6069,19-07-2022,23,0,0,0,19.6,17.7,18,16,62.5,138,2.6,138,1.8,1010,-90,9.2
6069,20-07-2022,0,0,0,0,18,16.1,17.8,16.1,73,75.8,1.4,75.8,0.7,1010.2,-86.3,6.9
6069,20-07-2022,1,0,0,0,16.7,14.9,17.7,16.2,84.8,90.9,1.4,90.9,0.8,1010.3,-87.5,5
6069,20-07-2022,2,0,0,0.1,16.4,14.1,17.5,16.2,84,126.2,1.9,126.2,1.1,1009.8,-80.6,3.4
6069,20-07-2022,3,0,0,0,17.1,15.3,17.2,16.2,74.3,135.4,2.7,135.4,1.9,1009.2,-85.1,2.2
6069,20-07-2022,4,0,0,14,18,16.3,17,16.2,69.2,143.2,3.4,143.2,2.4,1008.9,-77.9,1.3
6069,20-07-2022,5,0,0,83.7,19,18,16.9,16.1,63.7,149.4,4.1,149.4,3.3,1008.9,-39.5,0.8
6069,20-07-2022,6,0,0,198.9,20.7,20.2,16.7,16.1,59.9,145.2,4.7,145.2,3.8,1009,29,0.9
6069,20-07-2022,7,0,0,347.1,22.7,23,16.6,16,56.3,146.6,5.6,146.6,4.5,1008.8,132.9,1.6
6069,20-07-2022,8,0,0,489.2,25.1,25.9,16.6,16,51.6,152,5.6,152,4.6,1008.8,235.7,3
6069,20-07-2022,9,0,0,609.7,27.5,29,16.6,16,45.2,151.7,5.8,151.7,4.8,1008.7,323.2,5.1
6069,20-07-2022,10,0,0,703.2,29.9,31.7,16.7,15.9,39.7,154.8,6.2,154.8,4.9,1008.6,398.7,7.7
6069,20-07-2022,11,0,0,750,31.5,33.3,16.9,15.9,36,154.6,6.4,154.6,5.3,1008.4,439.6,10.4
6069,20-07-2022,12,0,0,798.1,32.8,34.8,17.1,15.9,33.9,158.9,5.8,158.9,4.7,1008.4,474.1,12.9
6069,20-07-2022,13,0,0,781.1,33.8,35.8,17.4,15.9,31.9,165.1,6.1,165.1,4.9,1008,454.8,15.4
6069,20-07-2022,14,0,0,723.8,34.6,36.2,17.7,15.9,30.5,155.4,6.3,155.4,5.1,1007.6,405.1,17.1
6069,20-07-2022,15,0,0,518.6,34.5,35.4,18,16,29.4,161.2,6.4,161.2,5.1,1007.4,243.6,17.9
6069,20-07-2022,16,0,0,384.8,33.8,33.9,18.2,16.1,30.3,157.3,5.5,157.3,4.3,1007,147.6,17.7
6069,20-07-2022,17,0,0,359.3,33.2,33.4,18.4,16.2,33.6,175,5.4,175,4.4,1007,122.6,16.6
6069,20-07-2022,18,0,0,243.2,31.4,31.1,18.5,16.3,39.1,197.2,3.6,197.2,3,1007.2,30.7,15.8
6069,20-07-2022,19,0,0,101.6,30.4,29.2,18.6,16.4,41.4,185.9,3.4,185.9,2.6,1007.2,-25.6,16.7
6069,20-07-2022,20,0,0,28.1,27.4,26,18.6,16.4,47.4,227.7,2.9,227.7,2.2,1007.6,-47.9,18.2
6069,20-07-2022,21,0,0,1.7,24,22.6,18.6,16.5,64,242.5,3,242.5,2.2,1007.9,-95.6,12.3
6069,20-07-2022,22,0,0,0,20.5,19.7,18.5,16.6,86.1,242.8,3.2,242.8,2.4,1008.2,-93.2,9.7
6069,20-07-2022,23,0,0,0,18.7,17.2,18.4,16.6,92.3,195.2,0.8,195.2,0.8,1008.2,-82.6,8.3
6069,21-07-2022,0,0,0,0,17.6,15.3,18.3,16.6,93.4,177.2,0.8,177.2,0.4,1007.7,-59.3,7
6069,21-07-2022,1,0,0,0,16.9,14.7,18.1,16.7,93.6,205,1,205,0.3,1007.4,-44,5
6069,21-07-2022,2,0,0,0.1,16.5,14.7,17.9,16.7,93.6,251.7,1.7,251.7,0.8,1007,-38.8,3.3
6069,21-07-2022,3,0.1,0,0.8,16.5,15.4,17.7,16.7,93.6,237.1,1.5,237.1,0.7,1006.7,-36,2.1
6069,21-07-2022,4,0,0,17.3,16.2,14.5,17.5,16.7,93.6,239,0.8,239,0.2,1006.3,-21.7,1.7
6069,21-07-2022,5,0,0,48.7,16.4,15.8,17.4,16.6,93.6,234.2,1.1,234.2,0.5,1006.3,13.9,1.3
6069,21-07-2022,6,0,0,92.9,16.6,16.9,17.2,16.6,93.6,280.4,1.6,280.4,1.1,1006.5,51.4,1.5
6069,21-07-2022,7,0,0,274.2,17.5,18.5,17.1,16.5,93.6,268,1.5,268,1.2,1006.7,141.7,2.7
6069,21-07-2022,8,0,0,430.7,19.7,21.7,17.1,16.5,90.2,288,1.8,288,1.4,1006.9,222.8,4.9
6069,21-07-2022,9,0,0,537.8,21.7,24.4,17.2,16.4,81.1,306,2.2,306,1.7,1006.9,300.7,8
6069,21-07-2022,10,0,0,500,22.6,25.2,17.3,16.4,77.8,306.7,2.6,306.7,2,1006.6,284.5,11.8
6069,21-07-2022,11,0,0,441.2,22.5,24.5,17.5,16.4,75.2,279.1,3.2,279.1,2.4,1006.4,256.3,14.9
6069,21-07-2022,12,0,0,306.1,21.9,23.6,17.7,16.4,75.4,274.1,3.4,274.1,2.5,1006.3,163.3,16.4
6069,21-07-2022,13,0,0,593,21.9,24.4,17.9,16.4,76.2,289.9,3.9,289.9,2.9,1006.3,369,16.6
6069,21-07-2022,14,0,0,569,21.9,24.6,18.1,16.5,74.9,286.2,4.1,286.2,3.2,1006.3,343.1,17
6069,21-07-2022,15,0,0,423.2,21.3,23.6,18.2,16.5,76.3,279.5,3.7,279.5,2.6,1006.2,236.9,17.8
6069,21-07-2022,16,0,0,322.9,20.7,22.4,18.4,16.5,78.7,272.8,3.8,272.8,2.8,1006.3,171.2,17.4
6069,21-07-2022,17,0,0,291.2,19.8,21.2,18.5,16.6,81.2,274.9,3.9,274.9,2.9,1006,141.7,16.4
6069,21-07-2022,18,0,0,149.6,18.3,19.2,18.5,16.7,84.3,274.4,4.1,274.4,3,1005.8,57.8,14.8
6069,21-07-2022,19,0,0,26.8,17.3,17.5,18.5,16.7,87.8,272.5,3.4,272.5,2.4,1005.9,-21.8,12.7
6069,21-07-2022,20,0,0,2.6,16.4,16.4,18.5,16.8,90.3,261.9,3,261.9,2.2,1006.2,-28.8,10.3
6069,21-07-2022,21,0,0,0,15.7,15.6,18.4,16.8,92.7,281.4,3.6,281.4,2.6,1005.8,-34.3,8
6069,21-07-2022,22,0,0,0,15.4,15.3,18.2,16.8,93,262.9,3.7,262.9,2.6,1005.8,-25.5,6.1
6069,21-07-2022,23,0,0,0.1,15.2,15,18,16.8,93,274.6,3.8,274.6,2.7,1005.5,-28.6,4.6
6069,22-07-2022,0,0,0,0.2,15,14.9,17.9,16.8,93,268,3.8,268,2.7,1005.2,-24.5,3.5
6069,22-07-2022,1,0,0,0.1,14.7,14.7,17.7,16.8,93.1,264.4,4.4,264.4,3,1005.1,-22.8,2.7
6069,22-07-2022,2,0,0,0,14.3,14.3,17.6,16.8,93,260.4,4.7,260.4,3.3,1004.8,-21.7,2.1
6069,22-07-2022,3,0,0,0.1,14.2,14.1,17.5,16.8,93,261.5,4.9,261.5,3.4,1004.6,-21.1,1.4
6069,22-07-2022,4,0,0,6.6,14,14,17.3,16.7,92.9,256.5,5.1,256.5,3.4,1004.4,-16.9,0.8
6069,22-07-2022,5,0,0,29.1,13.9,14,17.2,16.7,92.4,254.5,4.3,254.5,3.2,1004.4,-0.5,0.3
6069,22-07-2022,6,0,0,54.7,13.9,14.1,17.1,16.6,92.3,258.2,4.9,258.2,3.5,1004.3,18.9,-0.1
6069,22-07-2022,7,0,0,95.5,14.2,14.6,17,16.6,92,255.2,4.9,255.2,3.5,1004.4,46,-0.2
6069,22-07-2022,8,0,0,101.4,14.5,14.9,16.9,16.5,91.8,257.1,4.7,257.1,3.4,1004.4,51.4,0
6069,22-07-2022,9,0,0,171.2,14.5,15,16.8,16.5,94.1,251.6,4.1,251.6,3,1004.7,105,0.3
6069,22-07-2022,10,0,0,247,15.7,16.6,16.8,16.4,90.2,247.9,4.5,247.9,3.3,1004.8,157.1,0.9
6069,22-07-2022,11,0,0,322.6,16.6,18,16.7,16.4,84.6,252.6,4.8,252.6,3.6,1005.1,208.1,1.9
6069,22-07-2022,12,0,0,211.5,16.3,17.3,16.7,16.4,85.8,255.8,5.2,255.8,3.9,1005.5,127.2,3.1
6069,22-07-2022,13,0,0,395.1,16.6,18.2,16.8,16.3,87.1,252.9,5.4,252.9,4.1,1005.6,261.7,3.8
6069,22-07-2022,14,0,0,245.5,16.8,17.9,16.8,16.3,87.2,245.4,4.6,245.4,3.6,1005.8,153.7,4.6
6069,22-07-2022,15,0,0,147.7,16.9,17.7,16.9,16.3,87.3,246.5,4.3,246.5,3.2,1006,79.7,5.2
6069,22-07-2022,16,0,0,102,16.6,17.2,16.9,16.3,90,243.7,4,243.7,3,1006.1,48.8,5.3
6069,22-07-2022,17,0,0,51.8,16,16.3,16.9,16.3,92.4,236.7,3.9,236.7,3,1006,16.4,5
6069,22-07-2022,18,0,0,36.4,15.9,16.1,16.9,16.2,93.3,247.9,3.6,247.9,2.7,1006.1,5.3,4.4
6069,22-07-2022,19,0,0,15.6,15.6,15.8,16.9,16.2,94.9,253.8,3.3,253.8,2.3,1006.2,-9.6,3.7
6069,22-07-2022,20,0,0,2.6,15.2,15.3,16.8,16.2,95.3,255.8,3,255.8,2.2,1006.4,-16.7,3.2
6069,22-07-2022,21,0,0,0.2,14.8,14.9,16.8,16.2,95.3,252.7,2.8,252.7,2,1006.4,-16.5,2.7
6069,22-07-2022,22,0,0,0.4,14.9,14.9,16.7,16.2,95.3,252.7,2.5,252.7,1.8,1006.7,-15.7,2.3
6069,22-07-2022,23,0,0,0.1,14.8,14.9,16.7,16.2,95.3,245.9,2.6,245.9,1.9,1006.8,-16.2,2
6069,23-07-2022,0,0,0,0,14.8,14.8,16.6,16.2,95.3,260.5,2.4,260.5,1.8,1006.4,-15.9,1.8
6069,23-07-2022,1,0,0,0.1,14.9,14.9,16.5,16.1,95.3,263.8,2.3,263.8,1.5,1006.1,-15.7,1.6
6069,23-07-2022,2,0,0,0.1,15,15.1,16.5,16.1,95.3,261.2,1.8,261.2,1.3,1006.1,-15.6,1.5
6069,23-07-2022,3,0.1,0,0.1,15.3,15.3,16.4,16.1,95.3,285.4,1.4,285.4,0.9,1005.9,-15.3,1.5
6069,23-07-2022,4,0,0,2.1,15.5,15.5,16.4,16.1,95.3,254.2,1.2,254.2,0.8,1005.9,-13.8,1.5
6069,23-07-2022,5,0.1,0,13.5,15.4,15.4,16.4,16,95.3,259.4,1.5,259.4,1.1,1005.9,-5.7,1.7
6069,23-07-2022,6,0,0,58.4,15.4,15.6,16.3,16,95.3,310.1,1.7,310.1,1.2,1005.8,30.3,1.8
6069,23-07-2022,7,0,0,70.8,15.6,15.9,16.3,16,95.3,310.6,1.7,310.6,1.3,1005.9,38.7,2.2
6069,23-07-2022,8,0,0,100,15.7,16.1,16.3,16,95.3,313.7,1.7,313.7,1.3,1006.1,59.7,2.8
6069,23-07-2022,9,0.3,0,85,15.6,15.9,16.3,15.9,95.3,284.3,2.6,284.3,2,1006.5,51,3.5
6069,23-07-2022,10,0.1,0,188.8,15,15.6,16.4,15.9,95.3,287.1,4.3,287.1,3.1,1006.8,129.5,3.7
6069,23-07-2022,11,0,0,165.6,14.7,15.2,16.4,15.9,95.3,291.1,4.2,291.1,3,1007.1,112,4
6069,23-07-2022,12,0,0,147.8,14.9,15.4,16.4,15.9,95.3,292.9,3.8,292.9,2.8,1007.4,98,4.1
6069,23-07-2022,13,0,0,105.4,14.5,15,16.4,15.9,95.3,284,3.6,284,2.7,1007.5,67.6,4.1
6069,23-07-2022,14,0.3,0,117.6,14,14.4,16.4,15.9,95.3,275.9,3.9,275.9,2.8,1007.8,76.1,4
6069,23-07-2022,15,0.3,0,100.6,13.6,13.9,16.4,15.9,95.3,281.4,4,281.4,3,1008.2,63.3,3.5
6069,23-07-2022,16,0,0,100.2,13.6,13.6,16.4,15.9,95.3,287.3,4.5,287.3,3.3,1008.6,58.7,3
6069,23-07-2022,17,0,0,71.3,13.2,13.2,16.4,15.9,95.3,287.2,3.8,287.2,2.8,1008.8,35.8,2.5
6069,23-07-2022,18,0,0,65.1,13.4,13.1,16.3,15.9,94.8,285.2,3,285.2,2.4,1009,30,2
6069,23-07-2022,19,0,0,32.2,13.6,12.9,16.3,15.8,90.1,287.8,3.4,287.8,2.5,1009.2,3.1,1.5
6069,23-07-2022,20,0,0,18.3,13.3,12.5,16.2,15.8,85.2,282.6,3.3,282.6,2.3,1009.3,-24.3,0.9
6069,23-07-2022,21,0,0,0,12,10.7,16.1,15.8,86.3,273.5,2.1,273.5,1.4,1009.6,-83.7,0.1
6069,23-07-2022,22,0,0,0.2,11.4,10.2,16.1,15.8,87.9,258.5,1.4,258.5,0.7,1009.6,-42.4,-1.1
6069,23-07-2022,23,0,0,0,11.4,9.8,15.9,15.8,88.7,245.2,1.1,245.2,0.2,1009.6,-63.2,-2.2
6069,24-07-2022,0,0,0,0.2,10.7,9.1,15.8,15.7,90.1,216.7,1.4,216.7,0.7,1009.5,-65.4,-3
6069,24-07-2022,1,0,0,0,9.6,7.7,15.7,15.7,92.3,192,1.3,192,0.5,1009.3,-63.5,-4
6069,24-07-2022,2,0,0,0,9.1,7.3,15.5,15.7,93.3,189.8,1.3,189.8,0.3,1009.2,-41,-5.2
6069,24-07-2022,3,0,0,0,8.7,7.2,15.3,15.6,93.8,183.2,1.5,183.2,0.8,1009.1,-31.8,-6.4
6069,24-07-2022,4,0,0,12.2,8.6,7.8,15.1,15.5,93.8,190.3,2.2,190.3,1.4,1009.2,-20.1,-7.3
6069,24-07-2022,5,0,0,91.2,9.8,9.5,15,15.5,93.8,196.9,2.5,196.9,1.9,1009.1,17.1,-7.8
6069,24-07-2022,6,0,0,216.3,11.8,12,14.8,15.4,93.8,195.6,2.8,195.6,2.3,1009.1,63.8,-7.5
6069,24-07-2022,7,0,0,253.3,14.1,14.9,14.7,15.3,93.6,192.8,3.4,192.8,2.8,1008.9,124,-6.2
6069,24-07-2022,8,0,0,293.7,15.7,16.6,14.7,15.3,89.6,180.2,4.3,180.2,3.6,1008.6,177,-3.8
6069,24-07-2022,9,0,0,243.6,16.7,17.3,14.8,15.2,81.5,176.6,4.6,176.6,3.8,1008.3,141.5,-1.3
6069,24-07-2022,10,0,0,366.6,17.9,18.9,14.9,15.1,78,174,5.1,174,4.2,1007.9,225.7,0.8
6069,24-07-2022,11,0,0,431.7,19.6,20.7,15,15.1,72,176.1,5.3,176.1,4.4,1007.5,265.5,2.6
6069,24-07-2022,12,0,0,348.1,20.5,21.3,15.1,15,68.4,176.7,5.4,176.7,4.3,1007.1,205.9,4.6
6069,24-07-2022,13,0,0,196.8,21.1,21.4,15.3,15.1,67,189,4.6,189,3.7,1006.6,99.2,6.1
6069,24-07-2022,14,0,0,227.3,20.8,21.1,15.5,15.1,69,214.2,4.5,214.2,3.5,1006.7,124.1,6.9
6069,24-07-2022,15,0,0,300.2,20.8,21.5,15.6,15.1,69.1,205.7,5,205.7,4.1,1006.2,176.6,7.3
6069,24-07-2022,16,0,0,266.8,20.8,21.4,15.8,15.1,68.6,207.5,5.4,207.5,4.3,1005.9,147.2,7.8
6069,24-07-2022,17,0.1,0,219.8,20.6,21,15.9,15.1,72.1,215.1,4.7,215.1,3.7,1005.4,104,8.1
6069,24-07-2022,18,0,0,82.3,19.3,19,16,15.2,81.3,222.4,4.1,222.4,3.2,1005.2,28.6,8.1
6069,24-07-2022,19,0,0,58,18.8,18.7,16.1,15.2,86,215.6,3.8,215.6,3,1005.1,7.7,7.6
6069,24-07-2022,20,0,0,10.1,18.2,17.9,16.1,15.2,90.2,209.6,2.9,209.6,2.3,1005,-27.8,6.9
6069,24-07-2022,21,0,0,0.4,17.9,17.4,16.1,15.3,91.8,191.5,2.3,191.5,1.9,1005,-36.6,6.1
6069,24-07-2022,22,0,0,0.3,17.9,17.4,16.1,15.3,91.9,192.6,3.1,192.6,2.4,1004.7,-45,5.3
6069,24-07-2022,23,0,0,0,17.4,16.9,16.1,15.3,92.8,172.5,3.9,172.5,3,1003.9,-56.3,4.7
6069,25-07-2022,0,0,0,0.1,17.2,16.7,16,15.3,93.1,172.6,4.1,172.6,3.3,1003.2,-52.3,4.1
6069,25-07-2022,1,0,0,0.3,17,16.6,16,15.4,93.1,171.6,4.3,171.6,3.4,1002.7,-38.3,3.6
6069,25-07-2022,2,0.4,0,0.1,16.7,16.4,16,15.4,93.1,171.7,3.9,171.7,3,1002.4,-23.4,3.3
6069,25-07-2022,3,1.7,0,0.1,16.6,16.2,15.9,15.4,93.2,174.4,4.1,174.4,3.4,1001.9,-20.1,3.1
6069,25-07-2022,4,1.2,0,1.5,16.9,16.6,15.9,15.4,94.2,178.8,4,178.8,3.2,1001.4,-25.5,3
6069,25-07-2022,5,0.6,0,16.8,17.4,17.1,15.9,15.4,94.2,172.2,4.3,172.2,3.4,1000.2,-16.3,3
6069,25-07-2022,6,0,0,80.3,18,17.7,15.9,15.4,94.2,167.4,5,167.4,3.9,999.7,20.5,3.4
6069,25-07-2022,7,0.4,0,100.8,18.4,18.1,15.9,15.4,94.2,172.8,5.2,172.8,4.2,999.4,48.4,4.1
6069,25-07-2022,8,1,0,80.4,18.3,18.1,15.9,15.4,94.2,177.2,3.8,177.2,3,998.8,34.1,5.1
6069,25-07-2022,9,1.7,0,82.2,18.5,18.4,16,15.4,94.2,209.3,1.4,209.3,1.3,998.7,37.5,6
6069,25-07-2022,10,3.3,0,79,18.2,18.1,16.1,15.4,94.2,230.9,1.6,230.9,1.2,999,42.6,7.5
6069,25-07-2022,11,0.4,0,79.6,18.4,18.2,16.2,15.4,94.2,176.3,1.5,176.3,1.2,998.6,36,8.6
6069,25-07-2022,12,7.7,0,81,18.2,18.2,16.3,15.4,94.2,145.9,1.5,145.9,1.3,998.1,44.9,9.9
6069,25-07-2022,13,0.1,0,392.9,19,19.7,16.5,15.5,94.2,130.9,2.7,130.9,2.2,997.6,246.9,11.3
6069,25-07-2022,14,0,0,381.9,19.7,20.7,16.6,15.6,94.3,148.4,3.4,148.4,2.8,997.3,220.1,12.1
6069,25-07-2022,15,0,0,254.9,20.3,21.2,16.8,15.6,91.4,186.6,2,186.6,2,996.8,134.6,13.7
6069,25-07-2022,16,0,0,462.6,21.6,23,17,15.6,76.6,229.8,3,229.8,2.5,996.5,250.7,14.8
6069,25-07-2022,17,0,0,283.9,21.2,21.9,17.2,15.7,70.3,249.6,4.1,249.6,3,996.1,120.6,15.5
6069,25-07-2022,18,0,0,130.1,20,20.1,17.3,15.8,76.8,256.4,4.2,256.4,3.1,996.2,14.3,15.1
6069,25-07-2022,19,0,0,45.3,19,18.7,17.4,15.8,80.2,259,3.8,259,2.8,996.3,-22,13.4
6069,25-07-2022,20,0,0,6.6,17.7,17.4,17.5,15.9,88.3,248.7,3.9,248.7,2.9,996.3,-50.4,11.3
6069,25-07-2022,21,0,0,0.5,17,16.6,17.4,16,91.7,244,3.7,244,2.9,996.3,-40,9.2
6069,25-07-2022,22,0,0,0,16.3,15.9,17.3,16,92.1,236.4,2.7,236.4,2.3,996.4,-58,7.4
6069,25-07-2022,23,0,0,0,16,15.7,17.2,16.1,92.5,237.9,2.2,237.9,2.1,996.3,-40.4,5.9
6069,26-07-2022,0,0,0,0.1,15.6,15.1,17.1,16.1,92.5,240.2,2.3,240.2,1.9,996.1,-58.9,4.8
6069,26-07-2022,1,0,0,0,15.3,15,17,16.1,92.5,253,2.3,253,2,996,-38.6,3.8
6069,26-07-2022,2,0.1,0,0.3,14.8,14.7,16.9,16.1,92.5,287.7,4.1,287.7,2.9,996.4,-15.2,3.1
6069,26-07-2022,3,0,0,0.3,13.7,13.3,16.8,16.1,92.3,300.6,4.3,300.6,3.2,996.9,-14.7,2.6
6069,26-07-2022,4,0,0,6.7,13.4,12.9,16.7,16.1,91.1,288.7,4,288.7,3,997.2,-14.3,1.9
6069,26-07-2022,5,0,0,78.3,13.2,12.9,16.6,16.1,89,287.7,4.1,287.7,3,997.7,-0.7,0.9
6069,26-07-2022,6,0,0,198.4,13.5,13.5,16.5,16.1,84.6,292.4,5.4,292.4,4,998.1,98.4,0
6069,26-07-2022,7,0,0,204.5,13.6,13.9,16.4,16,77.5,289.1,6.2,289.1,4.5,998.7,85,-0.2
6069,26-07-2022,8,0,0,374.5,13.6,14.3,16.3,16,81.6,279.8,5.9,279.8,4.1,999.2,209.5,-0.3
6069,26-07-2022,9,0,0,498.1,14.2,15.3,16.3,16,73.9,287.5,7.2,287.5,5.3,999.6,301.5,0.1
6069,26-07-2022,10,0,0,441.2,14.4,15.4,16.2,15.9,71.4,285.3,6.7,285.3,5,1000.1,271,1
6069,26-07-2022,11,0.2,0,422.6,13.4,13.9,16.3,15.9,81.6,286.2,6.9,286.2,5.1,1000.6,279.9,1.7
6069,26-07-2022,12,0,0,492.1,13.7,14.3,16.3,15.9,81.9,286.6,6.8,286.6,5.1,1001,332.7,2
6069,26-07-2022,13,0,0,551.4,14,14.8,16.3,15.8,74.6,284.5,7.8,284.5,5.7,1001.3,361.7,2.4
6069,26-07-2022,14,0,0,478.5,14.6,15.7,16.3,15.8,68.8,290.2,7.3,290.2,5.5,1001.6,290.3,2.8
6069,26-07-2022,15,0,0,332.9,14.4,15.1,16.3,15.8,67.8,283.2,7.7,283.2,5.6,1002,192.7,2.9
6069,26-07-2022,16,0,0,269.6,14.3,14.7,16.4,15.8,65.6,281.8,7.3,281.8,5.2,1002.3,150,2.4
6069,26-07-2022,17,0,0,210.7,13.1,13.3,16.3,15.8,81.2,281.6,6.3,281.6,4.7,1002.3,111.8,1.7
6069,26-07-2022,18,0,0,137.5,13.4,13.5,16.3,15.8,74.3,276.4,6.7,276.4,4.9,1002.2,45,0.9
6069,26-07-2022,19,0,0,52.9,12.2,12.1,16.2,15.8,89,271.1,5.8,271.1,4.1,1002.2,9.3,-0.1
6069,26-07-2022,20,0.1,0,8.1,12,11.7,16.1,15.8,90,278.8,5.6,278.8,4.1,1002.2,-19.2,-1.1
6069,26-07-2022,21,0,0,0.1,11.9,11.5,16,15.8,86.6,288.8,5.9,288.8,4.2,1002.2,-27.8,-2
6069,26-07-2022,22,0,0,0.1,12,11.6,15.9,15.7,83.6,286.2,6,286.2,4.3,1002.4,-24,-2.8
6069,26-07-2022,23,0,0,0.2,12,11.6,15.7,15.7,84.1,289.4,6.2,289.4,4.5,1002.4,-23.2,-3.6
6069,27-07-2022,0,0,0,0.2,12.3,11.9,15.6,15.6,81,285,6.2,285,4.4,1002.4,-27.5,-4.2
6069,27-07-2022,1,0,0,0.1,12,11.7,15.5,15.6,84.3,290.1,5.8,290.1,4.4,1002.4,-24.1,-4.6
6069,27-07-2022,2,0.1,0,0.2,12.2,11.8,15.4,15.5,79.4,294.1,6.5,294.1,4.6,1002.4,-26,-4.8
6069,27-07-2022,3,0,0,0.1,12.1,11.7,15.2,15.5,80.5,296.3,6.4,296.3,4.6,1002.4,-23.8,-5.1
6069,27-07-2022,4,0,0,3.2,12,11.7,15.1,15.4,82.5,296.8,6.5,296.8,4.7,1002.5,-20.5,-5.4
6069,27-07-2022,5,0,0,33,12.2,12,15,15.4,80.6,295.4,6.3,295.4,4.7,1002.7,-2.4,-5.5
6069,27-07-2022,6,0,0,99.7,12.5,12.6,15,15.3,80.9,295.1,6.4,295.1,4.4,1002.8,42,-5.5
6069,27-07-2022,7,0,0,171.8,12.9,13.1,14.9,15.3,80.7,297.6,5.7,297.6,4.3,1003.5,94.3,-5.1
6069,27-07-2022,8,0,0,281.8,13.7,14.3,14.8,15.2,77.2,306.3,6.4,306.3,4.7,1004.1,169.6,-4.4
6069,27-07-2022,9,0,0,388.9,14.6,15.6,14.8,15.1,75,295.7,5.7,295.7,4.2,1004.7,244.1,-3.1
6069,27-07-2022,10,0,0,449.1,15.3,16.6,14.9,15.1,70.9,291.2,5.7,291.2,4.2,1005.3,290.3,-1.6
6069,27-07-2022,11,0,0,444.3,15.6,17,14.9,15.1,69.5,290.7,5.3,290.7,4,1005.8,288.3,0.3
6069,27-07-2022,12,0,0,446.8,15.6,16.9,15.1,15,68,293,5.4,293,4,1006.1,283.9,2
6069,27-07-2022,13,0,0,581.1,15.7,17.5,15.2,15,66.1,294.5,5.9,294.5,4.3,1006.5,373.4,3.1
6069,27-07-2022,14,0,0,501.2,15.7,17.2,15.3,15,64.2,283.3,5.9,283.3,4.5,1006.8,302.6,4.1
6069,27-07-2022,15,0,0,534.4,15.5,17.1,15.5,15,63.8,285.4,6.1,285.4,4.5,1007.3,320.2,4.9
6069,27-07-2022,16,0,0,406.5,15,16.2,15.6,15,64.5,297.4,6.4,297.4,4.7,1007.2,203.5,5.3
6069,27-07-2022,17,0,0,296.3,14.7,15.5,15.7,15.1,66,301.7,6.1,301.7,4.7,1007.3,119.5,4.8
6069,27-07-2022,18,0,0,137.9,14.1,14.3,15.7,15.1,68,293.6,5.5,293.6,4.1,1007.3,32.8,3.7
6069,27-07-2022,19,0,0,66.7,13.5,13.5,15.7,15.1,72,287.6,4.5,287.6,3.2,1007.3,-4.7,2.3
6069,27-07-2022,20,0,0,10.9,13,12.8,15.6,15.1,75.7,278,3.7,278,2.6,1007.7,-22.7,1
6069,27-07-2022,21,0,0,0.3,12.6,12.4,15.5,15.2,78.2,283,4.3,283,3.1,1008.1,-26.8,-0.2
6069,27-07-2022,22,0,0,0,12.4,12.2,15.4,15.1,80.1,280.4,4.3,280.4,3.1,1008.2,-25.7,-1.2
6069,27-07-2022,23,0,0,0.3,12.4,12.1,15.3,15.2,80.4,289.8,4.2,289.8,3.2,1008.4,-25.4,-2.1
6069,28-07-2022,0,0,0,0.1,12.2,11.9,15.2,15.1,82.9,288.1,3.6,288.1,2.6,1008.5,-26.9,-2.7
6069,28-07-2022,1,0,0,0.1,12.2,11.9,15.1,15.1,84.6,298.8,3.6,298.8,2.8,1008.5,-31,-3.1
6069,28-07-2022,2,0,0,0,12.1,11.7,15,15.1,83.1,308.1,4.5,308.1,3.5,1008.7,-43.8,-3.4
6069,28-07-2022,3,0,0,0.1,12,11.7,14.9,15,84.9,306.4,3.4,306.4,2.3,1008.9,-24.9,-3.7
6069,28-07-2022,4,0,0,6,11.9,11.6,14.8,15,84.4,300.7,3.6,300.7,2.6,1009.2,-31.6,-4
6069,28-07-2022,5,0,0,58.8,11.9,11.7,14.8,15,84.3,307.9,3.3,307.9,2.5,1009.5,-8.3,-4
6069,28-07-2022,6,0,0,139.7,12.3,12.5,14.7,14.9,83.2,310.1,3.6,310.1,2.6,1010,36.8,-4.1
6069,28-07-2022,7,0,0,181.9,13,13.7,14.6,14.9,81.1,300.2,2.8,300.2,2.1,1010.6,94,-3.6
6069,28-07-2022,8,0,0,239.3,13.5,14.4,14.6,14.8,77.1,305,3.2,305,2.5,1010.9,136.2,-2.6
6069,28-07-2022,9,0,0,429.9,14.2,15.9,14.6,14.8,74,302,2.8,302,2.3,1011.2,254.4,-1.2
6069,28-07-2022,10,0,0,591.1,15.2,17.6,14.7,14.8,69.7,277.2,2.6,277.2,2.1,1011.8,363.1,0.9
6069,28-07-2022,11,0,0,673.6,16.2,18.9,14.8,14.7,65.9,290.2,2.4,290.2,1.8,1012.1,411.3,3.6
6069,28-07-2022,12,0,0,840.1,17.3,20.9,15.1,14.7,61.5,274.7,2.1,274.7,1.8,1012.2,526,7.3
6069,28-07-2022,13,0,0,842.8,18.2,22.3,15.4,14.7,58.6,259.9,1.9,259.9,1.6,1012.2,515.4,11.9
6069,28-07-2022,14,0,0,630.9,18.7,21.5,15.8,14.8,57,262.6,1.8,262.6,1.6,1012,352.9,15.9
6069,28-07-2022,15,0,0,655.5,19.4,22.2,16.2,14.8,55.4,255.3,1.7,255.3,1.6,1011.8,348.2,18.1
6069,28-07-2022,16,0,0,499.3,19.7,22,16.5,14.9,54.6,298.2,2,298.2,1.7,1011.6,226.6,18.6
6069,28-07-2022,17,0,0,294.4,19.2,20.3,16.7,15,56.1,309.9,2.9,309.9,2.2,1011.6,105,18.1
6069,28-07-2022,18,0,0,147.8,17.8,18,16.9,15.1,59.5,306.4,3.8,306.4,2.7,1011.9,7.2,16
6069,28-07-2022,19,0,0,89.9,16.5,16.4,16.9,15.3,63.4,312.5,3.7,312.5,2.6,1012.2,-51.9,13
6069,28-07-2022,20,0,0,15.7,14.9,14.2,16.9,15.4,78.6,313.9,3,313.9,2.1,1012.4,-90.3,9.6
6069,28-07-2022,21,0,0,0,13.3,12.4,16.8,15.4,90.3,320.1,1.6,320.1,0.9,1012.8,-56.1,6.5
6069,28-07-2022,22,0,0,0,12.5,11.4,16.6,15.5,92.6,318.7,1,318.7,0.5,1013,-69.9,4
6069,28-07-2022,23,0,0,0,11.2,8.7,16.5,15.6,94.8,307.6,1.6,307.6,0.8,1013.2,-67.9,2.2
6069,29-07-2022,0,0,0,0.1,10.7,8.2,16.3,15.6,94.9,269.6,1.2,269.6,0.4,1013.2,-47.8,-0.1
6069,29-07-2022,1,0,0,0,10.2,7.3,16.1,15.5,94.9,59.8,0.5,59.8,0,1013.1,-36.4,-2.2
6069,29-07-2022,2,0,0,0.2,9.7,6.2,15.8,15.5,94.9,172,0.5,172,0,1012.8,-30.7,-3.9
6069,29-07-2022,3,0,0,0.4,9.6,6.7,15.6,15.5,94.9,280.6,0.8,280.6,0.1,1012.8,-28.1,-5.5
6069,29-07-2022,4,0,0,8.6,9,6,15.4,15.5,94.9,356.2,0.2,356.2,0.1,1012.9,-19.4,-6.8
6069,29-07-2022,5,0,0,57.2,9.1,7.9,15.2,15.4,94.9,202.4,0.3,202.4,0,1013,7.7,-7.6
6069,29-07-2022,6,0,0,180.1,11,11.2,15,15.3,94.9,73.2,0.7,73.2,0.6,1013.5,77.5,-7.7
6069,29-07-2022,7,0,0,357.7,13.3,15.4,14.9,15.2,95,84.9,0.9,84.9,0.8,1013.8,156.4,-6.3
6069,29-07-2022,8,0,0,502.7,15.7,18.4,14.8,15.2,83.9,146,2,146,1.9,1013.9,250.3,-3.3
6069,29-07-2022,9,0,0,596.6,17.9,20.8,14.9,15.1,67,152.5,2.8,152.5,2.5,1013.9,320.1,0.6
6069,29-07-2022,10,0,0,581.4,19.1,21.7,15.1,15,55.9,120.8,2.7,120.8,2.1,1013.8,318.8,4.4
6069,29-07-2022,11,0,0,755.5,20.2,23.2,15.3,15,50.1,130.9,3.3,130.9,2.7,1013.7,448.6,7.6
6069,29-07-2022,12,0,0,783.3,20.9,23.6,15.6,15,48.2,146.8,4.4,146.8,3.5,1013.4,471.5,10.6
6069,29-07-2022,13,0,0,758.3,21.2,24.1,15.9,15,49.1,132.7,3.9,132.7,3.2,1013.1,452.4,12.7
6069,29-07-2022,14,0,0,699.3,21.6,24.1,16.2,15.1,48.5,132,3.6,132,2.9,1012.8,405.8,14.2
6069,29-07-2022,15,0,0,559.1,21.5,23.4,16.5,15.1,48.1,140.4,4.2,140.4,3.2,1012.6,288.6,15
6069,29-07-2022,16,0,0,519.5,21.5,23.1,16.7,15.2,45.2,142.2,3.8,142.2,3.1,1012.3,238.8,14.6
6069,29-07-2022,17,0,0,390.1,21,22.1,16.8,15.3,43.8,141.2,3.7,141.2,3,1012.1,131.4,13.4
6069,29-07-2022,18,0,0,223.8,20.4,20.7,16.9,15.4,45.6,124.7,2.8,124.7,2.3,1012,2.9,11.6
6069,29-07-2022,19,0,0,96,19.1,18.6,16.9,15.5,53.5,125.6,2.9,125.6,2.3,1011.9,-73.8,9.6
6069,29-07-2022,20,0,0,12.4,17.1,14.9,16.9,15.6,65.2,130.1,1.7,130.1,1.4,1011.9,-101.1,7.4
6069,29-07-2022,21,0,0,0,15.5,11.9,16.8,15.6,72.8,142.6,0.5,142.6,0.6,1012,-90.1,5
6069,29-07-2022,22,0,0,0.1,13.7,10,16.6,15.7,81.8,89.8,0.7,89.8,0.2,1012,-81.4,2.4
6069,29-07-2022,23,0,0,0,12.9,9.3,16.4,15.7,87.3,66.4,0.5,66.4,0.2,1011.8,-77.1,0
6069,30-07-2022,0,0,0,0.2,11.8,7.6,16.2,15.7,90.8,52.4,0.2,52.4,0,1011.8,-54.8,-1.9
6069,30-07-2022,1,0,0,0.8,10.9,7,16,15.7,93.4,119.6,0.1,119.6,0.1,1011.4,-38.6,-3.4
6069,30-07-2022,2,0,0,0.6,10.6,6.8,15.8,15.6,93.7,89.7,0,89.7,0,1011.2,-32.9,-4.8
6069,30-07-2022,3,0,0,0.7,9.5,6.3,15.5,15.6,93.7,85,0.1,85,0,1011.1,-26.6,-5.9
6069,30-07-2022,4,0,0,7.1,10.6,8.3,15.4,15.5,94.6,65.8,1,65.8,0.3,1011,-23.9,-6.8
6069,30-07-2022,5,0,0,52.8,10.9,9,15.2,15.5,94.7,71.5,0.4,71.5,0.1,1011,2.9,-7.3
6069,30-07-2022,6,0,0,116.4,12.5,12.2,15,15.4,94.7,79.8,1.3,79.8,0.7,1011,47.7,-7.2
6069,30-07-2022,7,0,0,221.5,14.8,15.1,14.9,15.3,93.8,87,1.8,87,1.1,1011,99.7,-5.9
6069,30-07-2022,8,0,0,351.1,17.7,18.7,14.8,15.2,77.2,102.6,2.8,102.6,1.9,1011,188.9,-3.4
6069,30-07-2022,9,0,0,353,19.4,20.6,14.9,15.1,64.1,115.5,3.9,115.5,2.8,1010.8,185.3,-0.3
6069,30-07-2022,10,0,0,561.1,20.4,22.3,15.1,15.1,63,123.3,3.6,123.3,2.8,1010.7,324.9,2.5
6069,30-07-2022,11,0,0,576.7,21.9,24.3,15.2,15.1,59.8,127.9,3.3,127.9,2.7,1010.5,336.3,5.2
6069,30-07-2022,12,0,0,325.1,22.3,23.2,15.5,15.1,54.1,155.1,3.9,155.1,3.2,1010.2,164.5,8.5
6069,30-07-2022,13,0,0,555.8,22.5,24,15.7,15,56.6,158.9,4.7,158.9,3.9,1010,329.7,10
6069,30-07-2022,14,0,0,359.6,21.6,22.5,15.9,15.1,59.5,151.2,5.1,151.2,4.1,1009.9,195.9,10.8
6069,30-07-2022,15,0,0,421.4,21.2,22.3,16.1,15.1,65.6,152.8,4.5,152.8,3.7,1009.6,237.2,10.9
6069,30-07-2022,16,0,0,484,22.2,23.6,16.2,15.2,56.2,168.9,5.3,168.9,4.3,1009.2,237.7,10.7
6069,30-07-2022,17,0,0,137.6,21.9,21.8,16.4,15.2,56.9,167,4.3,167,3.3,1008.9,30.1,10.8
6069,30-07-2022,18,0,0,27.6,20.9,20.4,16.5,15.3,63.4,210.6,2.8,210.6,2.3,1009.1,-30.2,9.8
6069,30-07-2022,19,0,0,11.5,18.1,17.5,16.5,15.4,89.1,188.7,1.3,188.7,1,1009,-21.3,8.5
6069,30-07-2022,20,0.2,0,3.8,17.4,16.4,16.5,15.4,92.1,205.6,0.3,205.6,0.3,1009.1,-20,7.2
6069,30-07-2022,21,0,0,0,16.7,15.1,16.5,15.5,93.2,200.4,0.2,200.4,0.3,1009,-25.7,6.1
6069,30-07-2022,22,0,0,0.1,15.9,12.9,16.4,15.5,93.4,112,0,112,0,1008.9,-29.1,4.8
6069,30-07-2022,23,0,0,0.2,15.1,12.1,16.3,15.5,93.8,75.1,0.7,75.1,0.4,1008.6,-26.2,3
6069,31-07-2022,0,0,0,0,14.8,13.3,16.2,15.6,93.8,164.4,1.2,164.4,0.8,1008.6,-26.7,1.3
6069,31-07-2022,1,0,0,0,14.5,12.9,16.1,15.6,93.8,164.2,1.3,164.2,1.1,1008.4,-25.8,0.1
6069,31-07-2022,2,0,0,0,14.4,13.6,15.9,15.6,93.8,191.9,1,191.9,1,1008.2,-21.2,-0.8
6069,31-07-2022,3,0,0,0,14.5,13.9,15.8,15.5,93.8,225.1,0.9,225.1,0.8,1007.9,-22.8,-1.1
6069,31-07-2022,4,0,0,3.9,14.4,13.9,15.7,15.5,93.8,182.3,0.2,182.3,0.8,1007.6,-18,-0.9
6069,31-07-2022,5,0,0,28.9,14.7,14.7,15.7,15.5,93.8,189.2,0.8,189.2,1.2,1007.5,3.1,-0.7
6069,31-07-2022,6,0,0,56,15,15.1,15.6,15.4,93.9,176.8,0.4,176.8,1.3,1007.6,18.7,-0.1
6069,31-07-2022,7,0,0,101.1,15.5,15.9,15.6,15.4,93.9,166.5,1.5,166.5,1.6,1007.6,53.1,0.7
6069,31-07-2022,8,0,0,107.1,15.8,16.3,15.6,15.4,93.9,167.4,1.7,167.4,1.5,1007.4,59.2,1.8
6069,31-07-2022,9,0,0,137.5,16.2,16.7,15.6,15.3,93.9,162.8,2.2,162.8,1.9,1007.2,72,2.8
6069,31-07-2022,10,0,0,309.8,17.2,18.3,15.7,15.3,92.4,168.8,2.2,168.8,2,1007.1,193.1,3.9
6069,31-07-2022,11,0,0,404.8,18.5,20.3,15.7,15.3,83.4,167.2,2,167.2,1.9,1006.8,251.5,5.4
6069,31-07-2022,12,0,0,442.2,19.7,21.5,15.9,15.3,76.6,162.3,2.8,162.3,2.4,1006.4,276.8,7.6
6069,31-07-2022,13,0,0,309.9,20.5,21.7,16.1,15.3,70.3,176.4,3.2,176.4,2.6,1006,180.6,9.8
6069,31-07-2022,14,0,0,142.7,20.3,20.8,16.3,15.3,69.1,219.3,1.9,219.3,1.6,1005.6,62,10.9
6069,31-07-2022,15,0,0,66.7,19.6,19.5,16.4,15.4,72.5,211.4,2,211.4,1.7,1005.4,13.4,10.7
6069,31-07-2022,16,2,0,52.5,17.3,17.2,16.5,15.4,90.9,234.4,1.8,234.4,1.4,1005.3,21.1,9.6
6069,31-07-2022,17,2.5,0,22.1,16.5,16.3,16.5,15.5,93.2,213.2,1.2,213.2,1.2,1005,1.1,8.4
6069,31-07-2022,18,3.6,0,12.5,16,15.8,16.5,15.5,92.8,177.1,2.5,177.1,1.9,1004.7,-7.7,7.5
6069,31-07-2022,19,2.5,0,10.5,15.9,15.6,16.5,15.6,92.7,161.4,2.7,161.4,2.1,1004.5,-14.1,6.7
6069,31-07-2022,20,0.1,0,7.8,16,15.7,16.5,15.6,92.7,177.2,1.8,177.2,1.6,1004.6,-19.4,5.8
6069,31-07-2022,21,0,0,0.2,15.9,15.5,16.4,15.6,92.6,169.2,2.8,169.2,2.1,1004.4,-38,5.2
6069,31-07-2022,22,0,0,0.3,15.8,15.4,16.4,15.6,92.6,187.3,2.1,187.3,1.7,1004.4,-32.8,4.6
6069,31-07-2022,23,0,0,0.3,16,15.7,16.3,15.6,92.6,185.4,2.1,185.4,1.8,1004.3,-22.5,4.2
6069,01-08-2022,0,0,0,0.2,16.1,15.8,16.3,15.6,92.6,216.8,1.4,216.8,1.2,1004.3,-19.7,3.9
6069,01-08-2022,1,0.2,0,0,15.9,15.7,16.2,15.7,92.6,258.2,1.7,258.2,1.3,1004.2,-17.6,3.8
6069,01-08-2022,2,0,0,0.5,15.5,15.4,16.2,15.6,92.6,296.8,2.9,296.8,2,1004.2,-14.7,3.7
6069,01-08-2022,3,0,0,0.5,14.4,14.1,16.2,15.6,92.6,305.7,3.2,305.7,2.5,1004.2,-16.3,3.7
6069,01-08-2022,4,0,0,3.7,12.8,12.1,16.2,15.6,92.6,290.7,2.1,290.7,1.5,1004.3,-17.9,3.2
6069,01-08-2022,5,0,0,58.9,11.7,10.9,16.1,15.6,92.5,284.1,2.3,284.1,1.7,1004.7,-13.5,2.3
6069,01-08-2022,6,0,0,209.1,12,11.3,16,15.6,91.5,275.8,3,275.8,2.2,1005.1,23.7,0.9
6069,01-08-2022,7,0,0,372.1,13.2,13.2,15.9,15.6,86.2,295.1,4.5,295.1,3.3,1005.2,142.4,0.1
6069,01-08-2022,8,0,0,511,14.4,15,15.8,15.6,75.2,303.6,6.2,303.6,4.5,1005.4,255.2,0.2
6069,01-08-2022,9,0,0,610.5,15.4,16.6,15.8,15.5,68.9,302.1,5.9,302.1,4.4,1005.7,337.3,0.8
6069,01-08-2022,10,0,0,733.9,16.2,17.9,15.9,15.5,62.3,303,6,303,4.6,1006.2,432.3,2
6069,01-08-2022,11,0,0,813.3,16.9,18.8,15.9,15.5,56.9,297.8,6.7,297.8,5,1006.4,491.4,3.5
6069,01-08-2022,12,0.1,0,839.4,17.4,19.3,16.1,15.5,54.1,300.3,6.9,300.3,5.1,1006.6,513,5.1
6069,01-08-2022,13,0,0,819,17.9,19.7,16.2,15.5,51.8,298.4,6.7,298.4,5,1006.8,491.8,6.5
6069,01-08-2022,14,0,0,751.1,18,19.7,16.4,15.5,50,302,6.5,302,4.8,1007,432.4,7.7
6069,01-08-2022,15,0,0,652.3,17.7,19.2,16.5,15.5,50.4,295.8,6.8,295.8,4.9,1007.2,349.7,8.4
6069,01-08-2022,16,0,0,529.1,17.2,18.4,16.7,15.6,53.7,297.6,6.5,297.6,4.7,1007.5,252.1,8.3
6069,01-08-2022,17,0,0,385.9,16.6,17.5,16.7,15.6,53.5,295.4,6.1,295.4,4.5,1007.8,141.9,7.5
6069,01-08-2022,18,0,0,230.5,15.7,16.1,16.8,15.7,59.1,297,5.8,297,4.2,1008,23.5,6.2
6069,01-08-2022,19,0,0,89.7,14.5,14.4,16.7,15.7,69.2,290.3,5,290.3,3.6,1008.1,-67.5,4.6
6069,01-08-2022,20,0,0,11.2,12.9,12.1,16.6,15.7,80.8,270.5,2.6,270.5,1.9,1008.3,-100.4,2.8
6069,01-08-2022,21,0,0,0,11.7,10.7,16.5,15.7,88.9,276.3,2.4,276.3,1.7,1008.6,-99.9,1.1
6069,01-08-2022,22,0,0,0,10.6,9.3,16.3,15.8,91.8,248.6,0.7,248.6,0.8,1008.5,-91.1,-0.5
6069,01-08-2022,23,0,0,0,9.8,8.4,16.1,15.8,93,234,1,234,0.8,1008.3,-65,-2
6069,02-08-2022,0,0,0,0,9.6,8.4,15.9,15.7,93,220,1.3,220,1.1,1008.4,-44.6,-3.4
6069,02-08-2022,1,0,0,0,10,9.1,15.7,15.7,93,240.2,2.4,240.2,1.6,1008.4,-38.7,-4.5
6069,02-08-2022,2,0,0,0,10.2,9.3,15.5,15.6,93,227.6,1.9,227.6,1.4,1008.5,-36.9,-5
6069,02-08-2022,3,0,0,0,9.5,8.5,15.4,15.6,93.3,206.9,1.5,206.9,1.2,1008.2,-32.5,-5.3
6069,02-08-2022,4,0,0,4.5,9,8,15.2,15.5,93.7,200.9,1.2,200.9,1,1007.7,-23.4,-5.5
6069,02-08-2022,5,0,0,36.8,9.1,8.6,15.1,15.4,93.7,193.9,1.3,193.9,1.1,1007.9,0.5,-5.9
6069,02-08-2022,6,0,0,133.1,10.5,10.8,14.9,15.4,93.7,195.8,1.5,195.8,1.5,1008.1,46.4,-5.9
6069,02-08-2022,7,0,0,294.8,12.3,13.1,14.8,15.3,93.3,190.7,2.8,190.7,2.5,1007.9,139,-5.2
6069,02-08-2022,8,0,0,313,14.6,15.3,14.8,15.2,78,184.8,4.2,184.8,3.5,1007.6,173.4,-3.6
6069,02-08-2022,9,0,0,331.9,16.1,16.9,14.8,15.2,63.5,177.9,5.4,177.9,4.3,1007.2,190.1,-1.5
6069,02-08-2022,10,0,0,331.8,17.2,17.6,14.9,15.1,55.6,173.5,6.3,173.5,4.9,1006.8,196.8,0.2
6069,02-08-2022,11,0,0,133.4,17.4,17.2,15,15.1,53.6,173,5.1,173,4.1,1006.6,59,1.2
6069,02-08-2022,12,0,0,119.2,17.4,17.2,15,15,53,165.8,4.6,165.8,3.5,1006,52.7,1.6
6069,02-08-2022,13,0,0,121.4,16.9,16.6,15.1,15,61.6,165.5,5,165.5,3.9,1005.6,58.1,1.5
6069,02-08-2022,14,1.7,0,68.5,15.5,15,15.1,15,86,170.4,3.6,170.4,2.8,1005.3,33.4,1.4
6069,02-08-2022,15,3.7,0,88,14.8,14.7,15.1,15,94,174.8,5,174.8,4,1004.9,52.4,1.5
6069,02-08-2022,16,1.6,0,94.5,14.9,14.8,15.1,15,94.8,181.1,7.2,181.1,5.8,1004.3,56.3,1.8
6069,02-08-2022,17,3,0,46.6,14.9,14.8,15.2,15,94.7,186.9,5.9,186.9,5,1004.2,20.8,2.1
6069,02-08-2022,18,0,0,49.8,15.5,15.4,15.2,15,94.7,195.9,5.1,195.9,4.1,1003.9,21.1,2.2
6069,02-08-2022,19,0,0,12.9,15.9,15.7,15.2,15,94.8,199.8,4.5,199.8,3.6,1004,-7.8,2.3
6069,02-08-2022,20,0,0,2.5,16.1,15.9,15.2,15,94.8,189.4,4.3,189.4,3.5,1004.1,-13.9,2.5
6069,02-08-2022,21,0,0,0.3,16.5,16.3,15.2,15,94.8,196.8,3.9,196.8,3.1,1004,-16.1,2.6
6069,02-08-2022,22,0,0,0.1,16.8,16.6,15.3,15,94.8,202.4,3.7,202.4,3,1004.1,-16.5,2.8
6069,02-08-2022,23,0,0,0,17.1,17,15.3,15,94.8,202,3.3,202,2.7,1004,-17.1,3.1
6069,03-08-2022,0,0,0,0.1,17.6,17.4,15.3,15,94.8,203.9,3.2,203.9,2.6,1004.1,-17.5,3.4
6069,03-08-2022,1,0,0,0.1,17.8,17.6,15.4,15,94.9,204.3,3.5,204.3,2.8,1004,-17.8,3.8
6069,03-08-2022,2,0,0,0,17.9,17.5,15.4,15,94.8,192.8,3.7,192.8,3,1003.5,-19.3,4.2
6069,03-08-2022,3,0,0,0,17.9,17.6,15.5,15,94.8,185.1,4.3,185.1,3.5,1003.4,-18.4,4.5
6069,03-08-2022,4,0,0,2.2,17.9,17.6,15.6,15,94.8,195.2,4.1,195.2,3.3,1003.2,-16.6,4.7
6069,03-08-2022,5,0,0,32.2,18,17.7,15.6,15,94.8,187.7,4.8,187.7,3.8,1002.9,1.5,4.9
6069,03-08-2022,6,0,0,75.8,18.4,18.3,15.6,15.1,94.9,188.9,4.5,188.9,3.7,1002.9,25.3,5.1
6069,03-08-2022,7,0,0,186,19.1,19.2,15.7,15.1,94.9,194.1,4.9,194.1,4,1002.9,92.6,5.6
6069,03-08-2022,8,0,0,212.7,19.9,20.1,15.8,15.1,94.3,198.5,5.2,198.5,4.2,1002.8,116.8,6.4
6069,03-08-2022,9,0,0,356.9,20.6,21.2,15.9,15.1,93,198.3,5.4,198.3,4.4,1002.9,219,7.5
6069,03-08-2022,10,0,0,394.7,21.7,22.5,16,15.2,88.4,209.4,5.1,209.4,4.1,1003,251.3,8.9
6069,03-08-2022,11,0.1,0,356.6,22.4,23,16.2,15.2,83.5,210.4,5.3,210.4,4.2,1003,217.9,10.6
6069,03-08-2022,12,0,0,376.3,22.8,23.4,16.4,15.2,78.4,217.1,5.3,217.1,4.2,1003.2,229.4,12.1
6069,03-08-2022,13,0,0,514.6,23.2,23.9,16.6,15.3,72.6,237.4,6.1,237.4,4.6,1003.6,312.8,13.1
6069,03-08-2022,14,0,0,350.6,22.8,23.5,16.8,15.4,73,239.9,5.9,239.9,4.7,1004,209.2,13.9
6069,03-08-2022,15,0,0,229.2,21.9,22.4,16.9,15.5,81.3,229.5,4.6,229.5,3.7,1004.2,127.4,14.4
6069,03-08-2022,16,0,0,199.6,21.4,21.6,17.1,15.5,86.7,228.4,4.8,228.4,3.7,1004.4,104.9,14.2
6069,03-08-2022,17,0,0,156.6,21.3,21.4,17.2,15.6,82.5,236.2,5.1,236.2,3.9,1004.4,67.9,13.6
6069,03-08-2022,18,0,0,138.9,21.1,21.1,17.3,15.7,81.6,226.8,4.4,226.8,3.5,1004.7,36.9,13
6069,03-08-2022,19,0,0,64.5,20.3,20,17.3,15.8,85.6,230.9,3.5,230.9,2.8,1005.1,-16.4,12.2
6069,03-08-2022,20,0,0,7.8,19.4,19,17.3,15.8,89.8,230.5,3,230.5,2.4,1005.6,-45.3,11.2
6069,03-08-2022,21,0,0,0,18.4,17.7,17.3,15.9,92.6,226.4,2.1,226.4,1.7,1005.8,-69.6,10.1
6069,03-08-2022,22,0,0,0,17.1,16,17.3,16,94.2,198.4,1.6,198.4,1.3,1005.7,-85.2,8.8
6069,03-08-2022,23,0,0,0,16.4,15.3,17.2,16,94.1,204.3,1,204.3,1.1,1005.8,-59.4,7.2
6069,04-08-2022,0,0,0,0,16.4,15.9,17.1,16,94.1,225.1,1.8,225.1,1.4,1005.9,-31.9,5.7
6069,04-08-2022,1,0,0,0.6,16.3,16.1,17,16.1,94.1,198.1,1.5,198.1,1.4,1005.9,-20.3,4.7
6069,04-08-2022,2,0,0,0,16.1,16.1,16.9,16.1,94.2,185.7,1.7,185.7,1.7,1005.9,-17.9,4.4
6069,04-08-2022,3,0,0,0.4,16,16,16.9,16.1,94.2,162,2.1,162,1.8,1005.7,-18.9,4.3
6069,04-08-2022,4,0,0,2.9,16.1,16,16.8,16.1,94.8,143.1,1.2,143.1,1.7,1005.6,-16.9,4.2
6069,04-08-2022,5,0,0,24.4,16.3,16.3,16.8,16,94.8,141.9,2.4,141.9,2.1,1005.3,-10,4.1
6069,04-08-2022,6,0,0,89.6,16.7,16.8,16.7,16,94.8,103.7,1.3,103.7,1.1,1005,10.1,4.1
6069,04-08-2022,7,0,0,155.4,17.7,18,16.7,16,94.8,140.6,3.1,140.6,2.5,1004.5,66.9,4.3
6069,04-08-2022,8,0,0,424,20.1,21.1,16.7,16,93.2,165.1,4.6,165.1,3.7,1004.2,230.4,5.1
6069,04-08-2022,9,0,0,582.7,22.7,24.1,16.8,16,81.3,177.8,5.2,177.8,4.4,1003.9,329.4,6.9
6069,04-08-2022,10,0,0,506.4,24.2,25.4,16.9,16,70.8,204.8,4.8,204.8,4,1003.9,288.4,9.6
6069,04-08-2022,11,0,0,474.4,24.6,25.4,17.1,16,65.3,224.8,4.2,224.8,3.3,1003.8,273,12.3
6069,04-08-2022,12,4.3,0,115.8,22.8,22.5,17.3,16,77.8,216,2.4,216,2,1003.7,46.1,14
6069,04-08-2022,13,2.8,0,79.3,20.4,20,17.5,16.1,91.9,218.5,2.6,218.5,2.1,1003.7,33.1,14.8
6069,04-08-2022,14,2.2,0,115.9,19.7,19.6,17.6,16.1,93,202.4,2.4,202.4,2.1,1003.4,62.9,15.3
6069,04-08-2022,15,0.5,0,120.1,19.9,20.1,17.7,16.2,93.7,210.9,2.1,210.9,2,1003.6,61.2,15
6069,04-08-2022,16,0,0,126,20.1,20.2,17.8,16.3,93.7,258.7,2.5,258.7,2,1003.6,68.7,14.6
6069,04-08-2022,17,0,0,262.3,19.6,20,17.9,16.4,93.4,292.4,3.5,292.4,2.6,1004.1,128.6,14.2
6069,04-08-2022,18,0,0,185.8,19.2,19.6,17.9,16.4,87.3,296,3.4,296,2.6,1004.3,30.1,14
6069,04-08-2022,19,0,0,62.4,18,17.4,18,16.5,75.1,300.6,2.4,300.6,1.6,1004.5,-64.3,13.3
6069,04-08-2022,20,0,0,5.2,16.4,15.3,18,16.5,86.2,292.2,2,292.2,1.3,1004.8,-91,11.4
6069,04-08-2022,21,0,0,0,15.2,14.4,17.9,16.6,92.4,297.6,1.9,297.6,1.4,1005.3,-89.1,8.8
6069,04-08-2022,22,0,0,0,14.3,12.9,17.8,16.6,93.1,285.5,0.6,285.5,0.6,1005.8,-73.3,6.6
6069,04-08-2022,23,0,0,0,13.5,12,17.7,16.6,93.1,294.2,0.6,294.2,0.7,1006,-49.9,4.5
6069,05-08-2022,0,0,0,0,12.9,11,17.5,16.6,93.1,284.9,0.7,284.9,0.7,1005.7,-39.1,2.7
6069,05-08-2022,1,0,0,0,12.4,11.5,17.3,16.6,93.1,288.6,2,288.6,1.3,1005.9,-35.3,0.9
6069,05-08-2022,2,0,0,0,12,11.3,17.1,16.6,93,290.3,1.6,290.3,1.1,1005.8,-28.5,-0.4
6069,05-08-2022,3,0,0,0,11.8,11.2,17,16.6,93,263.4,1.2,263.4,0.9,1005.8,-23.4,-1.2
6069,05-08-2022,4,0,0,1.6,11.7,11.3,16.8,16.5,93,270.3,1.6,270.3,1.2,1005.7,-21.4,-1.7
6069,05-08-2022,5,0,0,25.9,11.9,11.5,16.7,16.5,93,287.2,1.9,287.2,1.3,1005.3,-6.6,-2
6069,05-08-2022,6,0,0,135.3,12.5,12.1,16.5,16.4,92.9,300.5,2.8,300.5,2.1,1005.7,33.4,-2.1
6069,05-08-2022,7,0,0,301.1,13.9,14.3,16.4,16.3,88.7,309.7,3.8,309.7,2.8,1006.4,116.7,-2
6069,05-08-2022,8,0,0,302.5,14.8,15.3,16.3,16.3,76.4,313.2,3.7,313.2,3,1006.4,132.1,-1.2
6069,05-08-2022,9,0,0,519.9,15.5,16.6,16.3,16.2,73.8,312,4,312,3,1006.7,281.7,0.1
6069,05-08-2022,10,0,0,497.2,16.3,17.8,16.3,16.2,68.5,310.9,3.2,310.9,2.6,1006.7,292.2,1.5
6069,05-08-2022,11,0,0,455.2,16.9,18.7,16.4,16.1,63.1,292.4,2.8,292.4,2.2,1006.6,269,3.6
6069,05-08-2022,12,0,0,487.5,17.1,18.2,16.6,16.1,56.3,290.2,3.7,290.2,2.8,1006.5,278.8,6
6069,05-08-2022,13,0,0,768.6,18.2,20.1,16.7,16.1,52,292.1,4.8,292.1,3.7,1006.6,465.4,7.2
6069,05-08-2022,14,0,0,678.5,18.4,20.2,16.9,16.1,50.1,296.6,4.8,296.6,3.7,1006.8,387.6,8.3
6069,05-08-2022,15,0,0,517.4,17.7,18.9,17.1,16.1,52.9,293.2,5.3,293.2,4,1007,268.9,9.5
6069,05-08-2022,16,0,0,395.3,17.4,18.4,17.3,16.2,55,288.5,5.7,288.5,4,1007.2,187.2,9.4
6069,05-08-2022,17,0,0,187.3,16,16,17.3,16.2,62.5,298.8,5.7,298.8,4.1,1007.7,62.6,8.5
6069,05-08-2022,18,0,0,214.8,15.7,15.8,17.3,16.2,59.5,295.7,6,295.7,4.4,1007.8,44.9,6.8
6069,05-08-2022,19,0,0,83.5,14.6,14.2,17.3,16.3,61.4,297.1,4.9,297.1,3.5,1008.3,-73.2,4.9
6069,05-08-2022,20,0,0,4.3,13.1,12.2,17.2,16.3,74.6,286.2,3.6,286.2,2.5,1008.5,-100.4,2.9
6069,05-08-2022,21,0,0,0,12.2,11.3,17,16.3,84.4,275.2,3.4,275.2,2.4,1009,-97.4,1
6069,05-08-2022,22,0,0,0,11.9,11,16.8,16.3,87,281.7,3.3,281.7,2.4,1009.4,-94.7,-0.6
6069,05-08-2022,23,0,0,0,11.3,10.4,16.6,16.3,89.1,266.5,3.1,266.5,2,1009.6,-95,-1.8
6069,06-08-2022,0,0,0,0,10.8,10,16.5,16.3,90.7,264.5,3,264.5,2,1009.9,-93.3,-2.7
6069,06-08-2022,1,0,0,0,10.5,9.7,16.3,16.2,90.8,266.7,3.1,266.7,2.2,1010.3,-93.8,-3.5
6069,06-08-2022,2,0,0,0,10.2,9.2,16.1,16.2,91.2,264,2.7,264,1.8,1010.7,-93.2,-4.2
6069,06-08-2022,3,0,0,0,9.8,8.8,16,16.1,91.5,262,2.4,262,1.6,1010.8,-93.5,-4.9
6069,06-08-2022,4,0,0,4.3,9.7,8.7,15.8,16,91.5,262.8,2.5,262.8,1.6,1011.1,-76.3,-5.5
6069,06-08-2022,5,0,0,50.4,10.4,9.7,15.6,16,90.8,255.4,2.9,255.4,2,1011.7,-63.3,-6
6069,06-08-2022,6,0,0,183.5,11.8,11.4,15.5,15.9,88.2,254,3.4,254,2.4,1012.5,16.9,-6.1
6069,06-08-2022,7,0,0,344.9,13.4,13.8,15.4,15.8,79.7,266.2,4.3,266.2,3.2,1013,134.9,-5.6
6069,06-08-2022,8,0,0,383.5,14.7,15.4,15.3,15.7,71.8,269,5.3,269,3.9,1013.4,197,-4.4
6069,06-08-2022,9,0,0,407,15.2,15.8,15.3,15.7,68.3,280.2,6.1,280.2,4.3,1013.7,231.8,-2.9
6069,06-08-2022,10,0,0,538.3,15.9,17,15.3,15.6,65.3,278.8,6.4,278.8,4.8,1014.1,324.1,-1.4
6069,06-08-2022,11,0,0,527.2,16.2,17.4,15.4,15.5,65.2,287.3,6.3,287.3,4.6,1014.5,320.5,0.1
6069,06-08-2022,12,0.2,0,484.8,15.4,16.2,15.5,15.5,79.1,290.6,5.6,290.6,4.1,1014.7,309.4,1.7
6069,06-08-2022,13,0,0,493.7,15.6,16.2,15.6,15.5,75.2,300.1,6.4,300.1,4.6,1014.9,304.6,2.9
6069,06-08-2022,14,0,0,441.6,16.2,17.1,15.8,15.5,67.9,296,6.1,296,4.6,1015.1,250.2,3.9
6069,06-08-2022,15,0.1,0,437.3,16.5,17.1,15.9,15.5,60.2,290.8,6.6,290.8,4.7,1015.3,222.9,4.4
6069,06-08-2022,16,0,0,436.9,16.4,17.3,16,15.5,59.3,291.5,6.3,291.5,4.6,1015.6,205.5,4.3
6069,06-08-2022,17,0,0,243.9,16,16.4,16,15.5,61,295,5.5,295,4,1015.7,63.7,4
6069,06-08-2022,18,0,0,156.3,15.3,15.4,16,15.5,65.7,287.6,4.9,287.6,3.6,1015.8,22.9,3.5
6069,06-08-2022,19,0,0,75.8,14.7,14.5,16,15.6,70.9,280.9,3.7,280.9,2.8,1015.8,-28.3,2.6
6069,06-08-2022,20,0,0,4,13.5,12.7,16,15.6,80.5,269.2,2.6,269.2,1.9,1016,-95.6,1.6
6069,06-08-2022,21,0,0,0,12.2,11,15.9,15.6,86.6,250.6,2.5,250.6,1.5,1016,-94.6,0.2
6069,06-08-2022,22,0,0,0,11.7,10.5,15.8,15.6,88.5,237.3,2.2,237.3,1.5,1016,-93.6,-1.2
6069,06-08-2022,23,0,0,0,10.9,9.4,15.7,15.6,91.9,232.6,1.5,232.6,1,1016,-86.6,-2.4
6069,07-08-2022,0,0,0,0,10.2,8.6,15.5,15.5,94.3,202,0.9,202,0.6,1015.8,-73.5,-3.4
6069,07-08-2022,1,0,0,0.1,9.6,8,15.4,15.5,95.2,192,0.5,192,0.8,1015.7,-51.8,-4.4
6069,07-08-2022,2,0,0,0,9.2,7.6,15.2,15.4,95.2,199.2,0.8,199.2,0.9,1015.4,-44.2,-5.3
6069,07-08-2022,3,0,0,0,9,7.5,15.1,15.4,95.2,209.3,0.5,209.3,0.6,1015,-33.2,-6.1
6069,07-08-2022,4,0,0,2.6,9.4,8.6,14.9,15.3,95.2,200.7,1.2,200.7,1,1014.7,-19,-6.7
6069,07-08-2022,5,0,0,16.5,10.2,9.9,14.8,15.3,95.2,196.4,1,196.4,1.1,1014.8,-4.9,-7
6069,07-08-2022,6,0,0,61.6,11,11.1,14.6,15.2,95.2,191.2,1.4,191.2,1.5,1015.1,24.2,-6.6
6069,07-08-2022,7,0,0,129.4,12.1,12.6,14.6,15.1,95.2,183,1.8,183,1.9,1015.3,60.6,-5.5
6069,07-08-2022,8,0,0,151.9,13.6,14,14.6,15.1,92.1,194.4,2.1,194.4,2,1015.4,76.6,-4
6069,07-08-2022,9,0.2,0,149.7,14.1,14.6,14.6,15,90.3,251,2.4,251,1.9,1015.3,90.9,-2.4
6069,07-08-2022,10,0.2,0,150.2,13.5,13.9,14.7,15,93.7,235.3,2.4,235.3,1.9,1015.2,98.8,-0.8
6069,07-08-2022,11,0,0,345,15.1,15.8,14.8,14.9,89.1,234.2,3.3,234.2,2.5,1015,223,0.3
6069,07-08-2022,12,0,0,273.1,15.6,16.4,14.9,14.9,84.8,234.9,2.7,234.9,2.2,1014.8,173.2,1.9
6069,07-08-2022,13,0.3,0,273.8,15.7,16.5,15,14.9,88.5,234.8,2.5,234.8,2,1014.8,176,3.5
6069,07-08-2022,14,0.3,0,225.8,15.6,16,15.2,14.9,91.5,231.9,2.8,231.9,2.2,1014.6,139.6,5
6069,07-08-2022,15,0.2,0,103.4,14.8,15.1,15.3,14.9,90.4,286,3.5,286,2.6,1014.4,52.1,5.8
6069,07-08-2022,16,0.3,0,97,13.6,13.9,15.4,15,94.1,276.3,1.2,276.3,1,1014.2,58.5,5.8
6069,07-08-2022,17,0.2,0,44.4,14.1,14.2,15.5,15,94.1,283.2,1.2,283.2,0.9,1014,17,4.8
6069,07-08-2022,18,0.1,0,135.7,14.5,14.8,15.5,15,94.1,201.5,0.8,201.5,0.9,1013.8,66.3,4.3
6069,07-08-2022,19,0,0,31.5,14.8,14.5,15.5,15,94.1,196.2,0.2,196.2,0.6,1013.8,-32.7,4.1
6069,07-08-2022,20,0,0,4.6,14.2,12.3,15.6,15.1,94.1,222.5,0.2,222.5,0.2,1014,-62.9,4
6069,07-08-2022,21,0,0,0.8,13.6,12.2,15.5,15.1,94.1,215.2,0.3,215.2,0.2,1014.3,-19.9,3
6069,07-08-2022,22,0,0,0,13.8,13.3,15.5,15.1,94.1,235.6,0.3,235.6,0.3,1014.4,-23.2,1.7
6069,07-08-2022,23,0,0,0,13.8,13.1,15.4,15.1,94.1,227.5,0.4,227.5,0.7,1014.5,-39.2,1
6069,08-08-2022,0,0,0,0.1,13.6,12.9,15.4,15.1,94.1,215.8,0.2,215.8,0.8,1014.5,-39.6,0.6
6069,08-08-2022,1,0,0,0,13.5,13,15.3,15.1,94.1,218.7,0.6,218.7,0.9,1014.6,-36.2,0.2
6069,08-08-2022,2,0,0,0,13.4,12.4,15.3,15.1,94.1,219.4,0.4,219.4,0.7,1014.6,-57.3,-0.2
6069,08-08-2022,3,0,0,0,12.8,11.7,15.2,15.1,94.1,226.4,0.6,226.4,0.8,1014.8,-44,-0.5
6069,08-08-2022,4,0,0,1.1,12.7,12.3,15.1,15.1,94.1,204.5,0.3,204.5,0.8,1015,-20,-1.3
6069,08-08-2022,5,0,0,13.4,13.3,13.1,15.1,15.1,94.1,240.2,0.6,240.2,1.1,1015.4,-10,-1.8
6069,08-08-2022,6,0,0,69.3,13.8,13.8,15,15,94.1,246,0.2,246,1.2,1015.7,29.5,-1.7
6069,08-08-2022,7,0,0,199.1,14.8,15.2,15,15,94.1,257.8,1.4,257.8,1.4,1016.2,97.7,-1.1
6069,08-08-2022,8,0,0,209.8,15.2,15.7,15,15,93.4,305.8,2.3,305.8,2,1016.5,117.7,0.3
6069,08-08-2022,9,0,0,487.1,16,17.5,15,14.9,84.6,309.4,2.3,309.4,2.1,1017,294,2
6069,08-08-2022,10,0,0,637.4,17.3,19.3,15.2,14.9,73.8,301,3.2,301,2.5,1017.3,387,3.9
6069,08-08-2022,11,0,0,556.5,17.9,19.9,15.4,14.9,68.6,295.6,3.2,295.6,2.5,1017.3,336.3,6.5
6069,08-08-2022,12,0,0,510.9,18.2,19.6,15.6,14.9,64.9,300.2,3.8,300.2,2.9,1017.3,300.7,8.8
6069,08-08-2022,13,0,0,708.4,18.6,20.2,15.9,15,60.9,295.4,4.8,295.4,3.6,1017.5,431.3,10.1
6069,08-08-2022,14,0,0,701.1,18.9,20.7,16.1,15,56.9,288,5,288,3.7,1017.4,403,10.9
6069,08-08-2022,15,0,0,608.5,18.6,20.1,16.3,15.1,57.8,303.7,4.7,303.7,3.5,1017.8,336.8,11.7
6069,08-08-2022,16,0,0,434.8,18.2,19.4,16.5,15.2,59.6,296.4,4.3,296.4,3.3,1017.8,199.5,11.7
6069,08-08-2022,17,0,0,157.6,17.1,17.2,16.6,15.3,65.2,301.8,3.9,301.8,2.9,1018,52,11.1
6069,08-08-2022,18,0,0,78,16.7,16.4,16.7,15.4,69,301.4,2.9,301.4,2.2,1017.9,7,9.4
6069,08-08-2022,19,0,0,28.9,16.1,15.8,16.7,15.4,77.5,299,3,299,2.4,1018.3,-22.4,7.6
6069,08-08-2022,20,0,0,2.7,15.4,14.9,16.7,15.5,83.8,284.1,1.6,284.1,1.3,1018.8,-40.5,6
6069,08-08-2022,21,0,0,0,15,14.4,16.6,15.6,85.8,273.3,1.2,273.3,0.9,1019.1,-32,4.6
6069,08-08-2022,22,0,0,0,14.8,14.2,16.5,15.6,86,256.8,0.4,256.8,0.5,1019.2,-27.4,3.6
6069,08-08-2022,23,0,0,0.1,14.7,14.2,16.4,15.6,87.4,227.8,0.4,227.8,0.4,1019.2,-28.2,2.9
6069,09-08-2022,0,0,0,0.1,14.6,14.2,16.3,15.6,89.3,223.2,0.5,223.2,0.8,1019.3,-25.1,2.5
6069,09-08-2022,1,0,0,0.1,14.6,14.2,16.2,15.6,90.6,227.5,0.5,227.5,0.6,1019.3,-25.4,2.2
6069,09-08-2022,2,0.1,0,0,14.2,14,16.2,15.6,93.4,222.3,0.7,222.3,0.9,1019.4,-17.7,2
6069,09-08-2022,3,0,0,0,14,13.9,16.1,15.6,93.8,211.4,0.2,211.4,0.7,1019.5,-15.2,1.8
6069,09-08-2022,4,0.1,0,0.9,14.1,13.9,16.1,15.6,93.8,218.4,0,218.4,0.5,1019.7,-14.7,1.7
6069,09-08-2022,5,0,0,18.4,14.3,14.2,16,15.6,93.8,236.1,0.1,236.1,0.6,1019.9,-1.5,1.6
6069,09-08-2022,6,0,0,45.7,14.7,14.7,16,15.6,93.8,251.1,0.2,251.1,0.8,1020,18.4,1.7
6069,09-08-2022,7,0,0,81.7,15.1,15,15.9,15.6,93.3,261.4,1.5,261.4,1.5,1020.3,40.9,2
6069,09-08-2022,8,0,0,112,15.4,15.5,15.9,15.6,91.6,280.6,1.5,280.6,1.3,1020.8,56.9,2.5
6069,09-08-2022,9,0,0,302,16.3,17.3,16,15.5,87,268.1,1.6,268.1,1.6,1021.1,181.1,3
6069,09-08-2022,10,0,0,378.6,17.4,18.7,16,15.5,77.2,278.9,2.2,278.9,2,1021.5,226.5,4.4
6069,09-08-2022,11,0,0,454.5,18.1,20.1,16.1,15.5,74.3,268.8,2.5,268.8,2,1021.5,277.3,6.4
6069,09-08-2022,12,0,0,436.4,18.9,20.7,16.3,15.5,71,293.5,2.2,293.5,1.8,1021.4,254.1,8.6
6069,09-08-2022,13,0,0,622.9,20,22,16.5,15.6,67.2,286.2,2.4,286.2,2,1021.3,380,10.8
6069,09-08-2022,14,0,0,629.6,20.6,22.6,16.7,15.6,63.2,282.8,3.1,282.8,2.5,1021.2,364.6,13
6069,09-08-2022,15,0,0,593.9,21.1,23.1,17,15.6,60.8,295.9,3,295.9,2.3,1021,320.6,15.1
6069,09-08-2022,16,0,0,429.9,20.9,22.3,17.2,15.7,61,299,3.1,299,2.3,1021,193.4,16.2
6069,09-08-2022,17,0,0,274,20.2,20.6,17.4,15.8,64.1,317.8,3,317.8,2.2,1020.7,80.9,16.2
6069,09-08-2022,18,0,0,178.9,19.9,20,17.6,15.9,65.9,320.6,2.4,320.6,1.9,1020.6,6.1,14.8
6069,09-08-2022,19,0,0,40.4,18.3,17.4,17.6,16,73.2,305.8,2,305.8,1.5,1020.7,-75.5,13
6069,09-08-2022,20,0,0,2.4,16.5,14.8,17.6,16.1,82.7,289.7,1.1,289.7,0.9,1021,-86.9,10.6
6069,09-08-2022,21,0,0,0,15.3,12.2,17.5,16.1,88.9,234.2,0.7,234.2,0.6,1020.9,-81,7.9
6069,09-08-2022,22,0,0,0,14.4,12,17.3,16.2,92.4,306.9,0.7,306.9,0.4,1020.8,-71.8,5.3
6069,09-08-2022,23,0,0,0.3,13.4,10.9,17.2,16.2,93,180.9,0,180.9,0,1020.5,-39.7,3
6069,10-08-2022,0,0,0,0.6,13.1,11.1,17,16.2,93,157.6,0,157.6,0,1020.4,-32.1,1.3
6069,10-08-2022,1,0,0,0.2,12.7,10.8,16.8,16.2,93,157.6,0,157.6,0,1020.4,-29.7,-0.1
6069,10-08-2022,2,0,0,0.9,12.5,10.7,16.6,16.2,93,157.6,0,157.6,0,1020.4,-27.7,-1
6069,10-08-2022,3,0,0,0.3,12.1,9.9,16.5,16.1,93,163.1,0,163.1,0.1,1020.4,-31.6,-1.8
6069,10-08-2022,4,0,0,1.3,11.9,10,16.3,16.1,93,191,0,191,0.4,1020.4,-24.7,-2.6
6069,10-08-2022,5,0,0,28.7,12.1,11.3,16.1,16,94.7,194.7,0.5,194.7,0.8,1020.5,-8.7,-3.3
6069,10-08-2022,6,0,0,70.9,13.4,13.6,16,16,94.7,213.1,1.1,213.1,1,1020.7,36.6,-3.6
6069,10-08-2022,7,0,0,203.3,14.9,15.1,15.9,15.9,94.7,256.6,1.1,256.6,1.3,1021,105.7,-2.9
6069,10-08-2022,8,0,0,280.7,16.3,16.9,15.9,15.9,90.5,271.6,2.1,271.6,1.7,1021.2,123.7,-1.3
6069,10-08-2022,9,0,0,534.7,17.7,19.4,15.9,15.8,81.2,257.1,2.3,257.1,1.9,1021.2,295.8,0.8
6069,10-08-2022,10,0,0,675.7,19.2,22.1,16,15.8,72.2,261,2,261,1.7,1021.2,391.3,3.4
6069,10-08-2022,11,0,0,698.3,20.3,23.2,16.2,15.8,65.5,254.8,1.9,254.8,1.7,1020.8,411.6,7.2
6069,10-08-2022,12,0,0,747.3,21.6,24.9,16.6,15.8,62.2,240.8,1.8,240.8,1.5,1020.4,446.2,11.3
6069,10-08-2022,13,0,0,721.2,22.8,26.1,16.9,15.8,57.4,223.5,1.8,223.5,1.6,1020.1,418.4,15.3
6069,10-08-2022,14,0,0,663.1,23.8,27,17.3,15.8,55.6,238.5,1.7,238.5,1.4,1019.7,363.5,18.8
6069,10-08-2022,15,0,0,562.1,24.1,26.1,17.7,15.9,56.2,273.4,2.4,273.4,2,1019.4,293.9,21.2
6069,10-08-2022,16,0,0,491.1,23.6,24.6,18,16,62.7,298.7,3.4,298.7,2.7,1019.1,239.9,21.9
6069,10-08-2022,17,0,0,323.4,22.7,23.5,18.3,16.2,67.4,310.1,3.5,310.1,2.6,1018.8,106.3,20.7
6069,10-08-2022,18,0,0,179.7,21.6,21.9,18.4,16.3,70.2,303.3,3.1,303.3,2.4,1018.5,1.1,18.6
6069,10-08-2022,19,0,0,57.6,20.5,20,18.4,16.4,73.8,295.4,1.7,295.4,1.5,1018.4,-72.6,16
6069,10-08-2022,20,0,0,1.9,18.8,16.3,18.4,16.5,82,299.2,1,299.2,0.7,1018.5,-86.4,13.2
6069,10-08-2022,21,0,0,0,17.5,15,18.3,16.6,88,309.3,1.3,309.3,1.1,1018.4,-86.2,10.4
6069,10-08-2022,22,0,0,0,16.1,13.2,18.1,16.7,91.5,244.8,0.1,244.8,0.4,1018.3,-78.2,7.7
6069,10-08-2022,23,0,0,0,15.1,11.6,18,16.7,93,293.4,0.2,293.4,0.3,1018,-57.2,5.4
6069,11-08-2022,0,0,0,0.3,14.2,10.9,17.8,16.7,93.4,251.4,0.2,251.4,0.2,1018,-43,3.3
6069,11-08-2022,1,0,0,0.1,13.3,10.2,17.6,16.7,93.8,161.3,0,161.3,0,1017.7,-35,1.6
6069,11-08-2022,2,0,0,0.2,12.7,9.7,17.4,16.7,93.8,168.8,0,168.8,0.1,1017.4,-29.7,0
6069,11-08-2022,3,0,0,0.8,12.3,10,17.2,16.7,93.8,175.7,0,175.7,0.2,1017.4,-29.7,-1.3
6069,11-08-2022,4,0,0,2,12.1,10.1,17,16.7,94.5,256.9,0.1,256.9,0.1,1017.6,-23.9,-2.3
6069,11-08-2022,5,0,0,26.1,12,11.7,16.8,16.6,94.7,326,0,326,0.1,1017.8,2.3,-2.9
6069,11-08-2022,6,0,0,108.3,12.5,13.4,16.7,16.5,94.7,284.3,0,284.3,0.2,1018,57.8,-2.9
6069,11-08-2022,7,0,0,285,13.9,15.2,16.5,16.5,94.7,160,0.8,160,1.5,1018.3,162,-2
6069,11-08-2022,8,0,0,463.1,16.4,18.6,16.5,16.4,92.8,174.3,1,174.3,1.7,1018.4,229.1,-0.4
6069,11-08-2022,9,0,0,576.8,19.5,21.9,16.6,16.3,73.8,227.8,1.7,227.8,1.6,1018.8,303.2,2
6069,11-08-2022,10,0,0,668,21.2,23.7,16.7,16.3,60.7,273.6,1.9,273.6,1.5,1018.8,367.9,5.2
6069,11-08-2022,11,0,0,715.8,22.6,25.6,17,16.3,59.9,249.5,1.9,249.5,1.7,1018.4,404,8.8
6069,11-08-2022,12,0,0,724.7,23.9,26.9,17.3,16.3,55.4,234,2.1,234,1.7,1018,408.9,12.7
6069,11-08-2022,13,0,0,699.8,24.9,27.7,17.7,16.3,52.5,242.2,1.9,242.2,1.6,1017.5,387,16.4
6069,11-08-2022,14,0,0,634.4,25.9,28.4,18,16.4,48,211.6,1.8,211.6,1.6,1017,326.9,19.4
6069,11-08-2022,15,0,0,544.8,26.4,28,18.4,16.5,43.1,256.6,2.3,256.6,1.9,1016.6,252.4,21.4
6069,11-08-2022,16,0,0,447,26.7,27.7,18.7,16.6,40.6,246.8,2.1,246.8,1.7,1016,176.6,21.6
6069,11-08-2022,17,0,0,321,26.6,27.1,18.9,16.7,41.8,256,1.8,256,1.5,1015.6,81.3,20.9
6069,11-08-2022,18,0,0,177.7,24.6,24.3,19,16.8,51,314.5,2.7,314.5,2,1015.6,-16,19.2
6069,11-08-2022,19,0,0,54.1,22.8,21.5,19.1,16.9,58.8,322.4,1.4,322.4,1.1,1015.5,-85.7,16.8
6069,11-08-2022,20,0,0,1.6,20.1,17.2,19,17.1,72.1,219.7,1,219.7,0.6,1015.8,-91.3,14
6069,11-08-2022,21,0,0,0.1,18.3,14.3,18.9,17.1,81.4,251,0.2,251,0.1,1016,-77.8,10.9
6069,11-08-2022,22,0,0,1.3,17.3,13.2,18.7,17.2,85.8,340.3,0.2,340.3,0.2,1016,-72.9,7.8
6069,11-08-2022,23,0,0,0.4,15.8,12.3,18.5,17.3,90.9,337.8,0,337.8,0.1,1015.9,-65.1,5.2
6069,12-08-2022,0,0,0,0.1,14.6,11.7,18.3,17.2,93,337.8,0.1,337.8,0,1015.8,-49.2,3.1
6069,12-08-2022,1,0,0,0.6,14.5,12.1,18.1,17.2,93,214.7,0.2,214.7,0.1,1015.6,-35.8,1.5
6069,12-08-2022,2,0,0,0.5,14.3,11.4,17.9,17.2,93,272.2,0.1,272.2,0.3,1015.4,-32.5,0.1
6069,12-08-2022,3,0,0,0,13.4,10.8,17.7,17.2,93,331.9,0.1,331.9,0.2,1015.4,-30.5,-0.9
6069,12-08-2022,4,0,0,2.6,13.2,10.8,17.5,17.1,93.7,231.7,0.4,231.7,0.4,1015.4,-27.4,-1.7
6069,12-08-2022,5,0,0,30.7,13.1,11.2,17.3,17,94.1,16.9,0.1,16.9,0.1,1015.6,-8.5,-2.4
6069,12-08-2022,6,0,0,148.2,14.4,14,17.1,17,94,254.4,0,254.4,0.2,1016.1,53.5,-2.9
6069,12-08-2022,7,0,0,296.1,16.9,17.7,17,16.9,84.5,120.4,0.5,120.4,0.8,1016.5,100,-2.5
6069,12-08-2022,8,0,0,437.8,19.4,20.9,17,16.9,69.3,110.3,1,110.3,1.1,1016.8,195.4,-0.8
6069,12-08-2022,9,0,0,542.3,21.8,25.5,17,16.8,62.9,117.6,0.8,117.6,0.9,1017,263.9,2.1
6069,12-08-2022,10,0,0,635.2,23.5,27.4,17.2,16.7,56.9,150.6,1,150.6,0.9,1016.9,333.9,6
6069,12-08-2022,11,0,0,685.1,24.9,27.9,17.5,16.7,47.3,142.1,1.7,142.1,1.5,1016.4,370.4,10.6
6069,12-08-2022,12,0,0,717.1,26.1,28.5,17.8,16.7,42.9,156.5,2.3,156.5,2,1015.9,399.3,14.6
6069,12-08-2022,13,0,0,693.8,27,29.4,18.2,16.8,42,176.4,2.4,176.4,2,1015.4,379.9,17.8
6069,12-08-2022,14,0,0,630.3,27.7,30.2,18.6,16.8,40.7,184,1.7,184,1.5,1015,321.3,19.9
6069,12-08-2022,15,0,0,541.5,28.1,29.9,18.9,16.9,39.7,188.4,1.9,188.4,1.5,1014.6,246.3,21.6
6069,12-08-2022,16,0,0,438.3,28,28.7,19.1,17,39.1,173.1,2,173.1,1.9,1014.2,169.3,22.1
6069,12-08-2022,17,0,0,312.9,27.6,27.1,19.3,17.1,39.8,156.3,3,156.3,2.5,1014.1,78.6,21.3
6069,12-08-2022,18,0,0,168.1,26.3,25.2,19.5,17.3,42.7,158.9,3,158.9,2.6,1013.7,-23.6,19.2
6069,12-08-2022,19,0,0,51,24.4,22.1,19.5,17.4,47.9,154,2.1,154,1.6,1013.6,-87.3,16.4
6069,12-08-2022,20,0,0,1.3,22.1,17.7,19.4,17.4,54.7,136.5,0.3,136.5,0.1,1013.8,-92.9,13.5
6069,12-08-2022,21,0,0,0.4,19.9,15.2,19.3,17.5,65.1,158.4,1,158.4,0.3,1013.7,-81.8,10.5
6069,12-08-2022,22,0,0,0.8,18.8,13.9,19.1,17.6,71,101.6,0.1,101.6,0.1,1013.8,-79.9,7.5
6069,12-08-2022,23,0,0,1,16.7,12.3,18.9,17.6,83.2,58,0.1,58,0,1013.8,-71.1,5
6069,13-08-2022,0,0,0,0.7,16.1,11.7,18.7,17.6,85.5,48,0,48,0.1,1013.7,-69.1,3
6069,13-08-2022,1,0,0,0.2,14.6,11,18.4,17.6,91.4,48,0.1,48,0,1013.4,-53.8,1.3
6069,13-08-2022,2,0,0,0.5,13.7,10.6,18.3,17.6,93.5,89.4,0.2,89.4,0,1013.3,-36.4,-0.2
6069,13-08-2022,3,0,0,0.4,13.8,10.4,18,17.5,93.8,141.8,0.5,141.8,0.1,1013.2,-33.4,-1.4
6069,13-08-2022,4,0,0,2.9,14.3,10.7,17.8,17.5,93.8,174.1,0.2,174.1,0,1013,-28.8,-2.4
6069,13-08-2022,5,0,0,48.7,13.5,10.6,17.6,17.4,93.8,174.1,0,174.1,0,1012.8,4,-3.2
6069,13-08-2022,6,0,0,163,15.4,15.1,17.4,17.3,93.8,151.7,0,151.7,0.1,1013.2,59.6,-3.7
6069,13-08-2022,7,0,0,273.9,18.8,19.2,17.3,17.3,87.8,143.8,0.4,143.8,0.9,1013.4,75.8,-3.1
6069,13-08-2022,8,0,0,384.1,21.3,23.5,17.2,17.2,65.6,112.2,0.2,112.2,0.3,1013.7,138.3,-1
6069,13-08-2022,9,0,0,522.6,23.5,26.5,17.3,17.1,54.7,132.5,0.9,132.5,1,1013.8,240.7,2.2
6069,13-08-2022,10,0,0,618.2,25,27.7,17.5,17.1,46,128.7,1.9,128.7,1.8,1013.9,314.8,6.1
6069,13-08-2022,11,0,0,702.9,26.4,29.4,17.7,17,41.7,131.1,2.2,131.1,1.9,1013.7,385.4,10
6069,13-08-2022,12,0,0,707.7,27.5,30,18,17,41.4,141.6,2.6,141.6,2.1,1013.3,394.7,13.5
6069,13-08-2022,13,0,0,695.3,28.2,30.3,18.3,17,39.1,153.4,2.8,153.4,2.2,1012.9,380.3,16.5
6069,13-08-2022,14,0,0,631.8,28.6,30.6,18.6,17.1,38.2,175,2.5,175,2.1,1012.3,323.2,18.4
6069,13-08-2022,15,0,0,536.9,28.8,30.5,18.9,17.2,35.8,170.1,1.8,170.1,1.6,1011.8,245.6,19.7
6069,13-08-2022,16,0,0,434.4,28.8,29.5,19.2,17.3,35.2,154.4,1.8,154.4,1.6,1011.4,163.2,20.2
6069,13-08-2022,17,0,0,299.2,28.5,28.1,19.3,17.3,35.8,144.6,1.6,144.6,1.5,1010.9,59.9,19.7
6069,13-08-2022,18,0,0,153.8,26.9,25.8,19.4,17.5,43.2,138.1,3.2,138.1,2.5,1010.6,-29.5,18.3
6069,13-08-2022,19,0,0,37.4,24.6,22.7,19.5,17.5,52.1,138,2.6,138,1.9,1010.4,-85.7,16
6069,13-08-2022,20,0,0,1.4,22.2,18.9,19.4,17.6,60.1,148.8,1.7,148.8,1.3,1010.4,-91.5,13.2
6069,13-08-2022,21,0,0,0,21,18.8,19.3,17.7,63.8,150.8,3.6,150.8,2.6,1010.4,-93.1,10.4
6069,13-08-2022,22,0,0,0,20.1,17.9,19.2,17.7,64.3,149.2,3,149.2,2,1010.2,-88.7,7.9
6069,13-08-2022,23,0,0,0,19.2,16.6,19,17.8,68,149.9,2.5,149.9,1.5,1010.1,-83.3,5.9
6069,14-08-2022,0,0,0,0,18.4,15.2,18.8,17.8,72.8,146.2,0.5,146.2,0.2,1010,-73.3,4.3
6069,14-08-2022,1,0,0,0.4,17.3,14,18.7,17.8,80.6,122.8,0.3,122.8,0.1,1009.6,-66.7,3
6069,14-08-2022,2,0,0,0.6,16.2,13.6,18.5,17.7,89.3,152.5,1,152.5,0.3,1009.3,-57.5,1.7
6069,14-08-2022,3,0,0,0.4,16.3,13.3,18.3,17.7,89.3,162.7,0.5,162.7,0.2,1009,-62.5,0.6
6069,14-08-2022,4,0,0,1.7,15.8,12.9,18.2,17.7,91.2,155.9,0.8,155.9,0.2,1008.8,-61.1,-0.3
6069,14-08-2022,5,0,0,31.8,15.6,13,18,17.6,92.2,156.5,0.2,156.5,0,1008.6,-40.8,-1.2
6069,14-08-2022,6,0,0,133.7,17.2,16,17.8,17.6,91.9,81.2,0,81.2,0.2,1008.5,-5.6,-1.8
6069,14-08-2022,7,0,0,265.5,19.8,21,17.7,17.5,82.3,115.8,0.3,115.8,0.3,1008.8,70.5,-1.4
6069,14-08-2022,8,0,0,366.6,22.5,23.9,17.7,17.4,62.1,129,0.8,129,1.1,1008.7,168,0.5
6069,14-08-2022,9,0,0,302.6,24.1,24.9,17.8,17.4,56.5,116.3,0.9,116.3,1,1008.6,136.9,3.6
6069,14-08-2022,10,0,0,477,25.8,26.9,17.9,17.3,51.1,124.6,2.2,124.6,1.9,1008.3,264.7,6.8
6069,14-08-2022,11,0,0,582.1,27.1,28.2,18,17.3,41.1,120.4,3.3,120.4,2.6,1008,332.1,9.6
6069,14-08-2022,12,0,0,676.6,27.8,30,18.3,17.3,40.9,131.2,3.6,131.2,3,1007.5,384,11.9
6069,14-08-2022,13,0,0,706.6,28.1,29.9,18.5,17.3,41.4,142.6,4,142.6,3.3,1007,405.1,14
6069,14-08-2022,14,0,0,686.4,28.4,30.1,18.7,17.3,39.4,140.4,4.8,140.4,3.9,1006.4,379.1,15.5
6069,14-08-2022,15,0,0,474.2,27.7,28.5,18.9,17.4,40.5,128.5,4.9,128.5,3.9,1005.7,221.2,16.3
6069,14-08-2022,16,0,0,469.7,27.5,28,19.1,17.5,37.6,122,4.4,122,3.3,1005.2,205.4,15.8
6069,14-08-2022,17,0,0,338.1,27.1,27.2,19.2,17.5,40.8,135.8,4.6,135.8,3.7,1004.8,120,14.5
6069,14-08-2022,18,0,0,129.1,25.3,24.3,19.2,17.6,46.7,125.9,2.8,125.9,2.3,1004.4,-25.9,13.4
6069,14-08-2022,19,0,0,33.8,23.5,21.7,19.2,17.7,55.8,93.8,1.6,93.8,1.1,1004.1,-67.7,11.7
6069,14-08-2022,20,0,0,0.7,21.1,19.4,19.1,17.7,70.6,85.3,2,85.3,1,1003.9,-87.3,9.9
6069,14-08-2022,21,0,0,0,19.7,18.4,19.1,17.7,79.8,91.6,2.8,91.6,1.6,1003.7,-59.2,8
6069,14-08-2022,22,0,0,0,19.4,18.5,18.9,17.8,81.6,87.8,2.8,87.8,1.5,1003.5,-53.2,6.3
6069,14-08-2022,23,0,0,0,18.6,17.3,18.8,17.8,83.4,90.6,2.3,90.6,1.1,1003,-77.4,5.2
6069,15-08-2022,0,0,0,0,17.8,16.6,18.7,17.8,89.8,100.7,3.1,100.7,1.7,1002.5,-69.7,4.2
6069,15-08-2022,1,0,0,0,18.1,17.1,18.5,17.8,92.1,100.9,3.1,100.9,1.9,1002,-82.4,3.2
6069,15-08-2022,2,0,0,0,17.1,15.9,18.4,17.7,93.8,89.3,2.5,89.3,1.4,1001.6,-93.8,2.7
6069,15-08-2022,3,0,0,0,16.2,14.9,18.3,17.7,93.7,97.8,2.3,97.8,1,1001.2,-89.5,2.1
6069,15-08-2022,4,0,0,0.4,15.8,14.4,18.2,17.7,93.6,80,1.9,80,1.1,1000.6,-86.1,1.3
6069,15-08-2022,5,0,0,31.9,15.6,14.1,18.1,17.7,93.6,91.1,1.8,91.1,0.9,1000.2,-71.1,0.6
6069,15-08-2022,6,0,0,131.7,17.2,16.3,17.9,17.6,93.4,109.5,2.2,109.5,1.6,1000.3,-19.4,-0.1
6069,15-08-2022,7,0,0,285.1,18.9,19.5,17.8,17.6,90.8,118.8,2.9,118.8,2.3,1000.1,84.4,-0.1
6069,15-08-2022,8,0,0,419.4,20.9,22.7,17.7,17.5,86.7,105.6,3,105.6,2.2,1000.4,189.5,1.1
6069,15-08-2022,9,0,0,539.6,22.7,25.4,17.8,17.4,80.6,92,3.1,92,2.2,1000.5,281.4,3.3
6069,15-08-2022,10,0,0,637.1,24.7,27.4,17.9,17.4,72.2,107.4,4,107.4,2.9,1000,358.6,6.2
6069,15-08-2022,11,0,0,702,26.4,29,18.1,17.4,63.6,118.2,4.1,118.2,3.2,999.5,412.3,9.4
6069,15-08-2022,12,0,0,651.8,27,29.3,18.3,17.4,61,122.6,4.4,122.6,3.4,999.1,385.3,12.4
6069,15-08-2022,13,0,0,437.5,27.1,28.1,18.6,17.4,57.8,135.4,5,135.4,4,999,242.5,14.8
6069,15-08-2022,14,0,0,381.2,26.9,27.4,18.8,17.4,59.7,137.2,5.1,137.2,4.1,998.8,202.3,15.4
6069,15-08-2022,15,0,0,488.7,27.5,28.5,19,17.5,60,145.1,4.8,145.1,3.9,998.5,252.6,15
6069,15-08-2022,16,0,0,265.5,27,27.2,19.1,17.5,61.5,146.1,4.8,146.1,3.7,998.2,88.8,15
6069,15-08-2022,17,0,0,130.7,25.9,25.2,19.2,17.6,65.5,132.6,3.1,132.6,2.5,998,-3.6,14.6
6069,15-08-2022,18,0,0,75.6,25.2,24.1,19.3,17.7,69.6,128,2.4,128,2,998.3,-38.4,13.3
6069,15-08-2022,19,0,0,39.5,24.7,23.3,19.3,17.7,73.8,121.3,2.2,121.3,1.6,998.8,-53,12
6069,15-08-2022,20,0,0,0.6,23.1,21,19.3,17.8,80.6,101,1.8,101,1,998.9,-85.4,10.7
6069,15-08-2022,21,0,0,0,21.7,19.5,19.2,17.8,86.9,89.5,1.8,89.5,0.8,998.7,-82.8,9.2
6069,15-08-2022,22,0,0,0,21,19,19.1,17.9,88.6,109.3,2,109.3,1.2,998.8,-79.4,7.7
6069,15-08-2022,23,0,0,0,19.9,17.3,19,17.8,90.9,91.2,0.4,91.2,0.2,998.7,-68.3,6.4
6069,16-08-2022,0,0,0,0.2,19.1,16.8,18.9,17.9,93.3,77.2,0.6,77.2,0.2,998.5,-64.1,5
6069,16-08-2022,1,0.2,0,0.6,19.5,18.3,18.8,17.9,94.2,109.8,2.2,109.8,1.4,998.2,-39,3.7
6069,16-08-2022,2,0.4,0,0,19.4,18.7,18.6,17.9,94.2,112.5,2.4,112.5,1.7,998,-26,3.2
6069,16-08-2022,3,1.9,0,0.1,18.9,18.5,18.5,17.8,94.2,71.4,1.9,71.4,1.3,997.8,-21.8,3.3
6069,16-08-2022,4,0.2,0,0,18.5,17.8,18.5,17.8,94.2,111.9,0.7,111.9,0.3,997.6,-22.1,3.6
6069,16-08-2022,5,0.7,0,3.8,18.5,18,18.4,17.8,94.2,102.2,1.2,102.2,0.8,997.6,-17.8,3.7
6069,16-08-2022,6,3.6,0,30.2,18.9,18.6,18.4,17.7,94.2,112.9,1.7,112.9,1.2,997.6,1.7,3.8
6069,16-08-2022,7,0,0,254.3,20,20.6,18.3,17.7,94.2,186.7,1,186.7,0.8,997.7,148.3,4.4
6069,16-08-2022,8,0,0,176.2,20.6,20.9,18.4,17.7,94.2,148.3,1.6,148.3,1.3,997.8,93.6,5.9
6069,16-08-2022,9,0.2,0,186.1,20.9,21.3,18.5,17.7,94.2,142,1.5,142,1.2,997.9,104.7,8.2
6069,16-08-2022,10,0,0,187.9,21.4,21.7,18.6,17.7,94.1,156.8,1.5,156.8,1.3,998,117.6,9.8
6069,16-08-2022,11,0.3,0,392.6,21.8,22.5,18.7,17.7,92.3,171,1.9,171,1.6,998.3,273.2,11.3
6069,16-08-2022,12,0,0,446.2,23.1,24.4,18.9,17.7,86,185.7,2.1,185.7,1.7,998.3,263.1,12.7
6069,16-08-2022,13,0,0,316.7,23.6,24.7,19.1,17.7,82.2,185.4,2.3,185.4,1.9,998.1,164.5,15.3
6069,16-08-2022,14,7.7,0,179.8,20.8,20.8,19.5,17.8,92,235.1,2.4,235.1,1.9,998.4,106.4,19.5
6069,16-08-2022,15,0,0,405.8,22,22.3,19.6,17.9,88.3,132.8,0.9,132.8,0.8,998.9,231.5,17.7
6069,16-08-2022,16,0,0,473.3,24,25.3,19.7,18,78.5,156.2,1,156.2,0.9,999.2,237.9,17.4
6069,16-08-2022,17,0,0,282.9,24.6,24.6,19.8,18,65,266.3,3.5,266.3,2.5,999.5,88,19.2
6069,16-08-2022,18,0,0,135.8,23.3,22.9,20,18.1,66.8,268.5,3.1,268.5,2.3,1000,-19.5,19.3
6069,16-08-2022,19,0,0,31.5,21.9,20.9,20.1,18.2,72.8,262.5,1.3,262.5,1,1000.4,-79.3,17.1
6069,16-08-2022,20,0,0,0.2,20.1,18.5,20.1,18.3,84.7,249.3,1.5,249.3,1,1000.9,-86.5,14.4
6069,16-08-2022,21,0,0,0,19,17.7,20,18.4,91.5,228,1.6,228,1,1001.4,-83.2,11.6
6069,16-08-2022,22,0,0,0,18.3,17,19.9,18.4,93.1,218.6,1.6,218.6,1,1001.8,-81.8,9.3
6069,16-08-2022,23,0,0,0,17.7,16.6,19.7,18.4,93.1,237.1,1.6,237.1,0.9,1002,-62.6,7.4
